???????? SRCFILE                    ???????? x                          
???????? y                          0000500D _ZERO                      
00005040 _MAIN                      0000500F _ONES                      
0000502D _TITLE                     00005014 CLRSCR                     
0000033E _screen                    0000501A FILLZERO                   
0000501B MEMSET                     000002F0 STACK                      
00005059 _MAIN4                     00000104 _rand                      
00006CB8 _set_isr                   0000506F _pal1                      
00005076 _pal2                      0000508D _pal3                      
00005080 _pal2_lp                   0000508A _pal2_cnt                  
000050A9 _ecs1                      00000103 _ntsc                      
00006CBF _int_vector                00006C1E _wait                      
00006DBF _init_music                00000109 _mode_select               
00006C1E IV_INIT_and_wait           00005A78 label_BOOT_START           
000050C7 label_READ_INPUT           00000136 var_INP_NEW                
00000139 var_INP_SEEN               000050DC T1                         
0000013A var_INP_SETTLE             000050EE T2                         
000050EE T3                         000050EE T4                         
00000137 var_INP_RAW                00000138 var_INP_ROW                
00000130 var_INP_DIR                0000012D var_INP_BTN                
00000131 var_INP_ISKEY              00005106 T5                         
00005110 T6                         0000511A T7                         
00005129 T8                         0000010E _cnt1_key                  
00000132 var_INP_KEY                00000133 var_INP_KEY_HIT            
00000134 var_INP_KEY_PREV           0000513B T9                         
0000012E var_INP_BTN_HIT            0000012F var_INP_BTN_PREV           
00005148 T10                        00005149 label_FN_WAIT_MAILBOX      
0000030D var_&FN_T                  0000514D T11                        
00005158 T13                        00005163 T14                        
0000516D T15                        0000517A T12                        
00005185 T16                        00000125 var_FN_OK                  
00005189 T17                        0000518A label_FN_TRANSACT          
0000013D var_MB_DEV                 0000013C var_MB_CMD                 
0000013F var_MB_NPARAM              0000030E var_&FN_TXLEN              
00000140 var_MB_SEQ                 000051B4 T18                        
000051BB T19                        000051C6 T21                        
000051CF T22                        000051DC T20                        
000051E8 T23                        0000013E var_MB_ERR                 
000051F8 T24                        000051FD label_FN_PARAM             
00000150 var_PM_SIZE                0000014F var_PM_I                   
00000313 var_&PM_VAL                00005220 T25                        
00005221 label_FN_PUTSTR            00000123 var_FN_I                   
00005225 T26                        0000030C var_&FN_SRC                
00000124 var_FN_LEN                 00005245 label_FN_STRLEN            
00005249 T27                        0000013B var_LS_MAX                 
00005252 T29                        0000525E T30                        
00005268 T28                        00005269 label_NET_OPEN             
00005294 label_NET_STATUS           000052E2 T31                        
00000310 var_&NET_AVAIL             00000149 var_NET_ERR                
000052E0 T32                        000052E5 T33                        
000052E6 label_NET_READ             00000312 var_&NET_READLEN           
0000531C T34                        00000311 var_&NET_GOTLEN            
0000531F T35                        00005320 label_NET_CLOSE            
00005332 label_API_CALL             0000533C T36                        
00000308 var_&AC_PREV               00000112 var_AC_I                   
00005341 T37                        0000534D T38                        
00005356 T40                        0000535F T41                        
0000536F T42                        00005377 T43                        
0000537E label_APPKEY_OPEN          00000115 var_AK_CREATOR_LO          
00000114 var_AK_CREATOR_HI          00000113 var_AK_APP                 
00000116 var_AK_KEY                 00000117 var_AK_MODE                
000053A9 label_APPKEY_READ          000053FC T44                        
000053DA T45                        000053DD T46                        
000053FF T47                        00005400 label_APPKEY_WRITE         
0000540E T48                        0000542D label_APPKEY_CLOSE         
0000543F label_GFX_INIT             00000105 _gram_target               
00000106 _gram_total                000054B5 label_CARDTOP              
0000033C _gram_bitmap               000054ED label_CARDBOT              
0000545E label_PRINT_CARD           00000309 var_&COL                   
0000547F label_FOREGROUND_COLOR     00000119 var_CARD                   
00000200 Q2                         0000014E var_P                      
00000164 var_SUIT                   000054AF T49                        
00005492 T51                        0000549B T52                        
000054A9 T50                        000054AD T53                        
000054B4 T54                        00005509 label_PLAY_TONE            
00000317 var_&SND_VAL               00000159 var_SND_I                  
00005519 T55                        00000158 var_SND_GATE               
00005532 T56                        0000015A var_SND_POST               
0000553F label_SOUND_JOIN           0000556C label_SOUND_MYTURN         
0000558C label_SOUND_GAMEDONE       000055C6 label_SOUND_DEAL           
000055D7 label_SOUND_PLAYER_JOIN    00005615 label_SOUND_PLAYER_LEFT    
00005653 label_SOUND_SELECT         00005672 label_SOUND_CURSOR         
00005682 label_SOUND_CHIP           00005691 label_SEAT_NAME_OFF        
00005699 label_SEATMAP              000056D1 label_LIT_N_COLON          
000056D3 label_LIT_HTTPS            000056EF label_LIT_TABLES           
000056F5 label_LIT_STATE            000056FA label_LIT_MOVE             
000056FF label_LIT_LEAVE            00005704 label_LIT_QBIN             
0000570A label_LIT_ABIN             00005710 label_LIT_QTABLE           
00005717 label_LIT_APLAYER          0000571F label_STREET_NAMES         
0000574F label_FILL_BG              00000128 var_GS_I                   
00005753 T57                        00005764 label_DRAW_FIELD           
00000121 var_DF_STOP                0000011E var_DF_I                   
0000576A T58                        0000030B var_&DF_SRC                
0000011D var_DF_C                   0000577A T59                        
00005785 T60                        000057A0 T61                        
0000578E T63                        00005797 T64                        
000057A0 T62                        000057A9 T66                        
000057B2 T67                        000057BC T65                        
00000120 var_DF_POS                 0000030A var_&DF_COLOR              
0000011F var_DF_LEN                 000057D9 label_COMPOSE_URL          
0000012A var_GS_PATH                00005813 T68                        
00005899 T69                        00005826 T70                        
0000585C T71                        00005851 T72                        
00000141 var_MVCODE_A               00000142 var_MVCODE_B               
0000589A label_SPLIT_ROOM_URL       0000015C var_SP_FOUND               
0000015D var_SP_I                   000058A5 T73                        
000058C2 T74                        000058BB T75                        
000058C9 T76                        00000161 var_SP_OK                  
00005931 T77                        000058EB T78                        
000058F9 T79                        00005907 T80                        
00005915 T81                        00005923 T82                        
00005931 T83                        00005937 T84                        
0000015E var_SP_J                   0000015F var_SP_K                   
00005940 T85                        00005949 T87                        
00005952 T88                        00005986 T86                        
0000015B var_SP_C                   00005964 T90                        
0000596D T91                        00000162 var_SP_VALID               
00000160 var_SP_M                   00005993 T92                        
000059A3 T94                        000059AC T95                        
000059B9 T96                        000059C2 T97                        
000059D0 T98                        000059D9 T99                        
000059E3 T93                        000059F5 T100                       
000059F6 label_WRITE_ROOM_APPKEY    00005A4A T101                       
00005A4B label_CLEAR_ROOM_APPKEY    00005A74 T102                       
0000033F _color                     00005BD1 T103                       
00006BED label_HALT                 00000118 var_AK_TRY                 
00005BD6 T104                       00005BF7 T106                       
00005C76 T107                       00005C76 T108                       
00000129 var_GS_J                   00005C17 T109                       
00000127 var_GS_CHAR                00005C27 T111                       
00005C30 T112                       00005C39 T110                       
00005C42 T114                       00005C4B T115                       
00005C58 T116                       00005C61 T117                       
00005C6B T113                       00005C7E T118                       
0000699C label_NAME_ENTRY_SCREEN    00005C81 T119                       
00005C9E T120                       00005CC1 T122                       
00005CFA T123                       00005CDF T124                       
00005CFA T125                       00005CE2 T126                       
00005FC5 label_TABLE_JOINED         00005D00 label_TABLE_SELECT         
00005D91 T128                       00000319 var_&TMP_EXPECT            
00005D91 T129                       00005E27 T130                       
00000151 var_POLL_WAIT              00005E17 T131                       
00005E25 T132                       00000165 var_TBL_COUNT              
00005E35 T133                       00005E93 T134                       
00005E83 T135                       00005E91 T136                       
00005ED2 T137                       00000318 var_&TMP_ADDR              
00000166 var_TBL_SEL                00000135 var_INP_LOCK               
00005F21 label_TBL_INPUT            00005F2A T138                       
0000030F var_&GS_C                  00005F38 T139                       
00005F5D T140                       00005F7A T141                       
00005F71 T142                       00005F97 T143                       
00005F89 T144                       00005FAD T146                       
0000012B var_HAS_MOVE               00000126 var_FORCE_REDRAW           
00000154 var_PREV_ROUND             00000153 var_PREV_PLAYERCOUNT       
00000314 var_&PREV_POT              00000315 var_&PREV_PURSE            
00000316 var_&PREV_RESULT_HASH      00000122 var_FIRST_POLL             
00000152 var_PREV_COMMUNITY         00005FE8 T147                       
00000176 array_PREV_BET             0000017E array_PREV_CARDS           
00005FFC label_GAME_LOOP            0000600D T148                       
0000615E label_INPUT_CHECK          00006018 T149                       
0000601C T150                       00006032 T152                       
0000603B T153                       0000605D T151                       
00006049 T155                       00006054 T156                       
0000605D T154                       00006066 T158                       
0000606F T159                       00006088 T157                       
00006088 T160                       00006090 T162                       
00006099 T163                       000060A5 T161                       
0000617C label_RENDER_GAME          0000031A var_&TMP_HASH              
000060AD T164                       000060CF T165                       
0000611C T166                       000060D8 T168                       
000060E1 T169                       0000611C T167                       
000060EC T170                       0000612B T172                       
00006139 T174                       00006132 T173                       
00006135 T175                       0000613C T176                       
00006147 T177                       00006150 T178                       
0000615E T171                       000066CD label_MOVE_UI              
0000615E T179                       00006167 T180                       
00006840 label_INGAME_MENU          00006170 T181                       
000064BF label_SHOW_PURSES          00000168 var_WANT_LEAVE             
0000617A T182                       00000155 var_ROUND                  
00000167 var_TMP_PC                 0000618E T184                       
00006197 T185                       000061F3 T183                       
00000163 var_STREET_REDRAW          000061F3 T186                       
000061E1 T187                       0000620B T188                       
00006202 T189                       0000620B T190                       
00006214 T191                       0000621E T192                       
00006246 T193                       0000031B var_&TMP_NUM               
00006287 T194                       0000625F T196                       
00006268 T197                       0000626E T195                       
00006DCE PRNUM16.b                  000062B2 T198                       
0000011C var_DEAL_COUNT             00000147 var_MV_SEL                 
000062B7 T199                       000062C9 T200                       
000062EF T201                       000062DA T202                       
000062F2 T203                       0000630B T204                       
0000011A var_CONV_IN                0000654D label_CARD_FROM_ASCII      
0000011B var_CONV_OUT               000065EE label_SUIT_FROM_ASCII      
0000634B T205                       00006355 T206                       
00006358 T207                       00000157 var_SEL_SEAT               
000064B0 T208                       00000156 var_SEL_I                  
0000637F T210                       0000638D T212                       
00006386 T211                       00006389 T213                       
00006390 T214                       0000639F T209                       
000063D7 T215                       000063FE T216                       
00006DD1 PRNUM16.z                  00006403 T217                       
00006418 T218                       00006454 T219                       
0000642C T220                       00006457 T221                       
0000647A T222                       00006623 label_DRAW_STATUS          
000064CF T223                       000064D9 T224                       
000064DC T225                       00006531 T226                       
0000651A T227                       0000653C label_SP_WAIT              
0000655A T229                       000065ED T230                       
00006566 T231                       00006572 T232                       
0000657E T233                       0000658A T234                       
00006596 T235                       000065A2 T236                       
000065AE T237                       000065BA T238                       
000065C6 T239                       000065D2 T240                       
000065DE T241                       000065EA T242                       
000065FB T243                       00006622 T244                       
00006607 T245                       00006613 T246                       
0000661F T247                       0000662F T249                       
0000663D T251                       00006636 T250                       
00006639 T252                       00006640 T253                       
000066B9 T248                       00006672 T254                       
00006680 T256                       00006679 T255                       
0000667C T257                       00006683 T258                       
000066A7 T259                       000066CC T260                       
00000143 var_MV_COUNT               000066DC T261                       
000066E2 T262                       000066EF T263                       
000066F6 T264                       00000148 var_MV_TIMELEFT            
00000144 var_MV_FRAMECOUNT          00006734 T265                       
00006730 T266                       00000145 var_MV_GAP                 
00006740 T267                       00000146 var_MV_LEN                 
0000674F T268                       00006752 label_MU_LOOP              
00006757 T269                       00000169 array_MV_COL               
0000676C T270                       000067D4 T271                       
000067BA T272                       00006828 label_MU_CONFIRM           
000067DF T274                       000067FC T275                       
000067F3 T276                       00006819 T277                       
0000680B T278                       00006820 T279                       
0000012C var_IM_SEL                 00006846 label_IM_LOOP              
000068EE T281                       0000691C T282                       
00006959 T283                       0000696E T284                       
00006997 label_IM_DONE              00006997 T287                       
0000014B var_NE_I                   000069E1 T288                       
0000016E array_NE_BUF               0000014A var_NE_CUR                 
000069F6 label_NE_LOOP              000069F9 T289                       
00006A07 T290                       0000014C var_NE_J                   
00006A1A T291                       00006A2A T292                       
00006A26 T293                       00006A51 T294                       
00006A6E T295                       00006A65 T296                       
00006A8B T297                       00006A7D T298                       
00006AA8 T299                       00006A9F T300                       
00006AC9 T301                       00006AB9 T302                       
0000014D var_NE_LEN                 00006AD5 T304                       
00006ADE T306                       00006AEA T307                       
00006AF4 T305                       00006AFC T309                       
00006B0F T310                       00006B15 T311                       
00006BEC T312                       00006BE9 T313                       
00006BDB T314                       00006BE9 T315                       
00000001 intybasic_keypad           00000001 intybasic_numbers          
00006BF2 stuck                      00006BF4 CPYBLK2                    
00006BFC CPYBLK2.1                  00006BFE CPYBLK2.2                  
00006C0C CPYBLK                     00006C0F CPYBLK.1                   
00006C10 CPYBLK.2                   0000010C _cnt1_p0                   
00006C5B _wait.2                    0000010D _cnt1_p1                   
00006CAC _keypad_table              00006C57 _wait.4                    
0000010F _cnt2_p0                   00006C9E _wait.5                    
00000110 _cnt2_p1                   00006C9A _wait.7                    
00000111 _cnt2_key                  00000102 _int                       
00006CA7 _wait.1                    00000100 ISRVEC                     
???????? intybasic_stack            ???????? _int_vector.vs             
???????? _int_vector.vs1            ???????? _int_vector.vs2            
00006CCA _int_vector.ds             00006CD2 _int_vector.vi14           
00006CEB _int_vector.vi0            00006CE5 _int_vector.vi15           
0000010A _border_color              0000010B _border_mask               
00000340 _col0                      ???????? intybasic_scroll           
???????? _scroll_x                  ???????? _scroll_y                  
???????? intybasic_music            ???????? _int_vector.vo97           
???????? _music_frame               ???????? _int_vector.vo14           
???????? _int_vector.vo15           ???????? _emit_sound                
???????? intybasic_music_ecs        ???????? _emit_sound_ecs            
00006D66 _int_vector.vi1            00006D51 _int_vector.vi3            
0000033D _gram2_bitmap              00006D89 _int_vector.vii1           
00000107 _gram2_target              00000108 _gram2_total               
00006D74 _int_vector.vii3           ???????? _scroll_d                  
???????? _int_vector.vi4            ???????? _int_vector.vi5            
???????? _int_vector.vi6            ???????? _int_vector.vi7            
???????? _int_vector.vi8            ???????? _int_vector.vi12           
???????? _int_vector.vi11           00000323 _scroll_buffer             
???????? _int_vector.vi10           ???????? _int_vector.vi13           
???????? _int_vector.vi9            ???????? intybasic_voice            
???????? IV_ISR                     00006D92 _next_random               
???????? _int_vector.vo98           ???????? _int_vector.vo16           
???????? _generate_music            0000033A _frame                     
???????? ntsc_note_table            ???????? pal_note_table             
???????? _init_music.0              00000338 _music_table               
???????? _music_mix                 ???????? _music2_mix                
???????? _play_music                ???????? @@1                        
00000339 _music_p                   ???????? _music_start               
???????? _music_t                   ???????? _music_tc                  
???????? _music_vol1                ???????? _music_vol2                
???????? _music_vol3                ???????? _music2_vol1               
???????? _music2_vol2               ???????? _music2_vol3               
???????? @@6                        ???????? @@15                       
???????? @@43                       ???????? @@41                       
???????? @@42                       ???????? intybasic_music_volume     
???????? @@40                       ???????? @@39                       
???????? @@38                       ???????? @@37                       
???????? @@36                       ???????? _music_vol                 
00000337 _music_gosub               ???????? @@0                        
???????? _music_n1                  ???????? _music_s1                  
???????? _music_i1                  ???????? @@2                        
???????? _music_n2                  ???????? _music_s2                  
???????? _music_i2                  ???????? @@3                        
???????? _music_n3                  ???????? _music_s3                  
???????? _music_i3                  ???????? _music_n4                  
???????? _music_s4                  ???????? @@33                       
???????? _music_n5                  ???????? _music_s5                  
???????? _music_i5                  ???????? @@34                       
???????? _music_n6                  ???????? _music_s6                  
???????? _music_i6                  ???????? @@35                       
???????? _music_n7                  ???????? _music_s7                  
???????? _music_i7                  ???????? _music_n8                  
???????? _music_s8                  ???????? @@7                        
???????? _note2freq                 ???????? _music_freq10              
???????? _music_freq11              ???????? @@20                       
???????? @@8                        ???????? _music_freq20              
???????? _music_freq21              ???????? @@21                       
???????? @@9                        ???????? _music_freq30              
???????? _music_freq31              ???????? @@22                       
???????? @@4                        ???????? @@5                        
???????? @@12                       ???????? @@10                       
???????? _music_noise               ???????? _activate_drum             
???????? @@11                       ???????? @@23                       
???????? _music2_freq10             ???????? _music2_freq11             
???????? @@24                       ???????? @@25                       
???????? _music2_freq20             ???????? _music2_freq21             
???????? @@26                       ???????? @@27                       
???????? _music2_freq30             ???????? _music2_freq31             
???????? @@28                       ???????? @@29                       
???????? @@31                       ???????? @@32                       
???????? _music2_noise              ???????? _activate_drum_ecs         
???????? @@30                       ???????? _piano_instrument          
???????? _clarinet_instrument       ???????? _flute_instrument          
???????? _bass_instrument           ???????? _bass_volume               
???????? _global_volume             ???????? _piano_volume              
???????? _clarinet_vibrato          ???????? _clarinet_volume           
???????? _flute_vibrato             ???????? _flute_volume              
???????? @@table                    ???????? _music_mode                
???????? _emit_sound.0              00006DC0 _PW10                      
00006DC6 PRNUM16                    00006DC6 PRNUM16.l                  
00006DC7 PRNUM16.l1                 00006DD3 PRNUM16.z2                 
00006DCF PRNUM16.b1                 00006DD2 PRNUM16.z1                 
00006DE4 PRNUM16.lblnk              00006DE1 PRNUM16.llp                
00006DEE PRNUM16.ldone              00006DEF PRNUM16.digit              
00006DF8 PRNUM16.dig1               00006E06 PRNUM16.done               
00006DF8 PRNUM16.nxdig              00006DF9 PRNUM16.cont               
00006DFB PRNUM16.spcl               00006DFB PRNUM16.div                
???????? _AA                        ???????? _AA.end                    
???????? _AE1                       ???????? _AE1.end                   
???????? _AO                        ???????? _AO.end                    
???????? _AR                        ???????? _AR.end                    
???????? _AW                        ???????? _AW.end                    
???????? _AX                        ???????? _AX.end                    
???????? _AY                        ???????? _AY.end                    
???????? _BB1                       ???????? _BB1.end                   
???????? _BB2                       ???????? _BB2.end                   
???????? _CH                        ???????? _CH.end                    
???????? _DD1                       ???????? _DD1.end                   
???????? _DD2                       ???????? _DD2.end                   
???????? _DH1                       ???????? _DH1.end                   
???????? _DH2                       ???????? _DH2.end                   
???????? _EH                        ???????? _EH.end                    
???????? _EL                        ???????? _EL.end                    
???????? _ER1                       ???????? _ER1.end                   
???????? _ER2                       ???????? _ER2.end                   
???????? _EY                        ???????? _EY.end                    
???????? _FF                        ???????? _FF.end                    
???????? _GG1                       ???????? _GG1.end                   
???????? _GG2                       ???????? _GG2.end                   
???????? _GG3                       ???????? _GG3.end                   
???????? _HH1                       ???????? _HH1.end                   
???????? _HH2                       ???????? _HH2.end                   
???????? _IH                        ???????? _IH.end                    
???????? _IY                        ???????? _IY.end                    
???????? _JH                        ???????? _JH.end                    
???????? _KK1                       ???????? _KK1.end                   
???????? _KK2                       ???????? _KK2.end                   
???????? _KK3                       ???????? _KK3.end                   
???????? _LL                        ???????? _LL.end                    
???????? _MM                        ???????? _MM.end                    
???????? _NG1                       ???????? _NG1.end                   
???????? _NN1                       ???????? _NN1.end                   
???????? _NN2                       ???????? _NN2.end                   
???????? _OR2                       ???????? _OR2.end                   
???????? _OW                        ???????? _OW.end                    
???????? _OY                        ???????? _OY.end                    
???????? _PA1                       ???????? _PA1.end                   
???????? _PA2                       ???????? _PA2.end                   
???????? _PA3                       ???????? _PA3.end                   
???????? _PA4                       ???????? _PA4.end                   
???????? _PA5                       ???????? _PA5.end                   
???????? _PP                        ???????? _PP.end                    
???????? _RR1                       ???????? _RR1.end                   
???????? _RR2                       ???????? _RR2.end                   
???????? _SH                        ???????? _SH.end                    
???????? _SS                        ???????? _SS.end                    
???????? _TH                        ???????? _TH.end                    
???????? _TT1                       ???????? _TT1.end                   
???????? _TT2                       ???????? _TT2.end                   
???????? _UH                        ???????? _UH.end                    
???????? _UW1                       ???????? _UW1.end                   
???????? _UW2                       ???????? _UW2.end                   
???????? _VV                        ???????? _VV.end                    
???????? _WH                        ???????? _WH.end                    
???????? _WW                        ???????? _WW.end                    
???????? _XR2                       ???????? _XR2.end                   
???????? _YR                        ???????? _YR.end                    
???????? _YY1                       ???????? _YY1.end                   
???????? _YY2                       ???????? _YY2.end                   
???????? _ZH                        ???????? _ZH.end                    
???????? _ZZ                        ???????? _ZZ.end                    
???????? IV_INIT                    ???????? @@no_ivoice                
???????? IV.FPTR                    ???????? IV.PPTR                    
???????? IV.QH                      ???????? IV.QT                      
???????? @@ok                       ???????? @@ald_busy                 
???????? @@leave                    ???????? @@no_fifodata              
???????? @@fifo_fill                ???????? @@fifo_busy                
???????? IV.FLEN                    ???????? @@last_fifo                
???????? @@no_fifo_ald              ???????? @@next_phrase              
???????? @@process_phrase           ???????? IV.Q                       
???????? @@play_resrom_r4           ???????? @@new_phrase               
???????? @@play_fifo                ???????? @@play_resrom_r0           
???????? @@new_fifo_ok              ???????? @@qtok                     
???????? IV_PLAY                    ???????? IV_PLAYW                   
???????? IV_PLAY.leave              ???????? IV_PLAY.2                  
???????? IV_HUSH                    ???????? IV_WAIT.leave              
???????? IV_WAIT                    ???????? @@q_loop                   
???????? @@s_loop                   ???????? IV_SAYNUM16                
???????? @@zero                     ???????? @@thloop                   
???????? @@no_thousand              ???????? IV_SAYNUM16.recurse        
???????? @@no_hundred               ???????? @@hloop                    
???????? IV_PLAYW.1                 ???????? @@notrecurse               
???????? @@recurse                  ???????? @@teens                    
???????? @@tyloop                   ???????? intybasic_flash            
???????? JF.first                   ???????? JF.last                    
???????? JF.addr                    ???????? JF.row                     
???????? JF.wrcmd                   ???????? JF.rdcmd                   
???????? JF.ercmd                   ???????? JF.wrkey                   
???????? JF.rdkey                   ???????? JF.erkey                   
???????? JF.write                   ???????? JF.read                    
???????? JF.erase                   ???????? JF.INIT                    
???????? @@__code                   ???????? JF.SYSRAM                  
???????? JF.CMD                     ???????? JF.SV.R4                   
???????? JF.SV.R0                   ???????? JF.SV.R5                   
???????? JF.SV.ISR                  ???????? intybasic_fastmult         
???????? QSQR8_TBL                  ???????? @@mid                      
???????? qs_mpy8                    ???????? QSQR8_TBL.mid              
???????? qs_mpy16                   ???????? @@pos_ll                   
???????? @@pos_lh                   ???????? @@pos_hl                   
???????? intybasic_fastdiv          ???????? uf_udiv16                  
???????? @@13                       ???????? @@14                       
???????? @@16                       ???????? intybasic_ecs              
0000033B _read                      00000341 _col1                      
00000342 _col2                      00000343 _col3                      
00000344 _col4                      00000345 _col5                      
00000346 _col6                      00000347 _col7                      
00000348 Q1                         00000348 _mobs                      
00000100 SCRATCH                    00000186 _SCRATCH                   
000002F0 SYSTEM                     0000031C _SYSTEM                    
                                	; IntyBASIC compiler v1.4.2 Jun/01/2020
                                	;
                                	; Prologue for IntyBASIC programs
                                	; by Oscar Toledo G.  http://nanochess.org/
                                	;
                                	; Revision: Jan/30/2014. Spacing adjustment and more comments.
                                	; Revision: Apr/01/2014. It now sets the starting screen pos. for PRINT
                                	; Revision: Aug/26/2014. Added PAL detection code.
                                	; Revision: Dec/12/2014. Added optimized constant multiplication routines.
                                	;                        by James Pujals.
                                	; Revision: Jan/25/2015. Added marker for automatic title replacement.
                                	;                        (option --title of IntyBASIC)
                                	; Revision: Aug/06/2015. Turns off ECS sound. Seed random generator using
                                	;                        trash in 16-bit RAM. Solved bugs and optimized
                                	;                        macro for constant multiplication.
                                	; Revision: Jan/12/2016. Solved bug in PAL detection.
                                	; Revision: May/03/2016. Changed in _mode_select initialization.
                                	; Revision: Jul/31/2016. Solved bug in multiplication by 126 and 127.
                                	; Revision: Sep/08/2016. Now CLRSCR initializes screen position for PRINT,
                                	;                        this solves bug when user programs goes directly
                                	;                        to PRINT.
                                	; Revision: Oct/21/2016. Accelerated MEMSET.
                                	; Revision: Jan/09/2018. Adjusted PAL/NTSC constant.
                                	; Revision: Feb/05/2018. Forces initialization of Intellivoice if included.
                                	;                        So VOICE INIT ceases to be dangerous.
                                	; Revision: Oct/30/2018. Redesigned PAL/NTSC detection using intvnut code,
                                	;                        also now compatible with Tutorvision. Reformatted.
                                	; Revision: Jan/10/2018. Added ECS detection.
                                	;

                                	ROMW 16
0x5000                          	ORG $5000

                                	; This macro will 'eat' SRCFILE directives if the assembler doesn't support the directive.
                                	IF ( DEFINED __FEATURE.SRCFILE ) = 0
                                	    MACRO SRCFILE x, y
                                	    ; macro must be non-empty, but a comment works fine.
                                	    ENDM
                                	ENDI

                                	;
                                	; ROM header
                                	;
5000   000D 0050                	BIDECLE _ZERO		; MOB picture base
5002   000D 0050                	BIDECLE _ZERO		; Process table
5004   0040 0050                	BIDECLE _MAIN		; Program start
5006   000D 0050                	BIDECLE _ZERO		; Background base image
5008   000F 0050                	BIDECLE _ONES		; GRAM
500A   002D 0050                	BIDECLE _TITLE		; Cartridge title and date
500C   03C0                     	DECLE   $03C0		; No ECS title, jump to code after title,
                                				; ... no clicks
                                                                
500D   0000                     _ZERO:	DECLE   $0000		; Border control
500E   0000                     	DECLE   $0000		; 0 = color stack, 1 = f/b mode
                                        
500F   0001 0001                _ONES:	DECLE   $0001, $0001	; Initial color stack 0 and 1: Blue
5011   0001 0001                	DECLE   $0001, $0001	; Initial color stack 2 and 3: Blue
5013   0001                     	DECLE   $0001		; Initial border color: Blue

5014   02BC 0200                CLRSCR:	MVII #$200,R4		; Used also for CLS
5016   0244 033E                	MVO R4,_screen		; Set up starting screen position for PRINT
5018   02B9 00F0                	MVII #$F0,R1
0x501A                          FILLZERO:
501A   01C0                     	CLRR R0
0x501B                          MEMSET:
501B   007D                     	SARC R1,2
501C   020A 0002                	BNOV $+4
501E   0260                     	MVO@ R0,R4
501F   0260                     	MVO@ R0,R4
5020   0209 0001                	BNC $+3
5022   0260                     	MVO@ R0,R4
5023   0204 0005                	BEQ $+7
5025   0260                     	MVO@ R0,R4
5026   0260                     	MVO@ R0,R4
5027   0260                     	MVO@ R0,R4
5028   0260                     	MVO@ R0,R4
5029   0011                     	DECR R1
502A   022C 0006                	BNE $-5
502C   00AF                     	JR R5

                                	;
                                	; Title, Intellivision EXEC will jump over it and start
                                	; execution directly in _MAIN
                                	;
                                	; Note mark is for automatic replacement by IntyBASIC
0x502D                          _TITLE:
502D   007E 0049 006E 0074      	BYTE 126,'IntyBASIC program',0
5031   0079 0042 0041 0053 0049 0043 0020 0070 
5039   0072 006F 0067 0072 0061 006D 0000 
                                        
                                	;
                                	; Main program
                                	;
0x5040                          _MAIN:
5040   0003                     	DIS			; Disable interrupts
5041   02BE 02F0                	MVII #STACK,R6

                                	;
                                	; Clean memory
                                	;
5043   0004 0150 0014           	CALL CLRSCR		; Clean up screen, right here to avoid brief
                                				; screen display of title in Sears Intellivision.
5046   02B9 000E                	MVII #$00e,R1		; 14 of sound (ECS)
5048   02BC 00F0                	MVII #$0f0,R4		; ECS PSG
504A   0004 0150 001A           	CALL FILLZERO
504D   02B9 00FE                	MVII #$0fe,R1		; 240 words of 8 bits plus 14 of sound
504F   02BC 0100                	MVII #$100,R4		; 8-bit scratch RAM
5051   0004 0150 001A           	CALL FILLZERO

                                	; Seed random generator using 16 bit RAM (not cleared by EXEC)
5054   01C0                     	CLRR R0
5055   02BC 02F0                	MVII #$02F0,R4
5057   02B9 0044                	MVII #$0110/4,R1	; Includes phantom memory for extra randomness
0x5059                          _MAIN4:				; This loop is courtesy of GroovyBee
5059   02E0                     	ADD@ R4,R0
505A   02E0                     	ADD@ R4,R0
505B   02E0                     	ADD@ R4,R0
505C   02E0                     	ADD@ R4,R0
505D   0011                     	DECR R1
505E   022C 0006                	BNE _MAIN4
5060   0240 0104                	MVO R0,_rand

5062   02B9 0058                	MVII #$058,R1		; 88 words of 16 bits
5064   02BC 0308                	MVII #$308,R4		; 16-bit scratch RAM
5066   0004 0150 001A           	CALL FILLZERO

                                	; PAL/NTSC detect
5069   0004 016C 00B8           	CALL _set_isr
506C   506F                     	DECLE _pal1
506D   0002                     	EIS
506E   0017                     	DECR PC			; This is a kind of HALT instruction

                                	; First interrupt may come at a weird time on Tutorvision, or
                                	; if other startup timing changes.
506F   033E 0008                _pal1:	SUBI #8,R6		; Drop interrupt stack.
5071   0004 016C 00B8           	CALL _set_isr
5074   5076                     	DECLE _pal2
5075   0017                     	DECR PC

                                	; Second interrupt is safe for initializing MOBs.
                                	; We will know the screen is off after this one fires.
5076   033E 0008                _pal2:	SUBI #8,R6		; Drop interrupt stack.
5078   0004 016C 00B8           	CALL _set_isr
507B   508D                     	DECLE _pal3
                                	; clear MOBs
507C   01C0                     	CLRR R0
507D   01E4                     	CLRR R4
507E   02BA 0018                	MVII #$18,R2
0x5080                          _pal2_lp:
5080   0260                     	MVO@ R0,R4
5081   0012                     	DECR R2
5082   022C 0003                	BNE _pal2_lp
5084   0240 0030                	MVO R0,$30		; Reset horizontal delay register
5086   0240 0031                	MVO R0,$31		; Reset vertical delay register

5088   02BA FBB4                	MVII #-1100,R2		; PAL/NTSC threshold
0x508A                          _pal2_cnt:
508A   000A                     	INCR R2
508B   0220 0002                	B _pal2_cnt

                                	; The final count in R2 will either be negative or positive.
                                	; If R2 is still -ve, NTSC; else PAL.
508D   033E 0008                _pal3:	SUBI #8,R6		; Drop interrupt stack.
508F   0052                     	RLC R2,1
5090   0052                     	RLC R2,1
5091   03BA 0001                	ANDI #1,R2		; 1 = NTSC, 0 = PAL

5093   02B9 0055                	MVII #$55,R1
5095   0241 4040                	MVO R1,$4040
5097   02B9 00AA                	MVII #$AA,R1
5099   0241 4041                	MVO R1,$4041
509B   0281 4040                	MVI $4040,R1
509D   0379 0055                	CMPI #$55,R1
509F   020C 0008                	BNE _ecs1
50A1   0281 4041                	MVI $4041,R1
50A3   0379 00AA                	CMPI #$AA,R1
50A5   020C 0002                	BNE _ecs1
50A7   02FA 0002                	ADDI #2,R2		; ECS detected flag
0x50A9                          _ecs1:
50A9   0242 0103                	MVO R2,_ntsc

50AB   0004 016C 00B8           	CALL _set_isr
50AE   6CBF                     	DECLE _int_vector

50AF   0004 0150 0014           	CALL CLRSCR		; Because _screen was reset to zero
50B2   0004 016C 001E           	CALL _wait
50B5   0004 016C 01BF           	CALL _init_music
50B8   02B8 0002                	MVII #2,R0		; Color Stack mode
50BA   0240 0109                	MVO R0,_mode_select
50BC   02B8 0038                	MVII #$038,R0
50BE   0240 01F8                	MVO R0,$01F8		; Configures sound
50C0   0240 00F8                	MVO R0,$00F8		; Configures sound (ECS)
50C2   0004 016C 001E           	CALL IV_INIT_and_wait	; Setup Intellivoice

                                ;* ======================================================================== *;
                                ;*  These routines are placed into the public domain by their author.  All  *;
                                ;*  copyright rights are hereby relinquished on the routines and data in    *;
                                ;*  this file.  -- James Pujals (DZ-Jay), 2014                              *;
                                ;* ======================================================================== *;

                                ; Modified by Oscar Toledo G. (nanochess), Aug/06/2015
                                ; * Tested all multiplications with automated test.
                                ; * Accelerated multiplication by 7,14,15,28,31,60,62,63,112,120,124
                                ; * Solved bug in multiplication by 23,39,46,47,55,71,78,79,87,92,93,94,95,103,110,111,119
                                ; * Improved sequence of instructions to be more interruptible.

                                ;; ======================================================================== ;;
                                ;;  MULT reg, tmp, const                                                    ;;
                                ;;  Multiplies "reg" by constant "const" and using "tmp" for temporary      ;;
                                ;;  calculations.  The result is placed in "reg."  The multiplication is    ;;
                                ;;  performed by an optimal combination of shifts, additions, and           ;;
                                ;;  subtractions.                                                           ;;
                                ;;                                                                          ;;
                                ;;  NOTE:   The resulting contents of the "tmp" are undefined.              ;;
                                ;;                                                                          ;;
                                ;;  ARGUMENTS                                                               ;;
                                ;;      reg         A register containing the multiplicand.                 ;;
                                ;;      tmp         A register for temporary calculations.                  ;;
                                ;;      const       The constant multiplier.                                ;;
                                ;;                                                                          ;;
                                ;;  OUTPUT                                                                  ;;
                                ;;      reg         Output value.                                           ;;
                                ;;      tmp         Trashed.                                                ;;
                                ;;      .ERR.Failed True if operation failed.                               ;;
                                ;; ======================================================================== ;;
                                MACRO   MULT reg, tmp, const
                                ;
                                    LISTING "code"

                                _mul.const      QSET    %const%
                                _mul.done       QSET    0

                                        IF (%const% > $7F)
                                _mul.const      QSET    (_mul.const SHR 1)
                                                SLL     %reg%,  1
                                        ENDI

                                        ; Multiply by $00 (0)
                                        IF (_mul.const = $00)
                                _mul.done       QSET    -1
                                                CLRR    %reg%
                                        ENDI

                                        ; Multiply by $01 (1)
                                        IF (_mul.const = $01)
                                _mul.done       QSET    -1
                                                ; Nothing to do
                                        ENDI

                                        ; Multiply by $02 (2)
                                        IF (_mul.const = $02)
                                _mul.done       QSET    -1
                                                SLL     %reg%,  1
                                        ENDI

                                        ; Multiply by $03 (3)
                                        IF (_mul.const = $03)
                                _mul.done       QSET    -1
                                                MOVR    %reg%,  %tmp%
                                                SLL     %reg%,  1
                                                ADDR    %tmp%,  %reg%
                                        ENDI

                                        ; Multiply by $04 (4)
                                        IF (_mul.const = $04)
                                _mul.done       QSET    -1
                                                SLL     %reg%,  2
                                        ENDI

                                        ; Multiply by $05 (5)
                                        IF (_mul.const = $05)
                                _mul.done       QSET    -1
                                                MOVR    %reg%,  %tmp%
                                                SLL     %reg%,  2
                                                ADDR    %tmp%,  %reg%
                                        ENDI

                                        ; Multiply by $06 (6)
                                        IF (_mul.const = $06)
                                _mul.done       QSET    -1
                                                SLL     %reg%,  1
                                                MOVR    %reg%,  %tmp%
                                                SLL     %reg%,  1
                                                ADDR    %tmp%,  %reg%
                                        ENDI

                                        ; Multiply by $07 (7)
                                        IF (_mul.const = $07)
                                _mul.done       QSET    -1
                                                MOVR    %reg%,  %tmp%
                                                SLL     %reg%,  2
                                                SLL     %reg%,  1
                                                SUBR    %tmp%,  %reg%
                                        ENDI

                                        ; Multiply by $08 (8)
                                        IF (_mul.const = $08)
                                _mul.done       QSET    -1
                                                SLL     %reg%,  2
                                                SLL     %reg%,  1
                                        ENDI

                                        ; Multiply by $09 (9)
                                        IF (_mul.const = $09)
                                _mul.done       QSET    -1
                                                MOVR    %reg%,  %tmp%
                                                SLL     %reg%,  2
                                                SLL     %reg%,  1
                                                ADDR    %tmp%,  %reg%
                                        ENDI

                                        ; Multiply by $0A (10)
                                        IF (_mul.const = $0A)
                                _mul.done       QSET    -1
                                                SLL     %reg%,  1
                                                MOVR    %reg%,  %tmp%
                                                SLL     %reg%,  2
                                                ADDR    %tmp%,  %reg%
                                        ENDI

                                        ; Multiply by $0B (11)
                                        IF (_mul.const = $0B)
                                _mul.done       QSET    -1
                                                MOVR    %reg%,  %tmp%
                                                SLL     %reg%,  1
                                                ADDR    %reg%,  %tmp%
                                                SLL     %reg%,  2
                                                ADDR    %tmp%,  %reg%
                                        ENDI

                                        ; Multiply by $0C (12)
                                        IF (_mul.const = $0C)
                                _mul.done       QSET    -1
                                                SLL     %reg%,  2
                                                MOVR    %reg%,  %tmp%
                                                SLL     %reg%,  1
                                                ADDR    %tmp%,  %reg%
                                        ENDI

                                        ; Multiply by $0D (13)
                                        IF (_mul.const = $0D)
                                _mul.done       QSET    -1
                                                MOVR    %reg%,  %tmp%
                                                SLL     %reg%,  2
                                                ADDR    %reg%,  %tmp%
                                                SLL     %reg%,  1
                                                ADDR    %tmp%,  %reg%
                                        ENDI

                                        ; Multiply by $0E (14)
                                        IF (_mul.const = $0E)
                                _mul.done       QSET    -1
                                                SLL     %reg%,  1
                                                MOVR    %reg%,  %tmp%
                                                SLL     %reg%,  2
                                                SLL     %reg%,  1
                                                SUBR    %tmp%,  %reg%
                                        ENDI

                                        ; Multiply by $0F (15)
                                        IF (_mul.const = $0F)
                                _mul.done       QSET    -1
                                                MOVR    %reg%,  %tmp%
                                                SLL     %reg%,  2
                                                SLL     %reg%,  2
                                                SUBR    %tmp%,  %reg%
                                        ENDI

                                        ; Multiply by $10 (16)
                                        IF (_mul.const = $10)
                                _mul.done       QSET    -1
                                                SLL     %reg%,  2
                                                SLL     %reg%,  2
                                        ENDI

                                        ; Multiply by $11 (17)
                                        IF (_mul.const = $11)
                                _mul.done       QSET    -1
                                                MOVR    %reg%,  %tmp%
                                                SLL     %reg%,  2
                                                SLL     %reg%,  2
                                                ADDR    %tmp%,  %reg%
                                        ENDI

                                        ; Multiply by $12 (18)
                                        IF (_mul.const = $12)
                                _mul.done       QSET    -1
                                                SLL     %reg%,  1
                                                MOVR    %reg%,  %tmp%
                                                SLL     %reg%,  2
                                                SLL     %reg%,  1
                                                ADDR    %tmp%,  %reg%
                                        ENDI

                                        ; Multiply by $13 (19)
                                        IF (_mul.const = $13)
                                _mul.done       QSET    -1
                                                MOVR    %reg%,  %tmp%
                                                SLL     %reg%,  1
                                                ADDR    %reg%,  %tmp%
                                                SLL     %reg%,  2
                                                SLL     %reg%,  1
                                                ADDR    %tmp%,  %reg%
                                        ENDI

                                        ; Multiply by $14 (20)
                                        IF (_mul.const = $14)
                                _mul.done       QSET    -1
                                                SLL     %reg%,  2
                                                MOVR    %reg%,  %tmp%
                                                SLL     %reg%,  2
                                                ADDR    %tmp%,  %reg%
                                        ENDI

                                        ; Multiply by $15 (21)
                                        IF (_mul.const = $15)
                                _mul.done       QSET    -1
                                                MOVR    %reg%,  %tmp%
                                                SLL     %reg%,  2
                                                ADDR    %reg%,  %tmp%
                                                SLL     %reg%,  2
                                                ADDR    %tmp%,  %reg%
                                        ENDI

                                        ; Multiply by $16 (22)
                                        IF (_mul.const = $16)
                                _mul.done       QSET    -1
                                                SLL     %reg%,  1
                                                MOVR    %reg%,  %tmp%
                                                SLL     %reg%,  1
                                                ADDR    %reg%,  %tmp%
                                                SLL     %reg%,  2
                                                ADDR    %tmp%,  %reg%
                                        ENDI

                                        ; Multiply by $17 (23)
                                        IF (_mul.const = $17)
                                _mul.done       QSET    -1
                                                MOVR    %reg%,  %tmp%
                                                SLL     %reg%,  2
                                                SLL     %reg%,  1
                                                SUBR    %reg%,  %tmp%
                                                SLL     %reg%,  1
                                                SUBR    %tmp%,  %reg%
                                        ENDI

                                        ; Multiply by $18 (24)
                                        IF (_mul.const = $18)
                                _mul.done       QSET    -1
                                                SLL     %reg%,  2
                                                SLL     %reg%,  1
                                                MOVR    %reg%,  %tmp%
                                                SLL     %reg%,  1
                                                ADDR    %tmp%,  %reg%
                                        ENDI

                                        ; Multiply by $19 (25)
                                        IF (_mul.const = $19)
                                _mul.done       QSET    -1
                                                MOVR    %reg%,  %tmp%
                                                SLL     %reg%,  2
                                                SLL     %reg%,  1
                                                ADDR    %reg%,  %tmp%
                                                SLL     %reg%,  1
                                                ADDR    %tmp%,  %reg%
                                        ENDI

                                        ; Multiply by $1A (26)
                                        IF (_mul.const = $1A)
                                _mul.done       QSET    -1
                                                SLL     %reg%,  1
                                                MOVR    %reg%,  %tmp%
                                                SLL     %reg%,  2
                                                ADDR    %reg%,  %tmp%
                                                SLL     %reg%,  1
                                                ADDR    %tmp%,  %reg%
                                        ENDI

                                        ; Multiply by $1B (27)
                                        IF (_mul.const = $1B)
                                _mul.done       QSET    -1
                                                MOVR    %reg%,  %tmp%
                                                SLL     %reg%,  1
                                                ADDR    %reg%,  %tmp%
                                                SLL     %reg%,  2
                                                ADDR    %reg%,  %tmp%
                                                SLL     %reg%,  1
                                                ADDR    %tmp%,  %reg%
                                        ENDI

                                        ; Multiply by $1C (28)
                                        IF (_mul.const = $1C)
                                _mul.done       QSET    -1
                                                SLL     %reg%,  2
                                                MOVR    %reg%,  %tmp%
                                                SLL     %reg%,  2
                                                SLL     %reg%,  1
                                                SUBR    %tmp%,  %reg%
                                        ENDI

                                        ; Multiply by $1D (29)
                                        IF (_mul.const = $1D)
                                _mul.done       QSET    -1
                                                MOVR    %reg%,  %tmp%
                                                SLL     %reg%,  2
                                                SUBR    %reg%,  %tmp%
                                                SLL     %reg%,  2
                                                SLL     %reg%,  1
                                                ADDR    %tmp%,  %reg%
                                        ENDI

                                        ; Multiply by $1E (30)
                                        IF (_mul.const = $1E)
                                _mul.done       QSET    -1
                                                SLL     %reg%,  1
                                                MOVR    %reg%,  %tmp%
                                                SLL     %reg%,  2
                                                SLL     %reg%,  2
                                                SUBR    %tmp%,  %reg%
                                        ENDI

                                        ; Multiply by $1F (31)
                                        IF (_mul.const = $1F)
                                _mul.done       QSET    -1
                                                MOVR    %reg%,  %tmp%
                                                SLL     %reg%,  2
                                                SLL     %reg%,  2
                                		ADDR	%reg%,	%reg%
                                                SUBR    %tmp%,  %reg%
                                        ENDI

                                        ; Multiply by $20 (32)
                                        IF (_mul.const = $20)
                                _mul.done       QSET    -1
                                                SLL     %reg%,  2
                                                SLL     %reg%,  2
                                		ADDR	%reg%,	%reg%
                                        ENDI

                                        ; Multiply by $21 (33)
                                        IF (_mul.const = $21)
                                _mul.done       QSET    -1
                                                MOVR    %reg%,  %tmp%
                                                SLL     %reg%,  2
                                                SLL     %reg%,  2
                                		ADDR	%reg%,	%reg%
                                                ADDR    %tmp%,  %reg%
                                        ENDI

                                        ; Multiply by $22 (34)
                                        IF (_mul.const = $22)
                                _mul.done       QSET    -1
                                                SLL     %reg%,  1
                                                MOVR    %reg%,  %tmp%
                                                SLL     %reg%,  2
                                                SLL     %reg%,  2
                                                ADDR    %tmp%,  %reg%
                                        ENDI

                                        ; Multiply by $23 (35)
                                        IF (_mul.const = $23)
                                _mul.done       QSET    -1
                                                MOVR    %reg%,  %tmp%
                                                SLL     %reg%,  1
                                                ADDR    %reg%,  %tmp%
                                                SLL     %reg%,  2
                                                SLL     %reg%,  2
                                                ADDR    %tmp%,  %reg%
                                        ENDI

                                        ; Multiply by $24 (36)
                                        IF (_mul.const = $24)
                                _mul.done       QSET    -1
                                                SLL     %reg%,  2
                                                MOVR    %reg%,  %tmp%
                                                SLL     %reg%,  2
                                                SLL     %reg%,  1
                                                ADDR    %tmp%,  %reg%
                                        ENDI

                                        ; Multiply by $25 (37)
                                        IF (_mul.const = $25)
                                _mul.done       QSET    -1
                                                MOVR    %reg%,  %tmp%
                                                SLL     %reg%,  2
                                                ADDR    %reg%,  %tmp%
                                                SLL     %reg%,  2
                                                SLL     %reg%,  1
                                                ADDR    %tmp%,  %reg%
                                        ENDI

                                        ; Multiply by $26 (38)
                                        IF (_mul.const = $26)
                                _mul.done       QSET    -1
                                                SLL     %reg%,  1
                                                MOVR    %reg%,  %tmp%
                                                SLL     %reg%,  1
                                                ADDR    %reg%,  %tmp%
                                                SLL     %reg%,  2
                                                SLL     %reg%,  1
                                                ADDR    %tmp%,  %reg%
                                        ENDI

                                        ; Multiply by $27 (39)
                                        IF (_mul.const = $27)
                                _mul.done       QSET    -1
                                                MOVR    %reg%,  %tmp%
                                                SLL     %reg%,  2
                                                SLL     %reg%,  1
                                                SUBR    %reg%,  %tmp%
                                                SLL     %reg%,  2
                                		SUBR	%tmp%,	%reg%
                                        ENDI

                                        ; Multiply by $28 (40)
                                        IF (_mul.const = $28)
                                _mul.done       QSET    -1
                                                SLL     %reg%,  2
                                                SLL     %reg%,  1
                                                MOVR    %reg%,  %tmp%
                                                SLL     %reg%,  2
                                                ADDR    %tmp%,  %reg%
                                        ENDI

                                        ; Multiply by $29 (41)
                                        IF (_mul.const = $29)
                                _mul.done       QSET    -1
                                                MOVR    %reg%,  %tmp%
                                                SLL     %reg%,  2
                                                SLL     %reg%,  1
                                                ADDR    %reg%,  %tmp%
                                                SLL     %reg%,  2
                                                ADDR    %tmp%,  %reg%
                                        ENDI

                                        ; Multiply by $2A (42)
                                        IF (_mul.const = $2A)
                                _mul.done       QSET    -1
                                                SLL     %reg%,  1
                                                MOVR    %reg%,  %tmp%
                                                SLL     %reg%,  2
                                                ADDR    %reg%,  %tmp%
                                                SLL     %reg%,  2
                                                ADDR    %tmp%,  %reg%
                                        ENDI

                                        ; Multiply by $2B (43)
                                        IF (_mul.const = $2B)
                                _mul.done       QSET    -1
                                                MOVR    %reg%,  %tmp%
                                                SLL     %reg%,  1
                                                ADDR    %reg%,  %tmp%
                                                SLL     %reg%,  2
                                                ADDR    %reg%,  %tmp%
                                                SLL     %reg%,  2
                                                ADDR    %tmp%,  %reg%
                                        ENDI

                                        ; Multiply by $2C (44)
                                        IF (_mul.const = $2C)
                                _mul.done       QSET    -1
                                                SLL     %reg%,  2
                                                MOVR    %reg%,  %tmp%
                                                SLL     %reg%,  1
                                                ADDR    %reg%,  %tmp%
                                                SLL     %reg%,  2
                                                ADDR    %tmp%,  %reg%
                                        ENDI

                                        ; Multiply by $2D (45)
                                        IF (_mul.const = $2D)
                                _mul.done       QSET    -1
                                                MOVR    %reg%,  %tmp%
                                                SLL     %reg%,  2
                                                ADDR    %reg%,  %tmp%
                                                SLL     %reg%,  1
                                                ADDR    %reg%,  %tmp%
                                                SLL     %reg%,  2
                                                ADDR    %tmp%,  %reg%
                                        ENDI

                                        ; Multiply by $2E (46)
                                        IF (_mul.const = $2E)
                                _mul.done       QSET    -1
                                                SLL     %reg%,  1
                                                MOVR    %reg%,  %tmp%
                                                SLL     %reg%,  2
                                                SLL     %reg%,  1
                                                SUBR    %reg%,  %tmp%
                                                SLL     %reg%,  1
                                		SUBR	%tmp%,  %reg%
                                        ENDI

                                        ; Multiply by $2F (47)
                                        IF (_mul.const = $2F)
                                _mul.done       QSET    -1
                                                MOVR    %reg%,  %tmp%
                                                SLL     %reg%,  2
                                                SLL     %reg%,  2
                                                SUBR    %reg%,  %tmp%
                                                SLL     %reg%,  1
                                		SUBR	%tmp%,  %reg%
                                        ENDI

                                        ; Multiply by $30 (48)
                                        IF (_mul.const = $30)
                                _mul.done       QSET    -1
                                                SLL     %reg%,  2
                                                SLL     %reg%,  2
                                                MOVR    %reg%,  %tmp%
                                                SLL     %reg%,  1
                                                ADDR    %tmp%,  %reg%
                                        ENDI

                                        ; Multiply by $31 (49)
                                        IF (_mul.const = $31)
                                _mul.done       QSET    -1
                                                MOVR    %reg%,  %tmp%
                                                SLL     %reg%,  2
                                                SLL     %reg%,  2
                                                ADDR    %reg%,  %tmp%
                                                SLL     %reg%,  1
                                                ADDR    %tmp%,  %reg%
                                        ENDI

                                        ; Multiply by $32 (50)
                                        IF (_mul.const = $32)
                                _mul.done       QSET    -1
                                                SLL     %reg%,  1
                                                MOVR    %reg%,  %tmp%
                                                SLL     %reg%,  2
                                                SLL     %reg%,  1
                                                ADDR    %reg%,  %tmp%
                                                SLL     %reg%,  1
                                                ADDR    %tmp%,  %reg%
                                        ENDI

                                        ; Multiply by $33 (51)
                                        IF (_mul.const = $33)
                                _mul.done       QSET    -1
                                                MOVR    %reg%,  %tmp%
                                                SLL     %reg%,  1
                                                ADDR    %reg%,  %tmp%
                                                SLL     %reg%,  2
                                                SLL     %reg%,  1
                                                ADDR    %reg%,  %tmp%
                                                SLL     %reg%,  1
                                                ADDR    %tmp%,  %reg%
                                        ENDI

                                        ; Multiply by $34 (52)
                                        IF (_mul.const = $34)
                                _mul.done       QSET    -1
                                                SLL     %reg%,  2
                                                MOVR    %reg%,  %tmp%
                                                SLL     %reg%,  2
                                                ADDR    %reg%,  %tmp%
                                                SLL     %reg%,  1
                                                ADDR    %tmp%,  %reg%
                                        ENDI

                                        ; Multiply by $35 (53)
                                        IF (_mul.const = $35)
                                _mul.done       QSET    -1
                                                MOVR    %reg%,  %tmp%
                                                SLL     %reg%,  2
                                                ADDR    %reg%,  %tmp%
                                                SLL     %reg%,  2
                                                ADDR    %reg%,  %tmp%
                                                SLL     %reg%,  1
                                                ADDR    %tmp%,  %reg%
                                        ENDI

                                        ; Multiply by $36 (54)
                                        IF (_mul.const = $36)
                                _mul.done       QSET    -1
                                                SLL     %reg%,  1
                                                MOVR    %reg%,  %tmp%
                                                SLL     %reg%,  1
                                                ADDR    %reg%,  %tmp%
                                                SLL     %reg%,  2
                                                ADDR    %reg%,  %tmp%
                                                SLL     %reg%,  1
                                                ADDR    %tmp%,  %reg%
                                        ENDI

                                        ; Multiply by $37 (55)
                                        IF (_mul.const = $37)
                                _mul.done       QSET    -1
                                                MOVR    %reg%,  %tmp%
                                                SLL     %reg%,  2
                                                SLL     %reg%,  1
                                                ADDR    %reg%,  %tmp%
                                                SLL     %reg%,  2
                                		SLL	%reg%,	1
                                		SUBR	%tmp%,	%reg%
                                        ENDI

                                        ; Multiply by $38 (56)
                                        IF (_mul.const = $38)
                                _mul.done       QSET    -1
                                                SLL     %reg%,  2
                                                SLL     %reg%,  1
                                                MOVR    %reg%,  %tmp%
                                                SLL     %reg%,  2
                                                SLL     %reg%,  1
                                                SUBR    %tmp%,  %reg%
                                        ENDI

                                        ; Multiply by $39 (57)
                                        IF (_mul.const = $39)
                                _mul.done       QSET    -1
                                                MOVR    %reg%,  %tmp%
                                                SLL     %reg%,  2
                                                SLL     %reg%,  1
                                                SUBR    %reg%,  %tmp%
                                                SLL     %reg%,  2
                                                SLL     %reg%,  1
                                                ADDR    %tmp%,  %reg%
                                        ENDI

                                        ; Multiply by $3A (58)
                                        IF (_mul.const = $3A)
                                _mul.done       QSET    -1
                                                SLL     %reg%,  1
                                                MOVR    %reg%,  %tmp%
                                                SLL     %reg%,  2
                                                SUBR    %reg%,  %tmp%
                                                SLL     %reg%,  2
                                                SLL     %reg%,  1
                                                ADDR    %tmp%,  %reg%
                                        ENDI

                                        ; Multiply by $3B (59)
                                        IF (_mul.const = $3B)
                                _mul.done       QSET    -1
                                                MOVR    %reg%,  %tmp%
                                                SLL     %reg%,  1
                                                ADDR    %reg%,  %tmp%
                                                SLL     %reg%,  2
                                                SUBR    %reg%,  %tmp%
                                                SLL     %reg%,  2
                                                SLL     %reg%,  1
                                                ADDR    %tmp%,  %reg%
                                        ENDI

                                        ; Multiply by $3C (60)
                                        IF (_mul.const = $3C)
                                _mul.done       QSET    -1
                                                SLL     %reg%,  2
                                                MOVR    %reg%,  %tmp%
                                                SLL     %reg%,  2
                                                SLL     %reg%,  2
                                                SUBR    %tmp%,  %reg%
                                        ENDI

                                        ; Multiply by $3D (61)
                                        IF (_mul.const = $3D)
                                _mul.done       QSET    -1
                                                MOVR    %reg%,  %tmp%
                                                SLL     %reg%,  2
                                                SUBR    %reg%,  %tmp%
                                                SLL     %reg%,  2
                                                SLL     %reg%,  2
                                                ADDR    %tmp%,  %reg%
                                        ENDI

                                        ; Multiply by $3E (62)
                                        IF (_mul.const = $3E)
                                _mul.done       QSET    -1
                                                SLL     %reg%,  1
                                                MOVR    %reg%,  %tmp%
                                                SLL     %reg%,  2
                                                SLL     %reg%,  2
                                		ADDR	%reg%,	%reg%
                                                SUBR    %tmp%,  %reg%
                                        ENDI

                                        ; Multiply by $3F (63)
                                        IF (_mul.const = $3F)
                                _mul.done       QSET    -1
                                                MOVR    %reg%,  %tmp%
                                                SLL     %reg%,  2
                                                SLL     %reg%,  2
                                                SLL     %reg%,  2
                                                SUBR    %tmp%,  %reg%
                                        ENDI

                                        ; Multiply by $40 (64)
                                        IF (_mul.const = $40)
                                _mul.done       QSET    -1
                                                SLL     %reg%,  2
                                                SLL     %reg%,  2
                                                SLL     %reg%,  2
                                        ENDI

                                        ; Multiply by $41 (65)
                                        IF (_mul.const = $41)
                                _mul.done       QSET    -1
                                                MOVR    %reg%,  %tmp%
                                                SLL     %reg%,  2
                                                SLL     %reg%,  2
                                                SLL     %reg%,  2
                                                ADDR    %tmp%,  %reg%
                                        ENDI

                                        ; Multiply by $42 (66)
                                        IF (_mul.const = $42)
                                _mul.done       QSET    -1
                                                SLL     %reg%,  1
                                                MOVR    %reg%,  %tmp%
                                                SLL     %reg%,  2
                                                SLL     %reg%,  2
                                		ADDR	%reg%,	%reg%
                                                ADDR    %tmp%,  %reg%
                                        ENDI

                                        ; Multiply by $43 (67)
                                        IF (_mul.const = $43)
                                _mul.done       QSET    -1
                                                MOVR    %reg%,  %tmp%
                                                SLL     %reg%,  1
                                                ADDR    %reg%,  %tmp%
                                                SLL     %reg%,  2
                                                SLL     %reg%,  2
                                		ADDR	%reg%,	%reg%
                                                ADDR    %tmp%,  %reg%
                                        ENDI

                                        ; Multiply by $44 (68)
                                        IF (_mul.const = $44)
                                _mul.done       QSET    -1
                                                SLL     %reg%,  2
                                                MOVR    %reg%,  %tmp%
                                                SLL     %reg%,  2
                                                SLL     %reg%,  2
                                                ADDR    %tmp%,  %reg%
                                        ENDI

                                        ; Multiply by $45 (69)
                                        IF (_mul.const = $45)
                                _mul.done       QSET    -1
                                                MOVR    %reg%,  %tmp%
                                                SLL     %reg%,  2
                                                ADDR    %reg%,  %tmp%
                                                SLL     %reg%,  2
                                                SLL     %reg%,  2
                                                ADDR    %tmp%,  %reg%
                                        ENDI

                                        ; Multiply by $46 (70)
                                        IF (_mul.const = $46)
                                _mul.done       QSET    -1
                                                SLL     %reg%,  1
                                                MOVR    %reg%,  %tmp%
                                                SLL     %reg%,  1
                                                ADDR    %reg%,  %tmp%
                                                SLL     %reg%,  2
                                                SLL     %reg%,  2
                                                ADDR    %tmp%,  %reg%
                                        ENDI

                                        ; Multiply by $47 (71)
                                        IF (_mul.const = $47)
                                _mul.done       QSET    -1
                                                MOVR    %reg%,  %tmp%
                                                SLL     %reg%,  2
                                                SLL     %reg%,  1
                                                SUBR    %reg%,  %tmp%
                                                SLL     %reg%,  2
                                                SLL     %reg%,  1
                                		SUBR	%tmp%,	%reg%
                                        ENDI

                                        ; Multiply by $48 (72)
                                        IF (_mul.const = $48)
                                _mul.done       QSET    -1
                                                SLL     %reg%,  2
                                                SLL     %reg%,  1
                                                MOVR    %reg%,  %tmp%
                                                SLL     %reg%,  2
                                                SLL     %reg%,  1
                                                ADDR    %tmp%,  %reg%
                                        ENDI

                                        ; Multiply by $49 (73)
                                        IF (_mul.const = $49)
                                _mul.done       QSET    -1
                                                MOVR    %reg%,  %tmp%
                                                SLL     %reg%,  2
                                                SLL     %reg%,  1
                                                ADDR    %reg%,  %tmp%
                                                SLL     %reg%,  2
                                                SLL     %reg%,  1
                                                ADDR    %tmp%,  %reg%
                                        ENDI

                                        ; Multiply by $4A (74)
                                        IF (_mul.const = $4A)
                                _mul.done       QSET    -1
                                                SLL     %reg%,  1
                                                MOVR    %reg%,  %tmp%
                                                SLL     %reg%,  2
                                                ADDR    %reg%,  %tmp%
                                                SLL     %reg%,  2
                                                SLL     %reg%,  1
                                                ADDR    %tmp%,  %reg%
                                        ENDI

                                        ; Multiply by $4B (75)
                                        IF (_mul.const = $4B)
                                _mul.done       QSET    -1
                                                MOVR    %reg%,  %tmp%
                                                SLL     %reg%,  1
                                                ADDR    %reg%,  %tmp%
                                                SLL     %reg%,  2
                                                ADDR    %reg%,  %tmp%
                                                SLL     %reg%,  2
                                                SLL     %reg%,  1
                                                ADDR    %tmp%,  %reg%
                                        ENDI

                                        ; Multiply by $4C (76)
                                        IF (_mul.const = $4C)
                                _mul.done       QSET    -1
                                                SLL     %reg%,  2
                                                MOVR    %reg%,  %tmp%
                                                SLL     %reg%,  1
                                                ADDR    %reg%,  %tmp%
                                                SLL     %reg%,  2
                                                SLL     %reg%,  1
                                                ADDR    %tmp%,  %reg%
                                        ENDI

                                        ; Multiply by $4D (77)
                                        IF (_mul.const = $4D)
                                _mul.done       QSET    -1
                                                MOVR    %reg%,  %tmp%
                                                SLL     %reg%,  2
                                                ADDR    %reg%,  %tmp%
                                                SLL     %reg%,  1
                                                ADDR    %reg%,  %tmp%
                                                SLL     %reg%,  2
                                                SLL     %reg%,  1
                                                ADDR    %tmp%,  %reg%
                                        ENDI

                                        ; Multiply by $4E (78)
                                        IF (_mul.const = $4E)
                                _mul.done       QSET    -1
                                                SLL     %reg%,  1
                                                MOVR    %reg%,  %tmp%
                                                SLL     %reg%,  2
                                                SLL     %reg%,  1
                                                SUBR    %reg%,  %tmp%
                                                SLL     %reg%,  2
                                		SUBR	%tmp%,	%reg%
                                        ENDI

                                        ; Multiply by $4F (79)
                                        IF (_mul.const = $4F)
                                _mul.done       QSET    -1
                                                MOVR    %reg%,  %tmp%
                                                SLL     %reg%,  2
                                                SLL     %reg%,  2
                                                SUBR    %reg%,  %tmp%
                                                SLL     %reg%,  2
                                		SUBR	%tmp%,	%reg%
                                        ENDI

                                        ; Multiply by $50 (80)
                                        IF (_mul.const = $50)
                                _mul.done       QSET    -1
                                                SLL     %reg%,  2
                                                SLL     %reg%,  2
                                                MOVR    %reg%,  %tmp%
                                                SLL     %reg%,  2
                                                ADDR    %tmp%,  %reg%
                                        ENDI

                                        ; Multiply by $51 (81)
                                        IF (_mul.const = $51)
                                _mul.done       QSET    -1
                                                MOVR    %reg%,  %tmp%
                                                SLL     %reg%,  2
                                                SLL     %reg%,  2
                                                ADDR    %reg%,  %tmp%
                                                SLL     %reg%,  2
                                                ADDR    %tmp%,  %reg%
                                        ENDI

                                        ; Multiply by $52 (82)
                                        IF (_mul.const = $52)
                                _mul.done       QSET    -1
                                                SLL     %reg%,  1
                                                MOVR    %reg%,  %tmp%
                                                SLL     %reg%,  2
                                                SLL     %reg%,  1
                                                ADDR    %reg%,  %tmp%
                                                SLL     %reg%,  2
                                                ADDR    %tmp%,  %reg%
                                        ENDI

                                        ; Multiply by $53 (83)
                                        IF (_mul.const = $53)
                                _mul.done       QSET    -1
                                                MOVR    %reg%,  %tmp%
                                                SLL     %reg%,  1
                                                ADDR    %reg%,  %tmp%
                                                SLL     %reg%,  2
                                                SLL     %reg%,  1
                                                ADDR    %reg%,  %tmp%
                                                SLL     %reg%,  2
                                                ADDR    %tmp%,  %reg%
                                        ENDI

                                        ; Multiply by $54 (84)
                                        IF (_mul.const = $54)
                                _mul.done       QSET    -1
                                                SLL     %reg%,  2
                                                MOVR    %reg%,  %tmp%
                                                SLL     %reg%,  2
                                                ADDR    %reg%,  %tmp%
                                                SLL     %reg%,  2
                                                ADDR    %tmp%,  %reg%
                                        ENDI

                                        ; Multiply by $55 (85)
                                        IF (_mul.const = $55)
                                _mul.done       QSET    -1
                                                MOVR    %reg%,  %tmp%
                                                SLL     %reg%,  2
                                                ADDR    %reg%,  %tmp%
                                                SLL     %reg%,  2
                                                ADDR    %reg%,  %tmp%
                                                SLL     %reg%,  2
                                                ADDR    %tmp%,  %reg%
                                        ENDI

                                        ; Multiply by $56 (86)
                                        IF (_mul.const = $56)
                                _mul.done       QSET    -1
                                                SLL     %reg%,  1
                                                MOVR    %reg%,  %tmp%
                                                SLL     %reg%,  1
                                                ADDR    %reg%,  %tmp%
                                                SLL     %reg%,  2
                                                ADDR    %reg%,  %tmp%
                                                SLL     %reg%,  2
                                                ADDR    %tmp%,  %reg%
                                        ENDI

                                        ; Multiply by $57 (87)
                                        IF (_mul.const = $57)
                                _mul.done       QSET    -1
                                                MOVR    %reg%,  %tmp%
                                                SLL     %reg%,  2
                                                SLL     %reg%,  1
                                                SUBR    %reg%,  %tmp%
                                                SLL     %reg%,  1
                                		SUBR    %reg%,	%tmp%
                                                SLL     %reg%,  2
                                		SUBR	%tmp%,	%reg%
                                        ENDI

                                        ; Multiply by $58 (88)
                                        IF (_mul.const = $58)
                                _mul.done       QSET    -1
                                                SLL     %reg%,  2
                                                SLL     %reg%,  1
                                                MOVR    %reg%,  %tmp%
                                                SLL     %reg%,  1
                                                ADDR    %reg%,  %tmp%
                                                SLL     %reg%,  2
                                                ADDR    %tmp%,  %reg%
                                        ENDI

                                        ; Multiply by $59 (89)
                                        IF (_mul.const = $59)
                                _mul.done       QSET    -1
                                                MOVR    %reg%,  %tmp%
                                                SLL     %reg%,  2
                                                SLL     %reg%,  1
                                                ADDR    %reg%,  %tmp%
                                                SLL     %reg%,  1
                                                ADDR    %reg%,  %tmp%
                                                SLL     %reg%,  2
                                                ADDR    %tmp%,  %reg%
                                        ENDI

                                        ; Multiply by $5A (90)
                                        IF (_mul.const = $5A)
                                _mul.done       QSET    -1
                                                SLL     %reg%,  1
                                                MOVR    %reg%,  %tmp%
                                                SLL     %reg%,  2
                                                ADDR    %reg%,  %tmp%
                                                SLL     %reg%,  1
                                                ADDR    %reg%,  %tmp%
                                                SLL     %reg%,  2
                                                ADDR    %tmp%,  %reg%
                                        ENDI

                                        ; Multiply by $5B (91)
                                        IF (_mul.const = $5B)
                                _mul.done       QSET    -1
                                                MOVR    %reg%,  %tmp%
                                                SLL     %reg%,  1
                                                ADDR    %reg%,  %tmp%
                                                SLL     %reg%,  2
                                                ADDR    %reg%,  %tmp%
                                                SLL     %reg%,  1
                                                ADDR    %reg%,  %tmp%
                                                SLL     %reg%,  2
                                                ADDR    %tmp%,  %reg%
                                        ENDI

                                        ; Multiply by $5C (92)
                                        IF (_mul.const = $5C)
                                _mul.done       QSET    -1
                                                SLL     %reg%,  2
                                                MOVR    %reg%,  %tmp%
                                                SLL     %reg%,  2
                                                SLL     %reg%,  1
                                                SUBR    %reg%,  %tmp%
                                                SLL     %reg%,  1
                                		SUBR	%tmp%,	%reg%
                                        ENDI

                                        ; Multiply by $5D (93)
                                        IF (_mul.const = $5D)
                                _mul.done       QSET    -1
                                		MOVR	%reg%,	%tmp%
                                                SLL     %reg%,  1
                                                ADDR    %reg%,  %tmp%
                                                SLL     %reg%,  2
                                                SLL     %reg%,  2
                                                SUBR    %reg%,  %tmp%
                                                SLL     %reg%,  1
                                		SUBR	%tmp%,	%reg%
                                        ENDI

                                        ; Multiply by $5E (94)
                                        IF (_mul.const = $5E)
                                _mul.done       QSET    -1
                                                SLL     %reg%,  1
                                                MOVR    %reg%,  %tmp%
                                                SLL     %reg%,  2
                                                SLL     %reg%,  2
                                                SUBR    %reg%,  %tmp%
                                                SLL     %reg%,  1
                                		SUBR	%tmp%,	%reg%
                                        ENDI

                                        ; Multiply by $5F (95)
                                        IF (_mul.const = $5F)
                                _mul.done       QSET    -1
                                                MOVR    %reg%,  %tmp%
                                                ADDR	%reg%,	%reg%
                                                SLL     %reg%,  2
                                                SLL     %reg%,  2
                                                SUBR    %reg%,  %tmp%
                                                SLL     %reg%,  1
                                		SUBR	%tmp%,	%reg%
                                        ENDI

                                        ; Multiply by $60 (96)
                                        IF (_mul.const = $60)
                                _mul.done       QSET    -1
                                                SLL     %reg%,  2
                                                SLL     %reg%,  2
                                		ADDR	%reg%,	%reg%
                                                MOVR    %reg%,  %tmp%
                                                SLL     %reg%,  1
                                                ADDR    %tmp%,  %reg%
                                        ENDI

                                        ; Multiply by $61 (97)
                                        IF (_mul.const = $61)
                                _mul.done       QSET    -1
                                                MOVR    %reg%,  %tmp%
                                                SLL     %reg%,  2
                                                SLL     %reg%,  2
                                                SLL     %reg%,  1
                                                ADDR    %reg%,  %tmp%
                                                SLL     %reg%,  1
                                                ADDR    %tmp%,  %reg%
                                        ENDI

                                        ; Multiply by $62 (98)
                                        IF (_mul.const = $62)
                                _mul.done       QSET    -1
                                                SLL     %reg%,  1
                                                MOVR    %reg%,  %tmp%
                                                SLL     %reg%,  2
                                                SLL     %reg%,  2
                                                ADDR    %reg%,  %tmp%
                                                SLL     %reg%,  1
                                                ADDR    %tmp%,  %reg%
                                        ENDI

                                        ; Multiply by $63 (99)
                                        IF (_mul.const = $63)
                                _mul.done       QSET    -1
                                                MOVR    %reg%,  %tmp%
                                                SLL     %reg%,  1
                                                ADDR    %reg%,  %tmp%
                                                SLL     %reg%,  2
                                                SLL     %reg%,  2
                                                ADDR    %reg%,  %tmp%
                                                SLL     %reg%,  1
                                                ADDR    %tmp%,  %reg%
                                        ENDI

                                        ; Multiply by $64 (100)
                                        IF (_mul.const = $64)
                                _mul.done       QSET    -1
                                                SLL     %reg%,  2
                                                MOVR    %reg%,  %tmp%
                                                SLL     %reg%,  2
                                                SLL     %reg%,  1
                                                ADDR    %reg%,  %tmp%
                                                SLL     %reg%,  1
                                                ADDR    %tmp%,  %reg%
                                        ENDI

                                        ; Multiply by $65 (101)
                                        IF (_mul.const = $65)
                                _mul.done       QSET    -1
                                                MOVR    %reg%,  %tmp%
                                                SLL     %reg%,  2
                                                ADDR    %reg%,  %tmp%
                                                SLL     %reg%,  2
                                                SLL     %reg%,  1
                                                ADDR    %reg%,  %tmp%
                                                SLL     %reg%,  1
                                                ADDR    %tmp%,  %reg%
                                        ENDI

                                        ; Multiply by $66 (102)
                                        IF (_mul.const = $66)
                                _mul.done       QSET    -1
                                                SLL     %reg%,  1
                                                MOVR    %reg%,  %tmp%
                                                SLL     %reg%,  1
                                                ADDR    %reg%,  %tmp%
                                                SLL     %reg%,  2
                                                SLL     %reg%,  1
                                                ADDR    %reg%,  %tmp%
                                                SLL     %reg%,  1
                                                ADDR    %tmp%,  %reg%
                                        ENDI

                                        ; Multiply by $67 (103)
                                        IF (_mul.const = $67)
                                _mul.done       QSET    -1
                                                MOVR    %reg%,  %tmp%
                                                SLL     %reg%,  2
                                                SLL     %reg%,  1
                                                SUBR    %reg%,  %tmp%
                                                SLL     %reg%,  2
                                                SUBR    %reg%,  %tmp%
                                                SLL     %reg%,  1
                                                SUBR    %tmp%,  %reg%
                                        ENDI

                                        ; Multiply by $68 (104)
                                        IF (_mul.const = $68)
                                _mul.done       QSET    -1
                                                SLL     %reg%,  2
                                                SLL     %reg%,  1
                                                MOVR    %reg%,  %tmp%
                                                SLL     %reg%,  2
                                                ADDR    %reg%,  %tmp%
                                                SLL     %reg%,  1
                                                ADDR    %tmp%,  %reg%
                                        ENDI

                                        ; Multiply by $69 (105)
                                        IF (_mul.const = $69)
                                _mul.done       QSET    -1
                                                MOVR    %reg%,  %tmp%
                                                SLL     %reg%,  2
                                                SLL     %reg%,  1
                                                ADDR    %reg%,  %tmp%
                                                SLL     %reg%,  2
                                                ADDR    %reg%,  %tmp%
                                                SLL     %reg%,  1
                                                ADDR    %tmp%,  %reg%
                                        ENDI

                                        ; Multiply by $6A (106)
                                        IF (_mul.const = $6A)
                                _mul.done       QSET    -1
                                                SLL     %reg%,  1
                                                MOVR    %reg%,  %tmp%
                                                SLL     %reg%,  2
                                                ADDR    %reg%,  %tmp%
                                                SLL     %reg%,  2
                                                ADDR    %reg%,  %tmp%
                                                SLL     %reg%,  1
                                                ADDR    %tmp%,  %reg%
                                        ENDI

                                        ; Multiply by $6B (107)
                                        IF (_mul.const = $6B)
                                _mul.done       QSET    -1
                                                MOVR    %reg%,  %tmp%
                                                SLL     %reg%,  1
                                                ADDR    %reg%,  %tmp%
                                                SLL     %reg%,  2
                                                ADDR    %reg%,  %tmp%
                                                SLL     %reg%,  2
                                                ADDR    %reg%,  %tmp%
                                                SLL     %reg%,  1
                                                ADDR    %tmp%,  %reg%
                                        ENDI

                                        ; Multiply by $6C (108)
                                        IF (_mul.const = $6C)
                                _mul.done       QSET    -1
                                                SLL     %reg%,  2
                                                MOVR    %reg%,  %tmp%
                                                SLL     %reg%,  1
                                                ADDR    %reg%,  %tmp%
                                                SLL     %reg%,  2
                                                ADDR    %reg%,  %tmp%
                                                SLL     %reg%,  1
                                                ADDR    %tmp%,  %reg%
                                        ENDI

                                        ; Multiply by $6D (109)
                                        IF (_mul.const = $6D)
                                _mul.done       QSET    -1
                                                MOVR    %reg%,  %tmp%
                                                SLL     %reg%,  2
                                                ADDR    %reg%,  %tmp%
                                                SLL     %reg%,  1
                                                ADDR    %reg%,  %tmp%
                                                SLL     %reg%,  2
                                                ADDR    %reg%,  %tmp%
                                                SLL     %reg%,  1
                                                ADDR    %tmp%,  %reg%
                                        ENDI

                                        ; Multiply by $6E (110)
                                        IF (_mul.const = $6E)
                                _mul.done       QSET    -1
                                                SLL     %reg%,  1
                                                MOVR    %reg%,  %tmp%
                                                SLL     %reg%,  2
                                                SLL     %reg%,  1
                                                ADDR    %reg%,  %tmp%
                                                SLL     %reg%,  2
                                                SLL     %reg%,  1
                                		SUBR	%tmp%,	%reg%
                                        ENDI

                                        ; Multiply by $6F (111)
                                        IF (_mul.const = $6F)
                                _mul.done       QSET    -1
                                                MOVR    %reg%,  %tmp%
                                                SLL     %reg%,  2
                                                SLL     %reg%,  2
                                                ADDR    %reg%,  %tmp%
                                                SLL     %reg%,  2
                                                SLL     %reg%,  1
                                		SUBR	%tmp%,	%reg%
                                        ENDI

                                        ; Multiply by $70 (112)
                                        IF (_mul.const = $70)
                                _mul.done       QSET    -1
                                                SLL     %reg%,  2
                                                SLL     %reg%,  2
                                                MOVR    %reg%,  %tmp%
                                                SLL     %reg%,  2
                                                SLL     %reg%,  1
                                                SUBR    %tmp%,  %reg%
                                        ENDI

                                        ; Multiply by $71 (113)
                                        IF (_mul.const = $71)
                                _mul.done       QSET    -1
                                                MOVR    %reg%,  %tmp%
                                                SLL     %reg%,  2
                                                SLL     %reg%,  2
                                                SUBR    %reg%,  %tmp%
                                                SLL     %reg%,  2
                                                SLL     %reg%,  1
                                                ADDR    %tmp%,  %reg%
                                        ENDI

                                        ; Multiply by $72 (114)
                                        IF (_mul.const = $72)
                                _mul.done       QSET    -1
                                                SLL     %reg%,  1
                                                MOVR    %reg%,  %tmp%
                                                SLL     %reg%,  2
                                                SLL     %reg%,  1
                                                SUBR    %reg%,  %tmp%
                                                SLL     %reg%,  2
                                                SLL     %reg%,  1
                                                ADDR    %tmp%,  %reg%
                                        ENDI

                                        ; Multiply by $73 (115)
                                        IF (_mul.const = $73)
                                _mul.done       QSET    -1
                                                MOVR    %reg%,  %tmp%
                                                SLL     %reg%,  1
                                                ADDR    %reg%,  %tmp%
                                                SLL     %reg%,  2
                                                SLL     %reg%,  1
                                                SUBR    %reg%,  %tmp%
                                                SLL     %reg%,  2
                                                SLL     %reg%,  1
                                                ADDR    %tmp%,  %reg%
                                        ENDI

                                        ; Multiply by $74 (116)
                                        IF (_mul.const = $74)
                                _mul.done       QSET    -1
                                                SLL     %reg%,  2
                                                MOVR    %reg%,  %tmp%
                                                SLL     %reg%,  2
                                                SUBR    %reg%,  %tmp%
                                                SLL     %reg%,  2
                                                SLL     %reg%,  1
                                                ADDR    %tmp%,  %reg%
                                        ENDI

                                        ; Multiply by $75 (117)
                                        IF (_mul.const = $75)
                                _mul.done       QSET    -1
                                                MOVR    %reg%,  %tmp%
                                                SLL     %reg%,  2
                                                ADDR    %reg%,  %tmp%
                                                SLL     %reg%,  2
                                                SUBR    %reg%,  %tmp%
                                                SLL     %reg%,  2
                                                SLL     %reg%,  1
                                                ADDR    %tmp%,  %reg%
                                        ENDI

                                        ; Multiply by $76 (118)
                                        IF (_mul.const = $76)
                                _mul.done       QSET    -1
                                                SLL     %reg%,  1
                                                MOVR    %reg%,  %tmp%
                                                SLL     %reg%,  1
                                                ADDR    %reg%,  %tmp%
                                                SLL     %reg%,  2
                                                SUBR    %reg%,  %tmp%
                                                SLL     %reg%,  2
                                                SLL     %reg%,  1
                                                ADDR    %tmp%,  %reg%
                                        ENDI

                                        ; Multiply by $77 (119)
                                        IF (_mul.const = $77)
                                _mul.done       QSET    -1
                                                MOVR    %reg%,  %tmp%
                                                SLL     %reg%,  2
                                                SLL     %reg%,  1
                                                ADDR    %reg%,  %tmp%
                                                SLL     %reg%,  2
                                                SLL     %reg%,  2
                                                SUBR    %tmp%,  %reg%
                                        ENDI

                                        ; Multiply by $78 (120)
                                        IF (_mul.const = $78)
                                _mul.done       QSET    -1
                                                SLL     %reg%,  2
                                                SLL     %reg%,  1
                                                MOVR    %reg%,  %tmp%
                                                SLL     %reg%,  2
                                                SLL     %reg%,  2
                                                SUBR    %tmp%,  %reg%
                                        ENDI

                                        ; Multiply by $79 (121)
                                        IF (_mul.const = $79)
                                _mul.done       QSET    -1
                                                MOVR    %reg%,  %tmp%
                                                SLL     %reg%,  2
                                                SLL     %reg%,  1
                                                SUBR    %reg%,  %tmp%
                                                SLL     %reg%,  2
                                                SLL     %reg%,  2
                                                ADDR    %tmp%,  %reg%
                                        ENDI

                                        ; Multiply by $7A (122)
                                        IF (_mul.const = $7A)
                                _mul.done       QSET    -1
                                                SLL     %reg%,  1
                                                MOVR    %reg%,  %tmp%
                                                SLL     %reg%,  2
                                                SUBR    %reg%,  %tmp%
                                                SLL     %reg%,  2
                                                SLL     %reg%,  2
                                                ADDR    %tmp%,  %reg%
                                        ENDI

                                        ; Multiply by $7B (123)
                                        IF (_mul.const = $7B)
                                _mul.done       QSET    -1
                                                MOVR    %reg%,  %tmp%
                                                SLL     %reg%,  1
                                                ADDR    %reg%,  %tmp%
                                                SLL     %reg%,  2
                                                SUBR    %reg%,  %tmp%
                                                SLL     %reg%,  2
                                                SLL     %reg%,  2
                                                ADDR    %tmp%,  %reg%
                                        ENDI

                                        ; Multiply by $7C (124)
                                        IF (_mul.const = $7C)
                                _mul.done       QSET    -1
                                                SLL     %reg%,  2
                                                MOVR    %reg%,  %tmp%
                                                SLL     %reg%,  2
                                                SLL     %reg%,  2
                                		ADDR	%reg%,	%reg%
                                                SUBR    %tmp%,  %reg%
                                        ENDI

                                        ; Multiply by $7D (125)
                                        IF (_mul.const = $7D)
                                _mul.done       QSET    -1
                                                MOVR    %reg%,  %tmp%
                                                SLL     %reg%,  2
                                                SUBR    %reg%,  %tmp%
                                                SLL     %reg%,  2
                                                SLL     %reg%,  2
                                		ADDR	%reg%,	%reg%
                                                ADDR    %tmp%,  %reg%
                                        ENDI

                                        ; Multiply by $7E (126)
                                        IF (_mul.const = $7E)
                                _mul.done       QSET    -1
                                                SLL     %reg%,  1
                                                MOVR    %reg%,  %tmp%
                                                SLL     %reg%,  2
                                                SLL     %reg%,  2
                                                SLL     %reg%,  2
                                                SUBR    %tmp%,  %reg%
                                        ENDI

                                        ; Multiply by $7F (127)
                                        IF (_mul.const = $7F)
                                _mul.done       QSET    -1
                                                MOVR    %reg%,  %tmp%
                                                SLL     %reg%,  2
                                                SLL     %reg%,  2
                                                SLL     %reg%,  2
                                                SLL     %reg%,  1
                                                SUBR    %tmp%,  %reg%
                                        ENDI

                                        IF  (_mul.done = 0)
                                            ERR $("Invalid multiplication constant \'%const%\', must be between 0 and ", $#($7F), ".")
                                        ENDI

                                    LISTING "prev"
                                ENDM

                                ;; ======================================================================== ;;
                                ;;  EOF: pm:mac:lang:mult                                                   ;;
                                ;; ======================================================================== ;;

                                	;FILE texas.bas
                                	;[1] ' texas.bas -- Texas Hold'em for Intellivision, entry point + state machine.
                                	SRCFILE "texas.bas",1
                                	;[2] '
                                	SRCFILE "texas.bas",2
                                	;[3] ' Converted from fujinet-5cardstud/intv/5card.bas the same way the C and
                                	SRCFILE "texas.bas",3
                                	;[4] ' FastBasic clients were converted: wire offsets shift +11 past viewing
                                	SRCFILE "texas.bas",4
                                	;[5] ' (community[11] inserted at 87, see state.bas), 2 hole cards per seat
                                	SRCFILE "texas.bas",5
                                	;[6] ' instead of 5, a 5-card community board center-table, and a street label
                                	SRCFILE "texas.bas",6
                                	;[7] ' (PRE-FLOP/FLOP/TURN/RIVER/SHOWDOWN). The betting UI is unchanged -- move
                                	SRCFILE "texas.bas",7
                                	;[8] ' codes and labels are server-supplied, so the client needs no poker rules.
                                	SRCFILE "texas.bas",8
                                	;[9] '
                                	SRCFILE "texas.bas",9
                                	;[10] ' Screen flow (simplified from the C clients' full parity, see the plan's
                                	SRCFILE "texas.bas",10
                                	;[11] ' Risks section): name entry (disc letter picker, falls back to it whenever
                                	SRCFILE "texas.bas",11
                                	;[12] ' the appkey read fails or comes back empty) -> table select (always shown
                                	SRCFILE "texas.bas",12
                                	;[13] ' at boot; the server endpoint is a compiled-in default rather than an
                                	SRCFILE "texas.bas",13
                                	;[14] ' appkey-persisted URL, since table select runs every boot anyway) -> game
                                	SRCFILE "texas.bas",14
                                	;[15] ' loop -> in-game menu (keypad CLEAR: quit table or resume).
                                	SRCFILE "texas.bas",15
                                	;[16] '
                                	SRCFILE "texas.bas",16
                                	;[17] ' Rendering only fully clears the screen when the table layout actually
                                	SRCFILE "texas.bas",17
                                	;[18] ' changes (see render_game); otherwise it updates cells in place, matching
                                	SRCFILE "texas.bas",18
                                	;[19] ' the CoCo/MSX C clients' SINGLE_BUFFER mode -- IntyBASIC has no true
                                	SRCFILE "texas.bas",19
                                	;[20] ' page-flip double buffering, so avoiding a per-poll CLS is what keeps the
                                	SRCFILE "texas.bas",20
                                	;[21] ' screen from flashing blank on every state refresh.
                                	SRCFILE "texas.bas",21
                                	;[22] '
                                	SRCFILE "texas.bas",22
                                	;[23] ' GOTO boot_start jumps over every INCLUDE below before any of it runs.
                                	SRCFILE "texas.bas",23
                                	;[24] ' This isn't optional: fujinet.bas/gfx.bas are libraries whose PROCEDURE
                                	SRCFILE "texas.bas",24
                                	;[25] ' (and gfx.bas's DATA) bodies are meant to be reached only via GOSUB, per
                                	SRCFILE "texas.bas",25
                                	;[26] ' the IntyBASIC manual's warning that falling into a PROCEDURE or DATA
                                	SRCFILE "texas.bas",26
                                	;[27] ' block by straight-line execution corrupts the return stack. Since
                                	SRCFILE "texas.bas",27
                                	;[28] ' INCLUDE pastes their text in at this point, and this file's own
                                	SRCFILE "texas.bas",28
                                	;[29] ' DATA/PROCEDURE blocks (below) have the same requirement, the single
                                	SRCFILE "texas.bas",29
                                	;[30] ' cheapest fix is to never let the CPU reach any of it except via GOSUB --
                                	SRCFILE "texas.bas",30
                                	;[31] ' hence jumping straight to boot_start before the includes even begin.
                                	SRCFILE "texas.bas",31
                                	;[32]     GOTO boot_start
                                	SRCFILE "texas.bas",32
50C5   0200 09B1                	B label_BOOT_START
                                	;[33] 
                                	SRCFILE "texas.bas",33
                                	;[34]     INCLUDE "constants.bas"
                                	SRCFILE "texas.bas",34
                                	;FILE constants.bas
                                	;[1] REM -------------------------------------------------------------------------
                                	SRCFILE "constants.bas",1
                                	;[2] REM HEADER - CONSTANTS.BAS
                                	SRCFILE "constants.bas",2
                                	;[3] REM 
                                	SRCFILE "constants.bas",3
                                	;[4] REM Started by Mark Ball, July 2015
                                	SRCFILE "constants.bas",4
                                	;[5] REM
                                	SRCFILE "constants.bas",5
                                	;[6] REM Constants for use in IntyBASIC
                                	SRCFILE "constants.bas",6
                                	;[7] REM
                                	SRCFILE "constants.bas",7
                                	;[8] REM HISTORY
                                	SRCFILE "constants.bas",8
                                	;[9] REM -------
                                	SRCFILE "constants.bas",9
                                	;[10] REM 1.00F 05/07/15 - First version.
                                	SRCFILE "constants.bas",10
                                	;[11] REM 1.01F 07/07/15 - Added disc directions.
                                	SRCFILE "constants.bas",11
                                	;[12] REM                - Added background modes.
                                	SRCFILE "constants.bas",12
                                	;[13] REM                - Minor comment changes.
                                	SRCFILE "constants.bas",13
                                	;[14] REM 1.02F 08/07/15 - Renamed constants.
                                	SRCFILE "constants.bas",14
                                	;[15] REM                - Added background access information.
                                	SRCFILE "constants.bas",15
                                	;[16] REM                - Adjustments to layout.
                                	SRCFILE "constants.bas",16
                                	;[17] REM 1.03F 08/07/15 - Fixed comment delimiter.
                                	SRCFILE "constants.bas",17
                                	;[18] REM 1.04F 11/07/15 - Added useful functions.
                                	SRCFILE "constants.bas",18
                                	;[19] REM	               - Added controller movement mask.
                                	SRCFILE "constants.bas",19
                                	;[20] REM 1.05F 11/07/15 - Added BACKGROUND constants.
                                	SRCFILE "constants.bas",20
                                	;[21] REM 1.06F 11/07/15 - Changed Y, X order to X, Y in DEF FN functions.
                                	SRCFILE "constants.bas",21
                                	;[22] REM 1.07F 11/07/15 - Added colour stack advance.
                                	SRCFILE "constants.bas",22
                                	;[23] REM 1.08F 12/07/15 - Added functions for sprite position handling.
                                	SRCFILE "constants.bas",23
                                	;[24] REM 1.09F 12/07/15 - Added a function for resetting a sprite.
                                	SRCFILE "constants.bas",24
                                	;[25] REM 1.10F 13/07/15 - Added keypad constants.
                                	SRCFILE "constants.bas",25
                                	;[26] REM 1.11F 13/07/15 - Added side button constants.
                                	SRCFILE "constants.bas",26
                                	;[27] REM 1.12F 13/07/15 - Updated sprite functions.
                                	SRCFILE "constants.bas",27
                                	;[28] REM 1.13F 19/07/15 - Added border masking constants.
                                	SRCFILE "constants.bas",28
                                	;[29] REM 1.14F 20/07/15 - Added a combined border masking constant.
                                	SRCFILE "constants.bas",29
                                	;[30] REM 1.15F 20/07/15 - Renamed border masking constants to BORDER_HIDE_xxxx.
                                	SRCFILE "constants.bas",30
                                	;[31] REM 1.16F 28/09/15 - Fixed disc direction typos.
                                	SRCFILE "constants.bas",31
                                	;[32] REM 1.17F 30/09/15 - Fixed DISC_SOUTH_WEST value.
                                	SRCFILE "constants.bas",32
                                	;[33] REM 1.18F 05/12/15 - Fixed BG_XXXX colours.
                                	SRCFILE "constants.bas",33
                                	;[34] REM 1.19F 01/01/16 - Changed name of BACKTAB constant to avoid confusion with #BACKTAB array.
                                	SRCFILE "constants.bas",34
                                	;[35] REM                - Added pause key constants.
                                	SRCFILE "constants.bas",35
                                	;[36] REM 1.20F 14/01/16 - Added coloured squares mode's pixel colours.
                                	SRCFILE "constants.bas",36
                                	;[37] REM 1.21F 15/01/16 - Added coloured squares mode's X and Y limits.
                                	SRCFILE "constants.bas",37
                                	;[38] REM 1.22F 23/01/16 - Added PSG constants.
                                	SRCFILE "constants.bas",38
                                	;[39] REM -------------------------------------------------------------------------
                                	SRCFILE "constants.bas",39
                                	;[40] 
                                	SRCFILE "constants.bas",40
                                	;[41] REM /////////////////////////////////////////////////////////////////////////
                                	SRCFILE "constants.bas",41
                                	;[42] 
                                	SRCFILE "constants.bas",42
                                	;[43] REM -------------------------------------------------------------------------
                                	SRCFILE "constants.bas",43
                                	;[44] REM Background information.
                                	SRCFILE "constants.bas",44
                                	;[45] REM -------------------------------------------------------------------------
                                	SRCFILE "constants.bas",45
                                	;[46] CONST BACKTAB_ADDR			= $0200		' Start of the BACKground TABle (BACKTAB) in RAM.
                                	SRCFILE "constants.bas",46
                                	;[47] CONST BACKGROUND_ROWS		= 12		' Height of the background in cards.
                                	SRCFILE "constants.bas",47
                                	;[48] CONST BACKGROUND_COLUMNS	= 20		' Width of the background in cards.
                                	SRCFILE "constants.bas",48
                                	;[49] 
                                	SRCFILE "constants.bas",49
                                	;[50] REM -------------------------------------------------------------------------
                                	SRCFILE "constants.bas",50
                                	;[51] REM Background GRAM cards.
                                	SRCFILE "constants.bas",51
                                	;[52] REM -------------------------------------------------------------------------
                                	SRCFILE "constants.bas",52
                                	;[53] CONST BG00 					= $0800
                                	SRCFILE "constants.bas",53
                                	;[54] CONST BG01 					= $0808
                                	SRCFILE "constants.bas",54
                                	;[55] CONST BG02 					= $0810
                                	SRCFILE "constants.bas",55
                                	;[56] CONST BG03 					= $0818
                                	SRCFILE "constants.bas",56
                                	;[57] CONST BG04 					= $0820
                                	SRCFILE "constants.bas",57
                                	;[58] CONST BG05 					= $0828
                                	SRCFILE "constants.bas",58
                                	;[59] CONST BG06 					= $0830
                                	SRCFILE "constants.bas",59
                                	;[60] CONST BG07 					= $0838
                                	SRCFILE "constants.bas",60
                                	;[61] CONST BG08 					= $0840
                                	SRCFILE "constants.bas",61
                                	;[62] CONST BG09 					= $0848
                                	SRCFILE "constants.bas",62
                                	;[63] CONST BG10 					= $0850
                                	SRCFILE "constants.bas",63
                                	;[64] CONST BG11 					= $0858
                                	SRCFILE "constants.bas",64
                                	;[65] CONST BG12 					= $0860
                                	SRCFILE "constants.bas",65
                                	;[66] CONST BG13 					= $0868
                                	SRCFILE "constants.bas",66
                                	;[67] CONST BG14 					= $0870
                                	SRCFILE "constants.bas",67
                                	;[68] CONST BG15 					= $0878
                                	SRCFILE "constants.bas",68
                                	;[69] CONST BG16 					= $0880
                                	SRCFILE "constants.bas",69
                                	;[70] CONST BG17 					= $0888
                                	SRCFILE "constants.bas",70
                                	;[71] CONST BG18 					= $0890
                                	SRCFILE "constants.bas",71
                                	;[72] CONST BG19 					= $0898
                                	SRCFILE "constants.bas",72
                                	;[73] CONST BG20 					= $08A0
                                	SRCFILE "constants.bas",73
                                	;[74] CONST BG21 					= $08A8
                                	SRCFILE "constants.bas",74
                                	;[75] CONST BG22 					= $08B0
                                	SRCFILE "constants.bas",75
                                	;[76] CONST BG23 					= $08B8
                                	SRCFILE "constants.bas",76
                                	;[77] CONST BG24 					= $08C0
                                	SRCFILE "constants.bas",77
                                	;[78] CONST BG25 					= $08C8
                                	SRCFILE "constants.bas",78
                                	;[79] CONST BG26 					= $08D0
                                	SRCFILE "constants.bas",79
                                	;[80] CONST BG27 					= $08D8
                                	SRCFILE "constants.bas",80
                                	;[81] CONST BG28 					= $08E0
                                	SRCFILE "constants.bas",81
                                	;[82] CONST BG29 					= $08E8
                                	SRCFILE "constants.bas",82
                                	;[83] CONST BG30 					= $08F0
                                	SRCFILE "constants.bas",83
                                	;[84] CONST BG31 					= $08F8
                                	SRCFILE "constants.bas",84
                                	;[85] CONST BG32 					= $0900
                                	SRCFILE "constants.bas",85
                                	;[86] CONST BG33 					= $0908
                                	SRCFILE "constants.bas",86
                                	;[87] CONST BG34 					= $0910
                                	SRCFILE "constants.bas",87
                                	;[88] CONST BG35 					= $0918
                                	SRCFILE "constants.bas",88
                                	;[89] CONST BG36 					= $0920
                                	SRCFILE "constants.bas",89
                                	;[90] CONST BG37 					= $0928
                                	SRCFILE "constants.bas",90
                                	;[91] CONST BG38 					= $0930
                                	SRCFILE "constants.bas",91
                                	;[92] CONST BG39 					= $0938
                                	SRCFILE "constants.bas",92
                                	;[93] CONST BG40 					= $0940
                                	SRCFILE "constants.bas",93
                                	;[94] CONST BG41 					= $0948
                                	SRCFILE "constants.bas",94
                                	;[95] CONST BG42 					= $0950
                                	SRCFILE "constants.bas",95
                                	;[96] CONST BG43 					= $0958
                                	SRCFILE "constants.bas",96
                                	;[97] CONST BG44 					= $0960
                                	SRCFILE "constants.bas",97
                                	;[98] CONST BG45 					= $0968
                                	SRCFILE "constants.bas",98
                                	;[99] CONST BG46 					= $0970
                                	SRCFILE "constants.bas",99
                                	;[100] CONST BG47 					= $0978
                                	SRCFILE "constants.bas",100
                                	;[101] CONST BG48 					= $0980
                                	SRCFILE "constants.bas",101
                                	;[102] CONST BG49 					= $0988
                                	SRCFILE "constants.bas",102
                                	;[103] CONST BG50 					= $0990
                                	SRCFILE "constants.bas",103
                                	;[104] CONST BG51 					= $0998
                                	SRCFILE "constants.bas",104
                                	;[105] CONST BG52 					= $09A0
                                	SRCFILE "constants.bas",105
                                	;[106] CONST BG53 					= $09A8
                                	SRCFILE "constants.bas",106
                                	;[107] CONST BG54 					= $09B0
                                	SRCFILE "constants.bas",107
                                	;[108] CONST BG55 					= $09B8
                                	SRCFILE "constants.bas",108
                                	;[109] CONST BG56 					= $09C0
                                	SRCFILE "constants.bas",109
                                	;[110] CONST BG57 					= $09C8
                                	SRCFILE "constants.bas",110
                                	;[111] CONST BG58 					= $09D0
                                	SRCFILE "constants.bas",111
                                	;[112] CONST BG59 					= $09D8
                                	SRCFILE "constants.bas",112
                                	;[113] CONST BG60 					= $09E0
                                	SRCFILE "constants.bas",113
                                	;[114] CONST BG61 					= $09E8
                                	SRCFILE "constants.bas",114
                                	;[115] CONST BG62 					= $09F0
                                	SRCFILE "constants.bas",115
                                	;[116] CONST BG63 					= $09F8
                                	SRCFILE "constants.bas",116
                                	;[117] 	
                                	SRCFILE "constants.bas",117
                                	;[118] REM /////////////////////////////////////////////////////////////////////////
                                	SRCFILE "constants.bas",118
                                	;[119] 
                                	SRCFILE "constants.bas",119
                                	;[120] REM -------------------------------------------------------------------------
                                	SRCFILE "constants.bas",120
                                	;[121] REM GRAM card index numbers.
                                	SRCFILE "constants.bas",121
                                	;[122] REM -------------------------------------------------------------------------
                                	SRCFILE "constants.bas",122
                                	;[123] REM Note: For use with the "define" command.
                                	SRCFILE "constants.bas",123
                                	;[124] REM -------------------------------------------------------------------------
                                	SRCFILE "constants.bas",124
                                	;[125] CONST DEF00 				= $0000
                                	SRCFILE "constants.bas",125
                                	;[126] CONST DEF01 				= $0001
                                	SRCFILE "constants.bas",126
                                	;[127] CONST DEF02 				= $0002
                                	SRCFILE "constants.bas",127
                                	;[128] CONST DEF03 				= $0003
                                	SRCFILE "constants.bas",128
                                	;[129] CONST DEF04 				= $0004
                                	SRCFILE "constants.bas",129
                                	;[130] CONST DEF05 				= $0005
                                	SRCFILE "constants.bas",130
                                	;[131] CONST DEF06 				= $0006
                                	SRCFILE "constants.bas",131
                                	;[132] CONST DEF07 				= $0007
                                	SRCFILE "constants.bas",132
                                	;[133] CONST DEF08 				= $0008
                                	SRCFILE "constants.bas",133
                                	;[134] CONST DEF09 				= $0009
                                	SRCFILE "constants.bas",134
                                	;[135] CONST DEF10 				= $000A
                                	SRCFILE "constants.bas",135
                                	;[136] CONST DEF11 				= $000B
                                	SRCFILE "constants.bas",136
                                	;[137] CONST DEF12 				= $000C
                                	SRCFILE "constants.bas",137
                                	;[138] CONST DEF13 				= $000D
                                	SRCFILE "constants.bas",138
                                	;[139] CONST DEF14 				= $000E
                                	SRCFILE "constants.bas",139
                                	;[140] CONST DEF15 				= $000F
                                	SRCFILE "constants.bas",140
                                	;[141] CONST DEF16 				= $0010
                                	SRCFILE "constants.bas",141
                                	;[142] CONST DEF17 				= $0011
                                	SRCFILE "constants.bas",142
                                	;[143] CONST DEF18 				= $0012
                                	SRCFILE "constants.bas",143
                                	;[144] CONST DEF19 				= $0013
                                	SRCFILE "constants.bas",144
                                	;[145] CONST DEF20 				= $0014
                                	SRCFILE "constants.bas",145
                                	;[146] CONST DEF21 				= $0015
                                	SRCFILE "constants.bas",146
                                	;[147] CONST DEF22 				= $0016
                                	SRCFILE "constants.bas",147
                                	;[148] CONST DEF23 				= $0017
                                	SRCFILE "constants.bas",148
                                	;[149] CONST DEF24 				= $0018
                                	SRCFILE "constants.bas",149
                                	;[150] CONST DEF25 				= $0019
                                	SRCFILE "constants.bas",150
                                	;[151] CONST DEF26 				= $001A
                                	SRCFILE "constants.bas",151
                                	;[152] CONST DEF27 				= $001B
                                	SRCFILE "constants.bas",152
                                	;[153] CONST DEF28 				= $001C
                                	SRCFILE "constants.bas",153
                                	;[154] CONST DEF29 				= $001D
                                	SRCFILE "constants.bas",154
                                	;[155] CONST DEF30 				= $001E
                                	SRCFILE "constants.bas",155
                                	;[156] CONST DEF31 				= $001F
                                	SRCFILE "constants.bas",156
                                	;[157] CONST DEF32 				= $0020
                                	SRCFILE "constants.bas",157
                                	;[158] CONST DEF33 				= $0021
                                	SRCFILE "constants.bas",158
                                	;[159] CONST DEF34 				= $0022
                                	SRCFILE "constants.bas",159
                                	;[160] CONST DEF35 				= $0023
                                	SRCFILE "constants.bas",160
                                	;[161] CONST DEF36 				= $0024
                                	SRCFILE "constants.bas",161
                                	;[162] CONST DEF37 				= $0025
                                	SRCFILE "constants.bas",162
                                	;[163] CONST DEF38 				= $0026
                                	SRCFILE "constants.bas",163
                                	;[164] CONST DEF39 				= $0027
                                	SRCFILE "constants.bas",164
                                	;[165] CONST DEF40 				= $0028
                                	SRCFILE "constants.bas",165
                                	;[166] CONST DEF41 				= $0029
                                	SRCFILE "constants.bas",166
                                	;[167] CONST DEF42 				= $002A
                                	SRCFILE "constants.bas",167
                                	;[168] CONST DEF43 				= $002B
                                	SRCFILE "constants.bas",168
                                	;[169] CONST DEF44 				= $002C
                                	SRCFILE "constants.bas",169
                                	;[170] CONST DEF45 				= $002D
                                	SRCFILE "constants.bas",170
                                	;[171] CONST DEF46 				= $002E
                                	SRCFILE "constants.bas",171
                                	;[172] CONST DEF47 				= $002F
                                	SRCFILE "constants.bas",172
                                	;[173] CONST DEF48 				= $0030
                                	SRCFILE "constants.bas",173
                                	;[174] CONST DEF49 				= $0031
                                	SRCFILE "constants.bas",174
                                	;[175] CONST DEF50 				= $0032
                                	SRCFILE "constants.bas",175
                                	;[176] CONST DEF51 				= $0033
                                	SRCFILE "constants.bas",176
                                	;[177] CONST DEF52 				= $0034
                                	SRCFILE "constants.bas",177
                                	;[178] CONST DEF53 				= $0035
                                	SRCFILE "constants.bas",178
                                	;[179] CONST DEF54 				= $0036
                                	SRCFILE "constants.bas",179
                                	;[180] CONST DEF55 				= $0037
                                	SRCFILE "constants.bas",180
                                	;[181] CONST DEF56 				= $0038
                                	SRCFILE "constants.bas",181
                                	;[182] CONST DEF57 				= $0039
                                	SRCFILE "constants.bas",182
                                	;[183] CONST DEF58 				= $003A
                                	SRCFILE "constants.bas",183
                                	;[184] CONST DEF59 				= $003B
                                	SRCFILE "constants.bas",184
                                	;[185] CONST DEF60 				= $003C
                                	SRCFILE "constants.bas",185
                                	;[186] CONST DEF61 				= $003D
                                	SRCFILE "constants.bas",186
                                	;[187] CONST DEF62 				= $003E
                                	SRCFILE "constants.bas",187
                                	;[188] CONST DEF63 				= $003F
                                	SRCFILE "constants.bas",188
                                	;[189] 
                                	SRCFILE "constants.bas",189
                                	;[190] REM /////////////////////////////////////////////////////////////////////////
                                	SRCFILE "constants.bas",190
                                	;[191] 
                                	SRCFILE "constants.bas",191
                                	;[192] REM -------------------------------------------------------------------------
                                	SRCFILE "constants.bas",192
                                	;[193] REM Screen modes.
                                	SRCFILE "constants.bas",193
                                	;[194] REM -------------------------------------------------------------------------
                                	SRCFILE "constants.bas",194
                                	;[195] REM Note: For use with the "mode" command.
                                	SRCFILE "constants.bas",195
                                	;[196] REM -------------------------------------------------------------------------
                                	SRCFILE "constants.bas",196
                                	;[197] CONST SCREEN_COLOR_STACK			= $0000
                                	SRCFILE "constants.bas",197
                                	;[198] CONST SCREEN_FOREGROUND_BACKGROUND	= $0001
                                	SRCFILE "constants.bas",198
                                	;[199] REM Abbreviated versions.
                                	SRCFILE "constants.bas",199
                                	;[200] CONST SCREEN_CS						= $0000
                                	SRCFILE "constants.bas",200
                                	;[201] CONST SCREEN_FB						= $0001
                                	SRCFILE "constants.bas",201
                                	;[202] 
                                	SRCFILE "constants.bas",202
                                	;[203] REM /////////////////////////////////////////////////////////////////////////
                                	SRCFILE "constants.bas",203
                                	;[204] 
                                	SRCFILE "constants.bas",204
                                	;[205] REM -------------------------------------------------------------------------
                                	SRCFILE "constants.bas",205
                                	;[206] REM COLORS - Border.
                                	SRCFILE "constants.bas",206
                                	;[207] REM -------------------------------------------------------------------------
                                	SRCFILE "constants.bas",207
                                	;[208] REM Notes:
                                	SRCFILE "constants.bas",208
                                	;[209] REM - For use with the commands "mode 0" and "mode 1".
                                	SRCFILE "constants.bas",209
                                	;[210] REM - For use with the "border" command.
                                	SRCFILE "constants.bas",210
                                	;[211] REM -------------------------------------------------------------------------
                                	SRCFILE "constants.bas",211
                                	;[212] CONST BORDER_BLACK			= $0000
                                	SRCFILE "constants.bas",212
                                	;[213] CONST BORDER_BLUE			= $0001
                                	SRCFILE "constants.bas",213
                                	;[214] CONST BORDER_RED			= $0002
                                	SRCFILE "constants.bas",214
                                	;[215] CONST BORDER_TAN			= $0003
                                	SRCFILE "constants.bas",215
                                	;[216] CONST BORDER_DARKGREEN		= $0004
                                	SRCFILE "constants.bas",216
                                	;[217] CONST BORDER_GREEN			= $0005
                                	SRCFILE "constants.bas",217
                                	;[218] CONST BORDER_YELLOW			= $0006
                                	SRCFILE "constants.bas",218
                                	;[219] CONST BORDER_WHITE			= $0007
                                	SRCFILE "constants.bas",219
                                	;[220] CONST BORDER_GREY			= $0008
                                	SRCFILE "constants.bas",220
                                	;[221] CONST BORDER_CYAN			= $0009
                                	SRCFILE "constants.bas",221
                                	;[222] CONST BORDER_ORANGE			= $000A
                                	SRCFILE "constants.bas",222
                                	;[223] CONST BORDER_BROWN			= $000B
                                	SRCFILE "constants.bas",223
                                	;[224] CONST BORDER_PINK			= $000C
                                	SRCFILE "constants.bas",224
                                	;[225] CONST BORDER_LIGHTBLUE		= $000D
                                	SRCFILE "constants.bas",225
                                	;[226] CONST BORDER_YELLOWGREEN	= $000E
                                	SRCFILE "constants.bas",226
                                	;[227] CONST BORDER_PURPLE			= $000F
                                	SRCFILE "constants.bas",227
                                	;[228] 
                                	SRCFILE "constants.bas",228
                                	;[229] REM /////////////////////////////////////////////////////////////////////////
                                	SRCFILE "constants.bas",229
                                	;[230] 
                                	SRCFILE "constants.bas",230
                                	;[231] REM -------------------------------------------------------------------------
                                	SRCFILE "constants.bas",231
                                	;[232] REM BORDER - Edge masks.
                                	SRCFILE "constants.bas",232
                                	;[233] REM -------------------------------------------------------------------------
                                	SRCFILE "constants.bas",233
                                	;[234] REM Note: For use with the "border color, edge" command.
                                	SRCFILE "constants.bas",234
                                	;[235] REM -------------------------------------------------------------------------
                                	SRCFILE "constants.bas",235
                                	;[236] CONST BORDER_HIDE_LEFT_EDGE		= $0001		' Hide the leftmost column of the background.
                                	SRCFILE "constants.bas",236
                                	;[237] CONST BORDER_HIDE_TOP_EDGE		= $0002		' Hide the topmost row of the background.
                                	SRCFILE "constants.bas",237
                                	;[238] CONST BORDER_HIDE_TOP_LEFT_EDGE	= $0003		' Hide both the topmost row and leftmost column of the background.
                                	SRCFILE "constants.bas",238
                                	;[239] 
                                	SRCFILE "constants.bas",239
                                	;[240] REM /////////////////////////////////////////////////////////////////////////
                                	SRCFILE "constants.bas",240
                                	;[241] 
                                	SRCFILE "constants.bas",241
                                	;[242] REM -------------------------------------------------------------------------
                                	SRCFILE "constants.bas",242
                                	;[243] REM COLORS - Mode 0 (Color Stack).
                                	SRCFILE "constants.bas",243
                                	;[244] REM -------------------------------------------------------------------------
                                	SRCFILE "constants.bas",244
                                	;[245] REM Stack
                                	SRCFILE "constants.bas",245
                                	;[246] REM -------------------------------------------------------------------------
                                	SRCFILE "constants.bas",246
                                	;[247] REM Note: For use as the last 4 parameters used in the "mode 1" command.
                                	SRCFILE "constants.bas",247
                                	;[248] REM -------------------------------------------------------------------------
                                	SRCFILE "constants.bas",248
                                	;[249] CONST STACK_BLACK			= $0000
                                	SRCFILE "constants.bas",249
                                	;[250] CONST STACK_BLUE			= $0001
                                	SRCFILE "constants.bas",250
                                	;[251] CONST STACK_RED				= $0002
                                	SRCFILE "constants.bas",251
                                	;[252] CONST STACK_TAN				= $0003
                                	SRCFILE "constants.bas",252
                                	;[253] CONST STACK_DARKGREEN		= $0004
                                	SRCFILE "constants.bas",253
                                	;[254] CONST STACK_GREEN			= $0005
                                	SRCFILE "constants.bas",254
                                	;[255] CONST STACK_YELLOW			= $0006
                                	SRCFILE "constants.bas",255
                                	;[256] CONST STACK_WHITE			= $0007
                                	SRCFILE "constants.bas",256
                                	;[257] CONST STACK_GREY			= $0008
                                	SRCFILE "constants.bas",257
                                	;[258] CONST STACK_CYAN			= $0009
                                	SRCFILE "constants.bas",258
                                	;[259] CONST STACK_ORANGE			= $000A
                                	SRCFILE "constants.bas",259
                                	;[260] CONST STACK_BROWN			= $000B
                                	SRCFILE "constants.bas",260
                                	;[261] CONST STACK_PINK			= $000C
                                	SRCFILE "constants.bas",261
                                	;[262] CONST STACK_LIGHTBLUE		= $000D
                                	SRCFILE "constants.bas",262
                                	;[263] CONST STACK_YELLOWGREEN		= $000E
                                	SRCFILE "constants.bas",263
                                	;[264] CONST STACK_PURPLE			= $000F
                                	SRCFILE "constants.bas",264
                                	;[265] 
                                	SRCFILE "constants.bas",265
                                	;[266] REM -------------------------------------------------------------------------
                                	SRCFILE "constants.bas",266
                                	;[267] REM Foreground.
                                	SRCFILE "constants.bas",267
                                	;[268] REM -------------------------------------------------------------------------
                                	SRCFILE "constants.bas",268
                                	;[269] REM Notes:
                                	SRCFILE "constants.bas",269
                                	;[270] REM - For use with "peek/poke" commands that access BACKTAB.
                                	SRCFILE "constants.bas",270
                                	;[271] REM - Only one foreground colour permitted per background card.
                                	SRCFILE "constants.bas",271
                                	;[272] REM -------------------------------------------------------------------------
                                	SRCFILE "constants.bas",272
                                	;[273] CONST CS_BLACK				= $0000
                                	SRCFILE "constants.bas",273
                                	;[274] CONST CS_BLUE				= $0001
                                	SRCFILE "constants.bas",274
                                	;[275] CONST CS_RED				= $0002
                                	SRCFILE "constants.bas",275
                                	;[276] CONST CS_TAN				= $0003
                                	SRCFILE "constants.bas",276
                                	;[277] CONST CS_DARKGREEN			= $0004
                                	SRCFILE "constants.bas",277
                                	;[278] CONST CS_GREEN				= $0005
                                	SRCFILE "constants.bas",278
                                	;[279] CONST CS_YELLOW				= $0006
                                	SRCFILE "constants.bas",279
                                	;[280] CONST CS_WHITE				= $0007
                                	SRCFILE "constants.bas",280
                                	;[281] CONST CS_GREY				= $1000
                                	SRCFILE "constants.bas",281
                                	;[282] CONST CS_CYAN				= $1001
                                	SRCFILE "constants.bas",282
                                	;[283] CONST CS_ORANGE				= $1002
                                	SRCFILE "constants.bas",283
                                	;[284] CONST CS_BROWN				= $1003
                                	SRCFILE "constants.bas",284
                                	;[285] CONST CS_PINK				= $1004
                                	SRCFILE "constants.bas",285
                                	;[286] CONST CS_LIGHTBLUE			= $1005
                                	SRCFILE "constants.bas",286
                                	;[287] CONST CS_YELLOWGREEN		= $1006
                                	SRCFILE "constants.bas",287
                                	;[288] CONST CS_PURPLE				= $1007
                                	SRCFILE "constants.bas",288
                                	;[289] 
                                	SRCFILE "constants.bas",289
                                	;[290] CONST CS_CARD_DATA_MASK		= $07F8		' Mask to get the background card's data.
                                	SRCFILE "constants.bas",290
                                	;[291] 
                                	SRCFILE "constants.bas",291
                                	;[292] CONST CS_ADVANCE			= $2000		' Advance the colour stack by one position.
                                	SRCFILE "constants.bas",292
                                	;[293] 
                                	SRCFILE "constants.bas",293
                                	;[294] REM -------------------------------------------------------------------------
                                	SRCFILE "constants.bas",294
                                	;[295] REM Coloured squares mode.
                                	SRCFILE "constants.bas",295
                                	;[296] REM -------------------------------------------------------------------------
                                	SRCFILE "constants.bas",296
                                	;[297] REM Notes :
                                	SRCFILE "constants.bas",297
                                	;[298] REM - Only available in colour stack mode.
                                	SRCFILE "constants.bas",298
                                	;[299] REM - Pixels in each BACKTAB card are arranged in the following manner:
                                	SRCFILE "constants.bas",299
                                	;[300] REM +-------+-------+
                                	SRCFILE "constants.bas",300
                                	;[301] REM | Pixel | Pixel |
                                	SRCFILE "constants.bas",301
                                	;[302] REM |   0   |   1   !
                                	SRCFILE "constants.bas",302
                                	;[303] REM +-------+-------+
                                	SRCFILE "constants.bas",303
                                	;[304] REM | Pixel | Pixel |
                                	SRCFILE "constants.bas",304
                                	;[305] REM |   2   |   3   !
                                	SRCFILE "constants.bas",305
                                	;[306] REM +-------+-------+
                                	SRCFILE "constants.bas",306
                                	;[307] REM
                                	SRCFILE "constants.bas",307
                                	;[308] REM -------------------------------------------------------------------------
                                	SRCFILE "constants.bas",308
                                	;[309] CONST CS_COLOUR_SQUARES_ENABLE	=$1000
                                	SRCFILE "constants.bas",309
                                	;[310] CONST CS_PIX0_BLACK				=0
                                	SRCFILE "constants.bas",310
                                	;[311] CONST CS_PIX0_BLUE				=1
                                	SRCFILE "constants.bas",311
                                	;[312] CONST CS_PIX0_RED				=2
                                	SRCFILE "constants.bas",312
                                	;[313] CONST CS_PIX0_TAN				=3
                                	SRCFILE "constants.bas",313
                                	;[314] CONST CS_PIX0_DARKGREEN			=4
                                	SRCFILE "constants.bas",314
                                	;[315] CONST CS_PIX0_GREEN				=5
                                	SRCFILE "constants.bas",315
                                	;[316] CONST CS_PIX0_YELLOW			=6
                                	SRCFILE "constants.bas",316
                                	;[317] CONST CS_PIX0_BACKGROUND		=7
                                	SRCFILE "constants.bas",317
                                	;[318] CONST CS_PIX1_BLACK				=0
                                	SRCFILE "constants.bas",318
                                	;[319] CONST CS_PIX1_BLUE				=1*8
                                	SRCFILE "constants.bas",319
                                	;[320] CONST CS_PIX1_RED				=2*8
                                	SRCFILE "constants.bas",320
                                	;[321] CONST CS_PIX1_TAN				=3*8
                                	SRCFILE "constants.bas",321
                                	;[322] CONST CS_PIX1_DARKGREEN			=4*8
                                	SRCFILE "constants.bas",322
                                	;[323] CONST CS_PIX1_GREEN				=5*8
                                	SRCFILE "constants.bas",323
                                	;[324] CONST CS_PIX1_YELLOW			=6*8
                                	SRCFILE "constants.bas",324
                                	;[325] CONST CS_PIX1_BACKGROUND		=7*8
                                	SRCFILE "constants.bas",325
                                	;[326] CONST CS_PIX2_BLACK				=0
                                	SRCFILE "constants.bas",326
                                	;[327] CONST CS_PIX2_BLUE				=1*64
                                	SRCFILE "constants.bas",327
                                	;[328] CONST CS_PIX2_RED				=2*64
                                	SRCFILE "constants.bas",328
                                	;[329] CONST CS_PIX2_TAN				=3*64
                                	SRCFILE "constants.bas",329
                                	;[330] CONST CS_PIX2_DARKGREEN			=4*64
                                	SRCFILE "constants.bas",330
                                	;[331] CONST CS_PIX2_GREEN				=5*64
                                	SRCFILE "constants.bas",331
                                	;[332] CONST CS_PIX2_YELLOW			=6*64
                                	SRCFILE "constants.bas",332
                                	;[333] CONST CS_PIX2_BACKGROUND		=7*64
                                	SRCFILE "constants.bas",333
                                	;[334] CONST CS_PIX3_BLACK				=0
                                	SRCFILE "constants.bas",334
                                	;[335] CONST CS_PIX3_BLUE				=$0200
                                	SRCFILE "constants.bas",335
                                	;[336] CONST CS_PIX3_RED				=$0400
                                	SRCFILE "constants.bas",336
                                	;[337] CONST CS_PIX3_TAN				=$0600
                                	SRCFILE "constants.bas",337
                                	;[338] CONST CS_PIX3_DARKGREEN			=$2000
                                	SRCFILE "constants.bas",338
                                	;[339] CONST CS_PIX3_GREEN				=$2200
                                	SRCFILE "constants.bas",339
                                	;[340] CONST CS_PIX3_YELLOW			=$2400
                                	SRCFILE "constants.bas",340
                                	;[341] CONST CS_PIX3_BACKGROUND		=$2600
                                	SRCFILE "constants.bas",341
                                	;[342] CONST CS_PIX_MASK				=CS_COLOUR_SQUARES_ENABLE+CS_PIX0_BACKGROUND+CS_PIX1_BACKGROUND+CS_PIX2_BACKGROUND+CS_PIX3_BACKGROUND
                                	SRCFILE "constants.bas",342
                                	;[343] 
                                	SRCFILE "constants.bas",343
                                	;[344] CONST CS_PIX_X_MIN				=0		' Minimum x coordinate.
                                	SRCFILE "constants.bas",344
                                	;[345] CONST CS_PIX_X_MAX				=39		' Maximum x coordinate.
                                	SRCFILE "constants.bas",345
                                	;[346] CONST CS_PIX_Y_MIN				=0		' Minimum Y coordinate.
                                	SRCFILE "constants.bas",346
                                	;[347] CONST CS_PIX_Y_MAX				=23		' Maximum Y coordinate.
                                	SRCFILE "constants.bas",347
                                	;[348] 
                                	SRCFILE "constants.bas",348
                                	;[349] REM /////////////////////////////////////////////////////////////////////////
                                	SRCFILE "constants.bas",349
                                	;[350] 
                                	SRCFILE "constants.bas",350
                                	;[351] REM -------------------------------------------------------------------------
                                	SRCFILE "constants.bas",351
                                	;[352] REM COLORS - Mode 1 (Foreground Background)
                                	SRCFILE "constants.bas",352
                                	;[353] REM -------------------------------------------------------------------------
                                	SRCFILE "constants.bas",353
                                	;[354] REM Foreground.
                                	SRCFILE "constants.bas",354
                                	;[355] REM -------------------------------------------------------------------------
                                	SRCFILE "constants.bas",355
                                	;[356] REM Notes:
                                	SRCFILE "constants.bas",356
                                	;[357] REM - For use with "peek/poke" commands that access BACKTAB.
                                	SRCFILE "constants.bas",357
                                	;[358] REM - Only one foreground colour permitted per background card.
                                	SRCFILE "constants.bas",358
                                	;[359] REM -------------------------------------------------------------------------
                                	SRCFILE "constants.bas",359
                                	;[360] CONST FG_BLACK				= $0000
                                	SRCFILE "constants.bas",360
                                	;[361] CONST FG_BLUE				= $0001
                                	SRCFILE "constants.bas",361
                                	;[362] CONST FG_RED				= $0002
                                	SRCFILE "constants.bas",362
                                	;[363] CONST FG_TAN				= $0003
                                	SRCFILE "constants.bas",363
                                	;[364] CONST FG_DARKGREEN			= $0004
                                	SRCFILE "constants.bas",364
                                	;[365] CONST FG_GREEN				= $0005
                                	SRCFILE "constants.bas",365
                                	;[366] CONST FG_YELLOW				= $0006
                                	SRCFILE "constants.bas",366
                                	;[367] CONST FG_WHITE				= $0007
                                	SRCFILE "constants.bas",367
                                	;[368] 
                                	SRCFILE "constants.bas",368
                                	;[369] REM -------------------------------------------------------------------------
                                	SRCFILE "constants.bas",369
                                	;[370] REM Background.
                                	SRCFILE "constants.bas",370
                                	;[371] REM -------------------------------------------------------------------------
                                	SRCFILE "constants.bas",371
                                	;[372] REM Notes:
                                	SRCFILE "constants.bas",372
                                	;[373] REM - For use with "peek/poke" commands that access BACKTAB.
                                	SRCFILE "constants.bas",373
                                	;[374] REM - Only one background colour permitted per background card.
                                	SRCFILE "constants.bas",374
                                	;[375] REM -------------------------------------------------------------------------
                                	SRCFILE "constants.bas",375
                                	;[376] CONST BG_BLACK				= $0000
                                	SRCFILE "constants.bas",376
                                	;[377] CONST BG_BLUE				= $0200
                                	SRCFILE "constants.bas",377
                                	;[378] CONST BG_RED				= $0400
                                	SRCFILE "constants.bas",378
                                	;[379] CONST BG_TAN				= $0600
                                	SRCFILE "constants.bas",379
                                	;[380] CONST BG_DARKGREEN			= $2000
                                	SRCFILE "constants.bas",380
                                	;[381] CONST BG_GREEN				= $2200
                                	SRCFILE "constants.bas",381
                                	;[382] CONST BG_YELLOW				= $2400
                                	SRCFILE "constants.bas",382
                                	;[383] CONST BG_WHITE				= $2600
                                	SRCFILE "constants.bas",383
                                	;[384] CONST BG_GREY				= $1000
                                	SRCFILE "constants.bas",384
                                	;[385] CONST BG_CYAN				= $1200
                                	SRCFILE "constants.bas",385
                                	;[386] CONST BG_ORANGE				= $1400
                                	SRCFILE "constants.bas",386
                                	;[387] CONST BG_BROWN				= $1600
                                	SRCFILE "constants.bas",387
                                	;[388] CONST BG_PINK				= $3000
                                	SRCFILE "constants.bas",388
                                	;[389] CONST BG_LIGHTBLUE			= $3200
                                	SRCFILE "constants.bas",389
                                	;[390] CONST BG_YELLOWGREEN		= $3400
                                	SRCFILE "constants.bas",390
                                	;[391] CONST BG_PURPLE				= $3600
                                	SRCFILE "constants.bas",391
                                	;[392] 
                                	SRCFILE "constants.bas",392
                                	;[393] CONST FGBG_CARD_DATA_MASK	= $01F8		' Mask to get the background card's data.
                                	SRCFILE "constants.bas",393
                                	;[394] 
                                	SRCFILE "constants.bas",394
                                	;[395] REM /////////////////////////////////////////////////////////////////////////
                                	SRCFILE "constants.bas",395
                                	;[396] 
                                	SRCFILE "constants.bas",396
                                	;[397] REM -------------------------------------------------------------------------
                                	SRCFILE "constants.bas",397
                                	;[398] REM Sprites.
                                	SRCFILE "constants.bas",398
                                	;[399] REM -------------------------------------------------------------------------
                                	SRCFILE "constants.bas",399
                                	;[400] REM Note: For use with "sprite" command.
                                	SRCFILE "constants.bas",400
                                	;[401] REM -------------------------------------------------------------------------
                                	SRCFILE "constants.bas",401
                                	;[402] REM X
                                	SRCFILE "constants.bas",402
                                	;[403] REM -------------------------------------------------------------------------
                                	SRCFILE "constants.bas",403
                                	;[404] REM Note: Add these constants to the sprite command's X parameter.
                                	SRCFILE "constants.bas",404
                                	;[405] REM -------------------------------------------------------------------------
                                	SRCFILE "constants.bas",405
                                	;[406] CONST HIT					= $0100		' Enable the sprite's collision detection.
                                	SRCFILE "constants.bas",406
                                	;[407] CONST VISIBLE				= $0200		' Make the sprite visible.
                                	SRCFILE "constants.bas",407
                                	;[408] CONST ZOOMX2				= $0400		' Make the sprite twice the width.
                                	SRCFILE "constants.bas",408
                                	;[409] 
                                	SRCFILE "constants.bas",409
                                	;[410] REM -------------------------------------------------------------------------
                                	SRCFILE "constants.bas",410
                                	;[411] REM Y
                                	SRCFILE "constants.bas",411
                                	;[412] REM -------------------------------------------------------------------------
                                	SRCFILE "constants.bas",412
                                	;[413] REM Note: Add these constants to the sprite command's Y parameter.
                                	SRCFILE "constants.bas",413
                                	;[414] REM -------------------------------------------------------------------------
                                	SRCFILE "constants.bas",414
                                	;[415] CONST DOUBLEY				= $0080		' Make a double height sprite (with 2 GRAM cards).
                                	SRCFILE "constants.bas",415
                                	;[416] CONST ZOOMY2				= $0100		' Make the sprite twice (x2) the normal height.
                                	SRCFILE "constants.bas",416
                                	;[417] CONST ZOOMY4				= $0200		' Make the sprite quadruple (x4) the normal height.
                                	SRCFILE "constants.bas",417
                                	;[418] CONST ZOOMY8				= $0300		' Make the sprite octuple (x8) the normal height.
                                	SRCFILE "constants.bas",418
                                	;[419] CONST FLIPX					= $0400		' Flip/mirror the sprite in X.
                                	SRCFILE "constants.bas",419
                                	;[420] CONST FLIPY					= $0800		' Flip/mirror the sprite in Y.
                                	SRCFILE "constants.bas",420
                                	;[421] CONST MIRROR				= $0C00		' Flip/mirror the sprite in both X and Y.
                                	SRCFILE "constants.bas",421
                                	;[422] 
                                	SRCFILE "constants.bas",422
                                	;[423] REM -------------------------------------------------------------------------
                                	SRCFILE "constants.bas",423
                                	;[424] REM A
                                	SRCFILE "constants.bas",424
                                	;[425] REM -------------------------------------------------------------------------
                                	SRCFILE "constants.bas",425
                                	;[426] REM Notes:
                                	SRCFILE "constants.bas",426
                                	;[427] REM - Combine to create the sprite command's A parameter.
                                	SRCFILE "constants.bas",427
                                	;[428] REM - Only one colour per sprite.
                                	SRCFILE "constants.bas",428
                                	;[429] REM -------------------------------------------------------------------------
                                	SRCFILE "constants.bas",429
                                	;[430] CONST GRAM					= $0800		' Sprite's data is located in GRAM.
                                	SRCFILE "constants.bas",430
                                	;[431] CONST BEHIND				= $2000		' Sprite is behind the background.
                                	SRCFILE "constants.bas",431
                                	;[432] CONST SPR_BLACK				= $0000
                                	SRCFILE "constants.bas",432
                                	;[433] CONST SPR_BLUE				= $0001
                                	SRCFILE "constants.bas",433
                                	;[434] CONST SPR_RED				= $0002
                                	SRCFILE "constants.bas",434
                                	;[435] CONST SPR_TAN				= $0003
                                	SRCFILE "constants.bas",435
                                	;[436] CONST SPR_DARKGREEN			= $0004
                                	SRCFILE "constants.bas",436
                                	;[437] CONST SPR_GREEN				= $0005
                                	SRCFILE "constants.bas",437
                                	;[438] CONST SPR_YELLOW			= $0006
                                	SRCFILE "constants.bas",438
                                	;[439] CONST SPR_WHITE				= $0007
                                	SRCFILE "constants.bas",439
                                	;[440] CONST SPR_GREY				= $1000
                                	SRCFILE "constants.bas",440
                                	;[441] CONST SPR_CYAN				= $1001
                                	SRCFILE "constants.bas",441
                                	;[442] CONST SPR_ORANGE			= $1002
                                	SRCFILE "constants.bas",442
                                	;[443] CONST SPR_BROWN				= $1003
                                	SRCFILE "constants.bas",443
                                	;[444] CONST SPR_PINK				= $1004
                                	SRCFILE "constants.bas",444
                                	;[445] CONST SPR_LIGHTBLUE			= $1005
                                	SRCFILE "constants.bas",445
                                	;[446] CONST SPR_YELLOWGREEN		= $1006
                                	SRCFILE "constants.bas",446
                                	;[447] CONST SPR_PURPLE			= $1007
                                	SRCFILE "constants.bas",447
                                	;[448] 
                                	SRCFILE "constants.bas",448
                                	;[449] REM -------------------------------------------------------------------------
                                	SRCFILE "constants.bas",449
                                	;[450] REM GRAM numbers.
                                	SRCFILE "constants.bas",450
                                	;[451] REM -------------------------------------------------------------------------
                                	SRCFILE "constants.bas",451
                                	;[452] REM Note: For use in the sprite command's parameter A.
                                	SRCFILE "constants.bas",452
                                	;[453] REM -------------------------------------------------------------------------
                                	SRCFILE "constants.bas",453
                                	;[454] CONST SPR00 				= $0800
                                	SRCFILE "constants.bas",454
                                	;[455] CONST SPR01 				= $0808
                                	SRCFILE "constants.bas",455
                                	;[456] CONST SPR02 				= $0810
                                	SRCFILE "constants.bas",456
                                	;[457] CONST SPR03 				= $0818
                                	SRCFILE "constants.bas",457
                                	;[458] CONST SPR04 				= $0820
                                	SRCFILE "constants.bas",458
                                	;[459] CONST SPR05 				= $0828
                                	SRCFILE "constants.bas",459
                                	;[460] CONST SPR06 				= $0830
                                	SRCFILE "constants.bas",460
                                	;[461] CONST SPR07 				= $0838
                                	SRCFILE "constants.bas",461
                                	;[462] CONST SPR08 				= $0840
                                	SRCFILE "constants.bas",462
                                	;[463] CONST SPR09 				= $0848
                                	SRCFILE "constants.bas",463
                                	;[464] CONST SPR10 				= $0850
                                	SRCFILE "constants.bas",464
                                	;[465] CONST SPR11 				= $0858
                                	SRCFILE "constants.bas",465
                                	;[466] CONST SPR12 				= $0860
                                	SRCFILE "constants.bas",466
                                	;[467] CONST SPR13 				= $0868
                                	SRCFILE "constants.bas",467
                                	;[468] CONST SPR14 				= $0870
                                	SRCFILE "constants.bas",468
                                	;[469] CONST SPR15 				= $0878
                                	SRCFILE "constants.bas",469
                                	;[470] CONST SPR16 				= $0880
                                	SRCFILE "constants.bas",470
                                	;[471] CONST SPR17 				= $0888
                                	SRCFILE "constants.bas",471
                                	;[472] CONST SPR18 				= $0890
                                	SRCFILE "constants.bas",472
                                	;[473] CONST SPR19 				= $0898
                                	SRCFILE "constants.bas",473
                                	;[474] CONST SPR20 				= $08A0
                                	SRCFILE "constants.bas",474
                                	;[475] CONST SPR21 				= $08A8
                                	SRCFILE "constants.bas",475
                                	;[476] CONST SPR22 				= $08B0
                                	SRCFILE "constants.bas",476
                                	;[477] CONST SPR23 				= $08B8
                                	SRCFILE "constants.bas",477
                                	;[478] CONST SPR24 				= $08C0
                                	SRCFILE "constants.bas",478
                                	;[479] CONST SPR25 				= $08C8
                                	SRCFILE "constants.bas",479
                                	;[480] CONST SPR26 				= $08D0
                                	SRCFILE "constants.bas",480
                                	;[481] CONST SPR27 				= $08D8
                                	SRCFILE "constants.bas",481
                                	;[482] CONST SPR28 				= $08E0
                                	SRCFILE "constants.bas",482
                                	;[483] CONST SPR29 				= $08E8
                                	SRCFILE "constants.bas",483
                                	;[484] CONST SPR30 				= $08F0
                                	SRCFILE "constants.bas",484
                                	;[485] CONST SPR31 				= $08F8
                                	SRCFILE "constants.bas",485
                                	;[486] CONST SPR32 				= $0900
                                	SRCFILE "constants.bas",486
                                	;[487] CONST SPR33 				= $0908
                                	SRCFILE "constants.bas",487
                                	;[488] CONST SPR34 				= $0910
                                	SRCFILE "constants.bas",488
                                	;[489] CONST SPR35 				= $0918
                                	SRCFILE "constants.bas",489
                                	;[490] CONST SPR36 				= $0920
                                	SRCFILE "constants.bas",490
                                	;[491] CONST SPR37 				= $0928
                                	SRCFILE "constants.bas",491
                                	;[492] CONST SPR38 				= $0930
                                	SRCFILE "constants.bas",492
                                	;[493] CONST SPR39 				= $0938
                                	SRCFILE "constants.bas",493
                                	;[494] CONST SPR40 				= $0940
                                	SRCFILE "constants.bas",494
                                	;[495] CONST SPR41 				= $0948
                                	SRCFILE "constants.bas",495
                                	;[496] CONST SPR42 				= $0950
                                	SRCFILE "constants.bas",496
                                	;[497] CONST SPR43 				= $0958
                                	SRCFILE "constants.bas",497
                                	;[498] CONST SPR44 				= $0960
                                	SRCFILE "constants.bas",498
                                	;[499] CONST SPR45 				= $0968
                                	SRCFILE "constants.bas",499
                                	;[500] CONST SPR46 				= $0970
                                	SRCFILE "constants.bas",500
                                	;[501] CONST SPR47 				= $0978
                                	SRCFILE "constants.bas",501
                                	;[502] CONST SPR48 				= $0980
                                	SRCFILE "constants.bas",502
                                	;[503] CONST SPR49 				= $0988
                                	SRCFILE "constants.bas",503
                                	;[504] CONST SPR50 				= $0990
                                	SRCFILE "constants.bas",504
                                	;[505] CONST SPR51 				= $0998
                                	SRCFILE "constants.bas",505
                                	;[506] CONST SPR52 				= $09A0
                                	SRCFILE "constants.bas",506
                                	;[507] CONST SPR53 				= $09A8
                                	SRCFILE "constants.bas",507
                                	;[508] CONST SPR54 				= $09B0
                                	SRCFILE "constants.bas",508
                                	;[509] CONST SPR55 				= $09B8
                                	SRCFILE "constants.bas",509
                                	;[510] CONST SPR56 				= $09C0
                                	SRCFILE "constants.bas",510
                                	;[511] CONST SPR57 				= $09C8
                                	SRCFILE "constants.bas",511
                                	;[512] CONST SPR58 				= $09D0
                                	SRCFILE "constants.bas",512
                                	;[513] CONST SPR59 				= $09D8
                                	SRCFILE "constants.bas",513
                                	;[514] CONST SPR60 				= $09E0
                                	SRCFILE "constants.bas",514
                                	;[515] CONST SPR61 				= $09E8
                                	SRCFILE "constants.bas",515
                                	;[516] CONST SPR62 				= $09F0
                                	SRCFILE "constants.bas",516
                                	;[517] CONST SPR63 				= $09F8
                                	SRCFILE "constants.bas",517
                                	;[518] 
                                	SRCFILE "constants.bas",518
                                	;[519] REM -------------------------------------------------------------------------
                                	SRCFILE "constants.bas",519
                                	;[520] REM Sprite collision.
                                	SRCFILE "constants.bas",520
                                	;[521] REM -------------------------------------------------------------------------
                                	SRCFILE "constants.bas",521
                                	;[522] REM Notes:
                                	SRCFILE "constants.bas",522
                                	;[523] REM - For use with variables COL0, COL1, COL2, COL3, COL4, COL5, COL6 and COL7.
                                	SRCFILE "constants.bas",523
                                	;[524] REM - More than one collision can occur simultaneously.
                                	SRCFILE "constants.bas",524
                                	;[525] REM -------------------------------------------------------------------------
                                	SRCFILE "constants.bas",525
                                	;[526] CONST HIT_SPRITE0			= $0001		' Sprite collided with sprite 0.
                                	SRCFILE "constants.bas",526
                                	;[527] CONST HIT_SPRITE1			= $0002		' Sprite collided with sprite 1.
                                	SRCFILE "constants.bas",527
                                	;[528] CONST HIT_SPRITE2			= $0004		' Sprite collided with sprite 2.
                                	SRCFILE "constants.bas",528
                                	;[529] CONST HIT_SPRITE3			= $0008		' Sprite collided with sprite 3.
                                	SRCFILE "constants.bas",529
                                	;[530] CONST HIT_SPRITE4			= $0010		' Sprite collided with sprite 4.
                                	SRCFILE "constants.bas",530
                                	;[531] CONST HIT_SPRITE5			= $0020		' Sprite collided with sprite 5.
                                	SRCFILE "constants.bas",531
                                	;[532] CONST HIT_SPRITE6			= $0040		' Sprite collided with sprite 6.
                                	SRCFILE "constants.bas",532
                                	;[533] CONST HIT_SPRITE7			= $0080		' Sprite collided with sprite 7.
                                	SRCFILE "constants.bas",533
                                	;[534] CONST HIT_BACKGROUND		= $0100		' Sprite collided with a background pixel.
                                	SRCFILE "constants.bas",534
                                	;[535] CONST HIT_BORDER			= $0200		' Sprite collided with the top/bottom/left/right border.
                                	SRCFILE "constants.bas",535
                                	;[536] 
                                	SRCFILE "constants.bas",536
                                	;[537] REM /////////////////////////////////////////////////////////////////////////
                                	SRCFILE "constants.bas",537
                                	;[538] 
                                	SRCFILE "constants.bas",538
                                	;[539] REM -------------------------------------------------------------------------
                                	SRCFILE "constants.bas",539
                                	;[540] REM DISC - Compass.
                                	SRCFILE "constants.bas",540
                                	;[541] REM -------------------------------------------------------------------------
                                	SRCFILE "constants.bas",541
                                	;[542] REM   NW         N         NE
                                	SRCFILE "constants.bas",542
                                	;[543] REM     \   NNW  |  NNE   /
                                	SRCFILE "constants.bas",543
                                	;[544] REM       \      |      /
                                	SRCFILE "constants.bas",544
                                	;[545] REM         \    |    /
                                	SRCFILE "constants.bas",545
                                	;[546] REM    WNW    \  |  /    ENE
                                	SRCFILE "constants.bas",546
                                	;[547] REM             \|/
                                	SRCFILE "constants.bas",547
                                	;[548] REM  W ----------+---------- E
                                	SRCFILE "constants.bas",548
                                	;[549] REM             /|\ 
                                	SRCFILE "constants.bas",549
                                	;[550] REM    WSW    /  |  \    ESE
                                	SRCFILE "constants.bas",550
                                	;[554] REM         /    |    REM       /      |      REM     /   SSW  |  SSE   REM   SW         S         SE
                                	SRCFILE "constants.bas",554
                                	;[555] REM -------------------------------------------------------------------------
                                	SRCFILE "constants.bas",555
                                	;[556] REM Notes:
                                	SRCFILE "constants.bas",556
                                	;[557] REM - North points upwards on the hand controller.
                                	SRCFILE "constants.bas",557
                                	;[558] REM - Directions are listed in a clockwise manner.
                                	SRCFILE "constants.bas",558
                                	;[559] REM -------------------------------------------------------------------------
                                	SRCFILE "constants.bas",559
                                	;[560] CONST DISC_NORTH			= $0004
                                	SRCFILE "constants.bas",560
                                	;[561] CONST DISC_NORTH_NORTH_EAST = $0014
                                	SRCFILE "constants.bas",561
                                	;[562] CONST DISC_NORTH_EAST		= $0016
                                	SRCFILE "constants.bas",562
                                	;[563] CONST DISC_EAST_NORTH_EAST	= $0006
                                	SRCFILE "constants.bas",563
                                	;[564] CONST DISC_EAST				= $0002
                                	SRCFILE "constants.bas",564
                                	;[565] CONST DISC_EAST_SOUTH_EAST	= $0012
                                	SRCFILE "constants.bas",565
                                	;[566] CONST DISC_SOUTH_EAST		= $0013
                                	SRCFILE "constants.bas",566
                                	;[567] CONST DISC_SOUTH_SOUTH_EAST	= $0003
                                	SRCFILE "constants.bas",567
                                	;[568] CONST DISC_SOUTH			= $0001
                                	SRCFILE "constants.bas",568
                                	;[569] CONST DISC_SOUTH_SOUTH_WEST	= $0011
                                	SRCFILE "constants.bas",569
                                	;[570] CONST DISC_SOUTH_WEST		= $0019
                                	SRCFILE "constants.bas",570
                                	;[571] CONST DISC_WEST_SOUTH_WEST	= $0009
                                	SRCFILE "constants.bas",571
                                	;[572] CONST DISC_WEST				= $0008
                                	SRCFILE "constants.bas",572
                                	;[573] CONST DISC_WEST_NORTH_WEST	= $0018
                                	SRCFILE "constants.bas",573
                                	;[574] CONST DISC_NORTH_WEST		= $001C
                                	SRCFILE "constants.bas",574
                                	;[575] CONST DISC_NORTH_NORTH_WEST	= $000C
                                	SRCFILE "constants.bas",575
                                	;[576] 
                                	SRCFILE "constants.bas",576
                                	;[577] REM -------------------------------------------------------------------------
                                	SRCFILE "constants.bas",577
                                	;[578] REM DISC - Compass abbreviated versions.
                                	SRCFILE "constants.bas",578
                                	;[579] REM -------------------------------------------------------------------------
                                	SRCFILE "constants.bas",579
                                	;[580] CONST DISC_N				= $0004
                                	SRCFILE "constants.bas",580
                                	;[581] CONST DISC_NNE 				= $0014
                                	SRCFILE "constants.bas",581
                                	;[582] CONST DISC_NE				= $0016
                                	SRCFILE "constants.bas",582
                                	;[583] CONST DISC_ENE				= $0006
                                	SRCFILE "constants.bas",583
                                	;[584] CONST DISC_E				= $0002
                                	SRCFILE "constants.bas",584
                                	;[585] CONST DISC_ESE				= $0012
                                	SRCFILE "constants.bas",585
                                	;[586] CONST DISC_SE				= $0013
                                	SRCFILE "constants.bas",586
                                	;[587] CONST DISC_SSE				= $0003
                                	SRCFILE "constants.bas",587
                                	;[588] CONST DISC_S				= $0001
                                	SRCFILE "constants.bas",588
                                	;[589] CONST DISC_SSW				= $0011
                                	SRCFILE "constants.bas",589
                                	;[590] CONST DISC_SW				= $0019
                                	SRCFILE "constants.bas",590
                                	;[591] CONST DISC_WSW				= $0009
                                	SRCFILE "constants.bas",591
                                	;[592] CONST DISC_W				= $0008
                                	SRCFILE "constants.bas",592
                                	;[593] CONST DISC_WNW				= $0018
                                	SRCFILE "constants.bas",593
                                	;[594] CONST DISC_NW				= $001C
                                	SRCFILE "constants.bas",594
                                	;[595] CONST DISC_NNW				= $000C
                                	SRCFILE "constants.bas",595
                                	;[596] 
                                	SRCFILE "constants.bas",596
                                	;[597] REM -------------------------------------------------------------------------
                                	SRCFILE "constants.bas",597
                                	;[598] REM DISC - Directions.
                                	SRCFILE "constants.bas",598
                                	;[599] REM -------------------------------------------------------------------------
                                	SRCFILE "constants.bas",599
                                	;[600] CONST DISC_UP				= $0004
                                	SRCFILE "constants.bas",600
                                	;[601] CONST DISC_UP_RIGHT			= $0016		' Up and right diagonal.
                                	SRCFILE "constants.bas",601
                                	;[602] CONST DISC_RIGHT			= $0002
                                	SRCFILE "constants.bas",602
                                	;[603] CONST DISC_DOWN_RIGHT		= $0013		' Down  and right diagonal.
                                	SRCFILE "constants.bas",603
                                	;[604] CONST DISC_DOWN				= $0001
                                	SRCFILE "constants.bas",604
                                	;[605] CONST DISC_DOWN_LEFT		= $0019		' Down and left diagonal.
                                	SRCFILE "constants.bas",605
                                	;[606] CONST DISC_LEFT				= $0008
                                	SRCFILE "constants.bas",606
                                	;[607] CONST DISC_UP_LEFT			= $001C		' Up and left diagonal.
                                	SRCFILE "constants.bas",607
                                	;[608] 
                                	SRCFILE "constants.bas",608
                                	;[609] REM -------------------------------------------------------------------------
                                	SRCFILE "constants.bas",609
                                	;[610] REM DISK - Mask.
                                	SRCFILE "constants.bas",610
                                	;[611] REM -------------------------------------------------------------------------
                                	SRCFILE "constants.bas",611
                                	;[612] CONST DISK_MASK				= $001F
                                	SRCFILE "constants.bas",612
                                	;[613] 
                                	SRCFILE "constants.bas",613
                                	;[614] REM -------------------------------------------------------------------------
                                	SRCFILE "constants.bas",614
                                	;[615] REM Controller - Keypad.
                                	SRCFILE "constants.bas",615
                                	;[616] REM -------------------------------------------------------------------------
                                	SRCFILE "constants.bas",616
                                	;[617] CONST KEYPAD_0				= 72
                                	SRCFILE "constants.bas",617
                                	;[618] CONST KEYPAD_1				= 129
                                	SRCFILE "constants.bas",618
                                	;[619] CONST KEYPAD_2				= 65
                                	SRCFILE "constants.bas",619
                                	;[620] CONST KEYPAD_3				= 33
                                	SRCFILE "constants.bas",620
                                	;[621] CONST KEYPAD_4				= 130
                                	SRCFILE "constants.bas",621
                                	;[622] CONST KEYPAD_5				= 66
                                	SRCFILE "constants.bas",622
                                	;[623] CONST KEYPAD_6				= 34
                                	SRCFILE "constants.bas",623
                                	;[624] CONST KEYPAD_7				= 132
                                	SRCFILE "constants.bas",624
                                	;[625] CONST KEYPAD_8				= 68
                                	SRCFILE "constants.bas",625
                                	;[626] CONST KEYPAD_9				= 36
                                	SRCFILE "constants.bas",626
                                	;[627] CONST KEYPAD_CLEAR			= 136
                                	SRCFILE "constants.bas",627
                                	;[628] CONST KEYPAD_ENTER			= 40
                                	SRCFILE "constants.bas",628
                                	;[629] 
                                	SRCFILE "constants.bas",629
                                	;[630] REM -------------------------------------------------------------------------
                                	SRCFILE "constants.bas",630
                                	;[631] REM Controller - Pause buttons (1+9 or 3+7 held down simultaneously).
                                	SRCFILE "constants.bas",631
                                	;[632] REM -------------------------------------------------------------------------
                                	SRCFILE "constants.bas",632
                                	;[633] REM Notes:
                                	SRCFILE "constants.bas",633
                                	;[634] REM - Key codes for 3+7 and 1+9 are the same (165).
                                	SRCFILE "constants.bas",634
                                	;[635] REM -------------------------------------------------------------------------
                                	SRCFILE "constants.bas",635
                                	;[636] CONST KEYPAD_PAUSE			= (KEYPAD_1 XOR KEYPAD_9)
                                	SRCFILE "constants.bas",636
                                	;[637] 
                                	SRCFILE "constants.bas",637
                                	;[638] REM -------------------------------------------------------------------------
                                	SRCFILE "constants.bas",638
                                	;[639] REM Controller - Side buttons.
                                	SRCFILE "constants.bas",639
                                	;[640] REM -------------------------------------------------------------------------
                                	SRCFILE "constants.bas",640
                                	;[641] CONST BUTTON_TOP_LEFT		= $A0		' Top left and top right are the same button.
                                	SRCFILE "constants.bas",641
                                	;[642] CONST BUTTON_TOP_RIGHT		= $A0		' Note: Bit 6 is low. 
                                	SRCFILE "constants.bas",642
                                	;[643] CONST BUTTON_BOTTOM_LEFT	= $60		' Note: Bit 7 is low.
                                	SRCFILE "constants.bas",643
                                	;[644] CONST BUTTON_BOTTOM_RIGHT	= $C0		' Note: Bit 5 is low
                                	SRCFILE "constants.bas",644
                                	;[645] 
                                	SRCFILE "constants.bas",645
                                	;[646] REM Abbreviated versions.
                                	SRCFILE "constants.bas",646
                                	;[647] CONST BUTTON_1				= $A0		' Top left or top right.
                                	SRCFILE "constants.bas",647
                                	;[648] CONST BUTTON_2				= $60		' Bottom left.
                                	SRCFILE "constants.bas",648
                                	;[649] CONST BUTTON_3				= $C0		' Bottom right.
                                	SRCFILE "constants.bas",649
                                	;[650] 
                                	SRCFILE "constants.bas",650
                                	;[651] REM Mask.
                                	SRCFILE "constants.bas",651
                                	;[652] CONST BUTTON_MASK			= $E0
                                	SRCFILE "constants.bas",652
                                	;[653] 
                                	SRCFILE "constants.bas",653
                                	;[654] REM /////////////////////////////////////////////////////////////////////////
                                	SRCFILE "constants.bas",654
                                	;[655] 
                                	SRCFILE "constants.bas",655
                                	;[656] REM -------------------------------------------------------------------------
                                	SRCFILE "constants.bas",656
                                	;[657] REM Programmable Sound Generator (PSG)
                                	SRCFILE "constants.bas",657
                                	;[658] REM -------------------------------------------------------------------------
                                	SRCFILE "constants.bas",658
                                	;[659] REM Notes:
                                	SRCFILE "constants.bas",659
                                	;[660] REM - For use with the SOUND command
                                	SRCFILE "constants.bas",660
                                	;[661] REM -------------------------------------------------------------------------
                                	SRCFILE "constants.bas",661
                                	;[662] 
                                	SRCFILE "constants.bas",662
                                	;[663] REM -------------------------------------------------------------------------
                                	SRCFILE "constants.bas",663
                                	;[664] REM Internal sound hardware.
                                	SRCFILE "constants.bas",664
                                	;[665] REM -------------------------------------------------------------------------
                                	SRCFILE "constants.bas",665
                                	;[666] CONST PSG_CHANNELA		=0
                                	SRCFILE "constants.bas",666
                                	;[667] CONST PSG_CHANNELB		=1
                                	SRCFILE "constants.bas",667
                                	;[668] CONST PSG_CHANNELC		=2
                                	SRCFILE "constants.bas",668
                                	;[669] CONST PSG_ENVELOPE		=3
                                	SRCFILE "constants.bas",669
                                	;[670] CONST PSG_MIXER			=4
                                	SRCFILE "constants.bas",670
                                	;[671] 
                                	SRCFILE "constants.bas",671
                                	;[672] REM -------------------------------------------------------------------------
                                	SRCFILE "constants.bas",672
                                	;[673] REM ECS sound hardware.
                                	SRCFILE "constants.bas",673
                                	;[674] REM -------------------------------------------------------------------------
                                	SRCFILE "constants.bas",674
                                	;[675] CONST PSG_ECS_CHANNELA	=5
                                	SRCFILE "constants.bas",675
                                	;[676] CONST PSG_ECS_CHANNELB	=6
                                	SRCFILE "constants.bas",676
                                	;[677] CONST PSG_ECS_CHANNELC	=7
                                	SRCFILE "constants.bas",677
                                	;[678] CONST PSG_ECS_ENVELOPE	=8
                                	SRCFILE "constants.bas",678
                                	;[679] CONST PSG_ECS_MIXER		=9
                                	SRCFILE "constants.bas",679
                                	;[680] 
                                	SRCFILE "constants.bas",680
                                	;[681] REM -------------------------------------------------------------------------
                                	SRCFILE "constants.bas",681
                                	;[682] REM PSG - Volume control.
                                	SRCFILE "constants.bas",682
                                	;[683] REM -------------------------------------------------------------------------
                                	SRCFILE "constants.bas",683
                                	;[684] REM Notes:
                                	SRCFILE "constants.bas",684
                                	;[685] REM - For use in the volume field of the SOUND command.
                                	SRCFILE "constants.bas",685
                                	;[686] REM - Internal channels: PSG_CHANNELA, PSG_CHANNELB, PSG_CHANNELC
                                	SRCFILE "constants.bas",686
                                	;[687] REM - ECS channels: PSG_ECS_CHANNELA, PSG_ECS_CHANNELB, PSG_ECS_CHANNELC
                                	SRCFILE "constants.bas",687
                                	;[688] REM -------------------------------------------------------------------------
                                	SRCFILE "constants.bas",688
                                	;[689] CONST PSG_VOLUME_MAX		=15	' Maximum channel volume.
                                	SRCFILE "constants.bas",689
                                	;[690] CONST PSG_ENVELOPE_ENABLE	=48	' Channel volume is controlled by envelope generator.
                                	SRCFILE "constants.bas",690
                                	;[691] 
                                	SRCFILE "constants.bas",691
                                	;[692] REM -------------------------------------------------------------------------
                                	SRCFILE "constants.bas",692
                                	;[693] REM PSG - Mixer control.
                                	SRCFILE "constants.bas",693
                                	;[694] REM -------------------------------------------------------------------------
                                	SRCFILE "constants.bas",694
                                	;[695] REM Notes:
                                	SRCFILE "constants.bas",695
                                	;[696] REM - Internal channel: PSG_MIXER
                                	SRCFILE "constants.bas",696
                                	;[697] REM - EXS channel: PSG_ECS_MIXER
                                	SRCFILE "constants.bas",697
                                	;[698] REM -------------------------------------------------------------------------
                                	SRCFILE "constants.bas",698
                                	;[699] CONST PSG_TONE_CHANNELA_DISABLE		=$01	' Disable channel A tone.
                                	SRCFILE "constants.bas",699
                                	;[700] CONST PSG_TONE_CHANNELB_DISABLE		=$02	' Disable channel B tone.
                                	SRCFILE "constants.bas",700
                                	;[701] CONST PSG_TONE_CHANNELC_DISABLE		=$04	' Disable channel C tone.
                                	SRCFILE "constants.bas",701
                                	;[702] CONST PSG_NOISE_CHANNELA_DISABLE	=$08	' Disable channel A noise.
                                	SRCFILE "constants.bas",702
                                	;[703] CONST PSG_NOISE_CHANNELB_DISABLE	=$10	' Disable channel B noise.
                                	SRCFILE "constants.bas",703
                                	;[704] CONST PSG_NOISE_CHANNELC_DISABLE	=$20	' Disable channel C noise.
                                	SRCFILE "constants.bas",704
                                	;[705] CONST PSG_MIXER_DEFAULT				=$38 	' All notes enabled. all noise disabled.
                                	SRCFILE "constants.bas",705
                                	;[706] 
                                	SRCFILE "constants.bas",706
                                	;[707] REM -------------------------------------------------------------------------
                                	SRCFILE "constants.bas",707
                                	;[708] REM PSG - Envelope control.
                                	SRCFILE "constants.bas",708
                                	;[709] REM -------------------------------------------------------------------------
                                	SRCFILE "constants.bas",709
                                	;[710] REM Notes:
                                	SRCFILE "constants.bas",710
                                	;[711] REM - Internal channel: PSG_ENVELOPE
                                	SRCFILE "constants.bas",711
                                	;[712] REM - EXS channel: PSG_ECS_ENVELOPE
                                	SRCFILE "constants.bas",712
                                	;[713] REM -------------------------------------------------------------------------
                                	SRCFILE "constants.bas",713
                                	;[714] CONST PSG_ENVELOPE_HOLD								=$01
                                	SRCFILE "constants.bas",714
                                	;[715] CONST PSG_ENVELOPE_ALTERNATE						=$02
                                	SRCFILE "constants.bas",715
                                	;[716] CONST PSG_ENVELOPE_ATTACK							=$04
                                	SRCFILE "constants.bas",716
                                	;[717] CONST PSG_ENVELOPE_CONTINUE							=$08
                                	SRCFILE "constants.bas",717
                                	;[718] CONST PSG_ENVELOPE_SINGLE_SHOT_RAMP_DOWN_AND_OFF	=$00 '\______
                                	SRCFILE "constants.bas",718
                                	;[719] CONST PSG_ENVELOPE_SINGLE_SHOT_RAMP_UP_AND_OFF		=$04 '/______
                                	SRCFILE "constants.bas",719
                                	;[722] CONST PSG_ENVELOPE_CYCLE_RAMP_DOWN_SAWTOOTH			=$08 '\\\\\\CONST PSG_ENVELOPE_CYCLE_RAMP_DOWN_TRIANGLE			=$0A '\/\/\/CONST PSG_ENVELOPE_SINGLE_SHOT_RAMP_DOWN_AND_MAX	=$0B '\^^^^^^
                                	SRCFILE "constants.bas",722
                                	;[723] CONST PSG_ENVELOPE_CYCLE_RAMP_UP_SAWTOOTH			=$0C '///////
                                	SRCFILE "constants.bas",723
                                	;[724] CONST PSG_ENVELOPE_SINGLE_SHOT_RAMP_UP_AND_MAX		=$0D '/^^^^^^
                                	SRCFILE "constants.bas",724
                                	;[725] CONST PSG_ENVELOPE_CYCLE_RAMP_UP_TRIANGLE			=$0E '/\/\/\/
                                	SRCFILE "constants.bas",725
                                	;[726] 
                                	SRCFILE "constants.bas",726
                                	;[727] REM /////////////////////////////////////////////////////////////////////////
                                	SRCFILE "constants.bas",727
                                	;[728] 
                                	SRCFILE "constants.bas",728
                                	;[729] REM -------------------------------------------------------------------------
                                	SRCFILE "constants.bas",729
                                	;[730] REM Useful functions.
                                	SRCFILE "constants.bas",730
                                	;[731] REM -------------------------------------------------------------------------
                                	SRCFILE "constants.bas",731
                                	;[732] DEF FN screenpos(aColumn, aRow)		= (((aRow)*BACKGROUND_COLUMNS)+(aColumn))
                                	SRCFILE "constants.bas",732
                                	;[733] DEF FN screenaddr(aColumn, aRow)	= (BACKTAB_ADDR+(((aRow)*BACKGROUND_COLUMNS)+(aColumn)))
                                	SRCFILE "constants.bas",733
                                	;[734] 
                                	SRCFILE "constants.bas",734
                                	;[735] DEF FN setspritex(aSpriteNo,anXPosition)	= #mobshadow(aSpriteNo)=(#mobshadow(aSpriteNo) and $ff00)+anXPosition
                                	SRCFILE "constants.bas",735
                                	;[736] DEF FN setspritey(aSpriteNo,aYPosition)		= #mobshadow(aSpriteNo+8)=(#mobshadow(aSpriteNo+8) and $ff80)+aYPosition
                                	SRCFILE "constants.bas",736
                                	;[737] DEF FN resetsprite(aSpriteNo)				= sprite aSpriteNo, 0, 0, 0
                                	SRCFILE "constants.bas",737
                                	;[738] 
                                	SRCFILE "constants.bas",738
                                	;[739] REM /////////////////////////////////////////////////////////////////////////
                                	SRCFILE "constants.bas",739
                                	;[740] 
                                	SRCFILE "constants.bas",740
                                	;[741] REM -------------------------------------------------------------------------
                                	SRCFILE "constants.bas",741
                                	;[742] REM END
                                	SRCFILE "constants.bas",742
                                	;[743] REM -------------------------------------------------------------------------
                                	SRCFILE "constants.bas",743
                                	;ENDFILE
                                	;FILE texas.bas
                                	;[35]     INCLUDE "input.bas"
                                	SRCFILE "texas.bas",35
                                	;FILE input.bas
                                	;[1] ' ===========================================================================
                                	SRCFILE "input.bas",1
                                	;[2] ' input.bas -- hand controller decoding.
                                	SRCFILE "input.bas",2
                                	;[3] '
                                	SRCFILE "input.bas",3
                                	;[4] ' Shared verbatim by every FujiNet Intellivision client (5 Card Stud, Texas
                                	SRCFILE "input.bas",4
                                	;[5] ' Hold'Em, Fujitzee, Battleship, Fujirkle). Keep the copies byte-identical.
                                	SRCFILE "input.bas",5
                                	;[6] '
                                	SRCFILE "input.bas",6
                                	;[7] ' ---------------------------------------------------------------------------
                                	SRCFILE "input.bas",7
                                	;[8] ' Why this file exists
                                	SRCFILE "input.bas",8
                                	;[9] ' ---------------------------------------------------------------------------
                                	SRCFILE "input.bas",9
                                	;[10] ' The hand controller multiplexes the disc, the three action buttons and the
                                	SRCFILE "input.bas",10
                                	;[11] ' 12-key keypad onto the same eight lines at $01FF. A keypad press grounds one
                                	SRCFILE "input.bas",11
                                	;[12] ' "row" line (bit 7/6/5) and one "column" line (bit 3/2/1/0) -- and those
                                	SRCFILE "input.bas",12
                                	;[13] ' column lines are the *same* lines the disc uses.
                                	SRCFILE "input.bas",13
                                	;[14] '
                                	SRCFILE "input.bas",14
                                	;[15] ' IntyBASIC's CONT1.LEFT / .UP / .BUTTON accessors are naive bit masks over
                                	SRCFILE "input.bas",15
                                	;[16] ' that raw byte (MVI $01FF / XORI #255 / ANDI #mask), so every keypad press
                                	SRCFILE "input.bas",16
                                	;[17] ' aliases straight onto them. Using the constants from constants.bas:
                                	SRCFILE "input.bas",17
                                	;[18] '
                                	SRCFILE "input.bas",18
                                	;[19] '   KEYPAD_CLEAR = $88 -> AND DISC_LEFT ($08) = $08 -> CONT1.LEFT   is true
                                	SRCFILE "input.bas",19
                                	;[20] '                      -> AND BUTTON_MASK($E0) = $80 -> CONT1.BUTTON is true
                                	SRCFILE "input.bas",20
                                	;[21] '   KEYPAD_ENTER = $28 -> also LEFT, also BUTTON
                                	SRCFILE "input.bas",21
                                	;[22] '   KEYPAD_1     = $81 -> DOWN + BUTTON
                                	SRCFILE "input.bas",22
                                	;[23] '   KEYPAD_4     = $82 -> RIGHT + BUTTON
                                	SRCFILE "input.bas",23
                                	;[24] '   KEYPAD_7     = $84 -> UP + BUTTON        ...and so on for all twelve keys.
                                	SRCFILE "input.bas",24
                                	;[25] '
                                	SRCFILE "input.bas",25
                                	;[26] ' That is why CLEAR used to fight the play cursor: CONT1.LEFT goes true the
                                	SRCFILE "input.bas",26
                                	;[27] ' instant the key is down, while CONT1.KEY only updates inside WAIT once three
                                	SRCFILE "input.bas",27
                                	;[28] ' consecutive frames agree, so the spurious cursor move always won the race --
                                	SRCFILE "input.bas",28
                                	;[29] ' the move handler consumed the press and re-entered its loop before the
                                	SRCFILE "input.bas",29
                                	;[30] ' CONT1.KEY test was ever reached. The IntyBASIC manual notes the hazard under
                                	SRCFILE "input.bas",30
                                	;[31] ' CONT1.KEY ("Because movements can be taken as keys, it's suggested to wait
                                	SRCFILE "input.bas",31
                                	;[32] ' for CONT1.KEY to contain 12 before waiting for a key").
                                	SRCFILE "input.bas",32
                                	;[33] '
                                	SRCFILE "input.bas",33
                                	;[34] ' ---------------------------------------------------------------------------
                                	SRCFILE "input.bas",34
                                	;[35] ' How the reading is disambiguated
                                	SRCFILE "input.bas",35
                                	;[36] ' ---------------------------------------------------------------------------
                                	SRCFILE "input.bas",36
                                	;[37] ' Count the row bits. Each of the three action buttons grounds *two* of them
                                	SRCFILE "input.bas",37
                                	;[38] ' (BUTTON_1 = $A0 top, BUTTON_2 = $60 bottom-left, BUTTON_3 = $C0
                                	SRCFILE "input.bas",38
                                	;[39] ' bottom-right); a keypad key grounds exactly *one*; the disc alone grounds
                                	SRCFILE "input.bas",39
                                	;[40] ' none. So:
                                	SRCFILE "input.bas",40
                                	;[41] '
                                	SRCFILE "input.bas",41
                                	;[42] '   no row bits      -> disc only: publish inp_dir.
                                	SRCFILE "input.bas",42
                                	;[43] '   one row bit      -> a keypad key is down: publish neither disc nor button,
                                	SRCFILE "input.bas",43
                                	;[44] '                       because both are aliases of the key itself.
                                	SRCFILE "input.bas",44
                                	;[45] '   two row bits     -> a real button, and any low bits alongside it are a
                                	SRCFILE "input.bas",45
                                	;[46] '                       genuine simultaneous disc reading, so publish both.
                                	SRCFILE "input.bas",46
                                	;[47] '
                                	SRCFILE "input.bas",47
                                	;[48] ' Testing the row-bit count this way (rather than "any low bit and any high
                                	SRCFILE "input.bas",48
                                	;[49] ' bit at once") is what keeps a real button-plus-disc hold working -- $A8 is
                                	SRCFILE "input.bas",49
                                	;[50] ' the top button with the disc held left, and battleship's ship placement
                                	SRCFILE "input.bas",50
                                	;[51] ' relies on that combination staying readable.
                                	SRCFILE "input.bas",51
                                	;[52] '
                                	SRCFILE "input.bas",52
                                	;[53] ' Two keypad keys at once still alias to a button pattern (1+9 and 3+7 both
                                	SRCFILE "input.bas",53
                                	;[54] ' give $A5, the EXEC's pause combo). That is inherent to the matrix and
                                	SRCFILE "input.bas",54
                                	;[55] ' nothing here uses it.
                                	SRCFILE "input.bas",55
                                	;[56] '
                                	SRCFILE "input.bas",56
                                	;[57] ' ---------------------------------------------------------------------------
                                	SRCFILE "input.bas",57
                                	;[58] ' Usage
                                	SRCFILE "input.bas",58
                                	;[59] ' ---------------------------------------------------------------------------
                                	SRCFILE "input.bas",59
                                	;[60] ' Call GOSUB read_input exactly once immediately after every WAIT in a loop
                                	SRCFILE "input.bas",60
                                	;[61] ' that reads input. It must follow the WAIT, because WAIT is where IntyBASIC
                                	SRCFILE "input.bas",61
                                	;[62] ' refreshes its debounced keypad decode. Then use inp_* instead of CONT1.*:
                                	SRCFILE "input.bas",62
                                	;[63] '
                                	SRCFILE "input.bas",63
                                	;[64] '   IF inp_dir AND DISC_LEFT THEN ...    ' level: disc held left
                                	SRCFILE "input.bas",64
                                	;[65] '   IF inp_btn THEN ...                  ' level: any action button held
                                	SRCFILE "input.bas",65
                                	;[66] '   IF inp_btn = BUTTON_2 THEN ...       ' level: bottom-left specifically
                                	SRCFILE "input.bas",66
                                	;[67] '   IF inp_btn_hit THEN ...              ' edge:  a button went down this frame
                                	SRCFILE "input.bas",67
                                	;[68] '   IF inp_key = 11 THEN ...             ' level: ENTER held (hold-to-view)
                                	SRCFILE "input.bas",68
                                	;[69] '   IF inp_key_hit = 10 THEN ...         ' edge:  CLEAR was just pressed
                                	SRCFILE "input.bas",69
                                	;[70] '
                                	SRCFILE "input.bas",70
                                	;[71] ' Disc reads stay level-triggered so inp_lock keeps providing auto-repeat.
                                	SRCFILE "input.bas",71
                                	;[72] ' The _hit edges fire on exactly one frame per physical press, which is what
                                	SRCFILE "input.bas",72
                                	;[73] ' the menu toggles want: a still-held CLEAR can no longer close the menu on
                                	SRCFILE "input.bas",73
                                	;[74] ' the same frame it opened it, so none of the old "spin until the key is
                                	SRCFILE "input.bas",74
                                	;[75] ' released" loops are needed any more.
                                	SRCFILE "input.bas",75
                                	;[76] '
                                	SRCFILE "input.bas",76
                                	;[77] ' Known gap: fujinet.bas's blocking WAIT loops don't call read_input, so a
                                	SRCFILE "input.bas",77
                                	;[78] ' press and release that both land inside one network round-trip is missed.
                                	SRCFILE "input.bas",78
                                	;[79] ' That is pre-existing behaviour.
                                	SRCFILE "input.bas",79
                                	;[80] ' ===========================================================================
                                	SRCFILE "input.bas",80
                                	;[81] 
                                	SRCFILE "input.bas",81
                                	;[82] CONST CONT1_PORT = $01FF
                                	SRCFILE "input.bas",82
                                	;[83] 
                                	SRCFILE "input.bas",83
                                	;[84] ' Frames the raw port must hold steady before a reading is published. The
                                	SRCFILE "input.bas",84
                                	;[85] ' keypad's row and column contacts need not close on the same frame, so the
                                	SRCFILE "input.bas",85
                                	;[86] ' first frame of a CLEAR press can read as a bare $08 -- indistinguishable
                                	SRCFILE "input.bas",86
                                	;[87] ' from disc-left -- before the row bit arrives. One frame of agreement (16ms)
                                	SRCFILE "input.bas",87
                                	;[88] ' rides that out and isn't felt on the disc. Raise it if presses still leak.
                                	SRCFILE "input.bas",88
                                	;[89] CONST INPUT_SETTLE = 1
                                	SRCFILE "input.bas",89
                                	;[90] 
                                	SRCFILE "input.bas",90
                                	;[91] ' All 8-bit on purpose: fujitzee sits at the 47 16-bit variable ceiling, so
                                	SRCFILE "input.bas",91
                                	;[92] ' nothing here may take a '#' name.
                                	SRCFILE "input.bas",92
                                	;[93]     DIM inp_raw, inp_dir, inp_btn, inp_key
                                	SRCFILE "input.bas",93
                                	;[94]     DIM inp_btn_hit, inp_key_hit
                                	SRCFILE "input.bas",94
                                	;[95]     DIM inp_btn_prev, inp_key_prev
                                	SRCFILE "input.bas",95
                                	;[96]     DIM inp_new, inp_seen, inp_settle, inp_row, inp_iskey
                                	SRCFILE "input.bas",96
                                	;[97]     DIM inp_lock
                                	SRCFILE "input.bas",97
                                	;[98] 
                                	SRCFILE "input.bas",98
                                	;[99] read_input: PROCEDURE
                                	SRCFILE "input.bas",99
                                	; READ_INPUT
0x50C7                          label_READ_INPUT:	PROC
50C7   0275                     	BEGIN
                                	;[100]     ' One snapshot per frame. Reading the port once (rather than letting each
                                	SRCFILE "input.bas",100
                                	;[101]     ' CONT1.x accessor re-read it) also means every field below is decoded
                                	SRCFILE "input.bas",101
                                	;[102]     ' from the same instant.
                                	SRCFILE "input.bas",102
                                	;[103]     inp_new = PEEK(CONT1_PORT) XOR 255
                                	SRCFILE "input.bas",103
50C8   0280 01FF                	MVI 511,R0
50CA   03F8 00FF                	XORI #255,R0
50CC   0240 0136                	MVO R0,var_INP_NEW
                                	;[104]     IF inp_new <> inp_seen THEN
                                	SRCFILE "input.bas",104
50CE   0280 0136                	MVI var_INP_NEW,R0
50D0   0340 0139                	CMP var_INP_SEEN,R0
50D2   0204 0008                	BEQ T1
                                	;[105]         inp_seen = inp_new
                                	SRCFILE "input.bas",105
50D4   0240 0139                	MVO R0,var_INP_SEEN
                                	;[106]         inp_settle = INPUT_SETTLE
                                	SRCFILE "input.bas",106
50D6   02B8 0001                	MVII #1,R0
50D8   0240 013A                	MVO R0,var_INP_SETTLE
                                	;[107]     ELSE
                                	SRCFILE "input.bas",107
50DA   0200 0012                	B T2
0x50DC                          T1:
                                	;[108]         IF inp_settle > 0 THEN
                                	SRCFILE "input.bas",108
50DC   0280 013A                	MVI var_INP_SETTLE,R0
50DE   0378 0000                	CMPI #0,R0
50E0   0206 000C                	BLE T3
                                	;[109]             inp_settle = inp_settle - 1
                                	SRCFILE "input.bas",109
50E2   0010                     	DECR R0
50E3   0240 013A                	MVO R0,var_INP_SETTLE
                                	;[110]             IF inp_settle = 0 THEN inp_raw = inp_new
                                	SRCFILE "input.bas",110
50E5   0280 013A                	MVI var_INP_SETTLE,R0
50E7   0080                     	TSTR R0
50E8   020C 0004                	BNE T4
50EA   0280 0136                	MVI var_INP_NEW,R0
50EC   0240 0137                	MVO R0,var_INP_RAW
0x50EE                          T4:
                                	;[111]         END IF
                                	SRCFILE "input.bas",111
0x50EE                          T3:
                                	;[112]     END IF
                                	SRCFILE "input.bas",112
0x50EE                          T2:
                                	;[113] 
                                	SRCFILE "input.bas",113
                                	;[114]     inp_row = inp_raw AND BUTTON_MASK
                                	SRCFILE "input.bas",114
50EE   0280 0137                	MVI var_INP_RAW,R0
50F0   03B8 00E0                	ANDI #224,R0
50F2   0240 0138                	MVO R0,var_INP_ROW
                                	;[115]     inp_dir = 0
                                	SRCFILE "input.bas",115
50F4   01C0                     	CLRR R0
50F5   0240 0130                	MVO R0,var_INP_DIR
                                	;[116]     inp_btn = 0
                                	SRCFILE "input.bas",116
50F7   0240 012D                	MVO R0,var_INP_BTN
                                	;[117]     ' Exactly one row bit means a keypad key is down. Written as separate IFs
                                	SRCFILE "input.bas",117
                                	;[118]     ' rather than one chained OR -- multi-condition one-liners have bitten
                                	SRCFILE "input.bas",118
                                	;[119]     ' this compiler before.
                                	SRCFILE "input.bas",119
                                	;[120]     inp_iskey = 0
                                	SRCFILE "input.bas",120
50F9   0034                     	NOP
50FA   0240 0131                	MVO R0,var_INP_ISKEY
                                	;[121]     IF inp_row = $20 THEN inp_iskey = 1
                                	SRCFILE "input.bas",121
50FC   0280 0138                	MVI var_INP_ROW,R0
50FE   0378 0020                	CMPI #32,R0
5100   020C 0004                	BNE T5
5102   02B8 0001                	MVII #1,R0
5104   0240 0131                	MVO R0,var_INP_ISKEY
0x5106                          T5:
                                	;[122]     IF inp_row = $40 THEN inp_iskey = 1
                                	SRCFILE "input.bas",122
5106   0280 0138                	MVI var_INP_ROW,R0
5108   0378 0040                	CMPI #64,R0
510A   020C 0004                	BNE T6
510C   02B8 0001                	MVII #1,R0
510E   0240 0131                	MVO R0,var_INP_ISKEY
0x5110                          T6:
                                	;[123]     IF inp_row = $80 THEN inp_iskey = 1
                                	SRCFILE "input.bas",123
5110   0280 0138                	MVI var_INP_ROW,R0
5112   0378 0080                	CMPI #128,R0
5114   020C 0004                	BNE T7
5116   02B8 0001                	MVII #1,R0
5118   0240 0131                	MVO R0,var_INP_ISKEY
0x511A                          T7:
                                	;[124]     IF inp_iskey = 0 THEN
                                	SRCFILE "input.bas",124
511A   0280 0131                	MVI var_INP_ISKEY,R0
511C   0080                     	TSTR R0
511D   020C 000A                	BNE T8
                                	;[125]         inp_btn = inp_row
                                	SRCFILE "input.bas",125
511F   0280 0138                	MVI var_INP_ROW,R0
5121   0240 012D                	MVO R0,var_INP_BTN
                                	;[126]         inp_dir = inp_raw AND DISK_MASK
                                	SRCFILE "input.bas",126
5123   0280 0137                	MVI var_INP_RAW,R0
5125   03B8 001F                	ANDI #31,R0
5127   0240 0130                	MVO R0,var_INP_DIR
                                	;[127]     END IF
                                	SRCFILE "input.bas",127
0x5129                          T8:
                                	;[128] 
                                	SRCFILE "input.bas",128
                                	;[129]     ' IntyBASIC's own debounced decode: 0-9 digits, 10 = CLEAR, 11 = ENTER,
                                	SRCFILE "input.bas",129
                                	;[130]     ' 12 = nothing pressed. Reads a variable, not the port, so it can't
                                	SRCFILE "input.bas",130
                                	;[131]     ' disagree with the snapshot above.
                                	SRCFILE "input.bas",131
                                	;[132]     inp_key = CONT1.KEY
                                	SRCFILE "input.bas",132
5129   0280 010E                	MVI _cnt1_key,R0
512B   0240 0132                	MVO R0,var_INP_KEY
                                	;[133] 
                                	SRCFILE "input.bas",133
                                	;[134]     ' Edge flags. inp_key_hit carries 12 ("no key") when nothing changed, so
                                	SRCFILE "input.bas",134
                                	;[135]     ' both "no edge" and "released back to idle" read as non-actionable.
                                	SRCFILE "input.bas",135
                                	;[136]     inp_key_hit = 12
                                	SRCFILE "input.bas",136
512D   02B8 000C                	MVII #12,R0
512F   0240 0133                	MVO R0,var_INP_KEY_HIT
                                	;[137]     IF inp_key <> inp_key_prev THEN
                                	SRCFILE "input.bas",137
5131   0280 0132                	MVI var_INP_KEY,R0
5133   0340 0134                	CMP var_INP_KEY_PREV,R0
5135   0204 0004                	BEQ T9
                                	;[138]         inp_key_prev = inp_key
                                	SRCFILE "input.bas",138
5137   0240 0134                	MVO R0,var_INP_KEY_PREV
                                	;[139]         inp_key_hit = inp_key
                                	SRCFILE "input.bas",139
5139   0240 0133                	MVO R0,var_INP_KEY_HIT
                                	;[140]     END IF
                                	SRCFILE "input.bas",140
0x513B                          T9:
                                	;[141]     inp_btn_hit = 0
                                	SRCFILE "input.bas",141
513B   01C0                     	CLRR R0
513C   0240 012E                	MVO R0,var_INP_BTN_HIT
                                	;[142]     IF inp_btn <> inp_btn_prev THEN
                                	SRCFILE "input.bas",142
513E   0280 012D                	MVI var_INP_BTN,R0
5140   0340 012F                	CMP var_INP_BTN_PREV,R0
5142   0204 0004                	BEQ T10
                                	;[143]         inp_btn_prev = inp_btn
                                	SRCFILE "input.bas",143
5144   0240 012F                	MVO R0,var_INP_BTN_PREV
                                	;[144]         inp_btn_hit = inp_btn
                                	SRCFILE "input.bas",144
5146   0240 012E                	MVO R0,var_INP_BTN_HIT
                                	;[145]     END IF
                                	SRCFILE "input.bas",145
0x5148                          T10:
                                	;[146] END
                                	SRCFILE "input.bas",146
5148   02B7                     	RETURN
                                	ENDP
                                	;ENDFILE
                                	;FILE texas.bas
                                	;[36]     INCLUDE "fujinet.bas"
                                	SRCFILE "texas.bas",36
                                	;FILE fujinet.bas
                                	;[1] ' fujinet.bas -- FujiNet mailbox transport + network/appkey primitives.
                                	SRCFILE "fujinet.bas",1
                                	;[2] '
                                	SRCFILE "fujinet.bas",2
                                	;[3] ' Mailbox layout is the hand-synchronized copy of
                                	SRCFILE "fujinet.bas",3
                                	;[4] ' fujinet-firmware/pico/intellivision/firmware/fuji_mailbox.h, exactly as
                                	SRCFILE "fujinet.bas",4
                                	;[5] ' proven working by intv/fujitest.bas in that repo. Do not change these
                                	SRCFILE "fujinet.bas",5
                                	;[6] ' addresses without re-checking that file.
                                	SRCFILE "fujinet.bas",6
                                	;[7] '
                                	SRCFILE "fujinet.bas",7
                                	;[8] ' MEMATTR intentionally stops at $9BFF, short of the $9C00-$9FFF mailbox
                                	SRCFILE "fujinet.bas",8
                                	;[9] ' itself: on real PiRTO II hardware the RP2040 maps that whole window as
                                	SRCFILE "fujinet.bas",9
                                	;[10] ' RAM unconditionally (inty_cart.c hardcodes it, independent of what this
                                	SRCFILE "fujinet.bas",10
                                	;[11] ' .cfg says), so declaring less here doesn't affect real hardware or what
                                	SRCFILE "fujinet.bas",11
                                	;[12] ' POKE can reach at runtime. But jzIntv's --fujinet peripheral emulation
                                	SRCFILE "fujinet.bas",12
                                	;[13] ' registers its own handler for $9C00-$9FFF *after* the cart's generic
                                	SRCFILE "fujinet.bas",13
                                	;[14] ' MEMATTR RAM, and its layered bus dispatch lets whichever peripheral
                                	SRCFILE "fujinet.bas",14
                                	;[15] ' registered first answer a given address -- so declaring the full
                                	SRCFILE "fujinet.bas",15
                                	;[16] ' $8000-$9FFF range here (as fujitest.bas does) silently shadows the
                                	SRCFILE "fujinet.bas",16
                                	;[17] ' emulator's FujiNet peripheral with inert RAM, and the mailbox never
                                	SRCFILE "fujinet.bas",17
                                	;[18] ' comes up under --fujinet even though it works on real hardware.
                                	SRCFILE "fujinet.bas",18
                                	;[19]     ASM MEMATTR $8000, $9BFF, "+RWN"
                                	SRCFILE "fujinet.bas",19
                                 MEMATTR $8000, $9BFF, "+RWN"
                                	;[20] 
                                	SRCFILE "fujinet.bas",20
                                	;[21]     CONST FN_MAGIC0     = $9C00
                                	SRCFILE "fujinet.bas",21
                                	;[22]     CONST FN_MAGIC1     = $9C01
                                	SRCFILE "fujinet.bas",22
                                	;[23]     CONST FN_SEQ        = $9C03
                                	SRCFILE "fujinet.bas",23
                                	;[24]     CONST FN_ACKSEQ     = $9C04
                                	SRCFILE "fujinet.bas",24
                                	;[25]     CONST FN_DEVICE     = $9C05
                                	SRCFILE "fujinet.bas",25
                                	;[26]     CONST FN_CMD        = $9C06
                                	SRCFILE "fujinet.bas",26
                                	;[27]     CONST FN_NPARAM     = $9C07
                                	SRCFILE "fujinet.bas",27
                                	;[28]     CONST FN_TXLEN_LO   = $9C08
                                	SRCFILE "fujinet.bas",28
                                	;[29]     CONST FN_TXLEN_HI   = $9C09
                                	SRCFILE "fujinet.bas",29
                                	;[30]     CONST FN_ERR        = $9C0B
                                	SRCFILE "fujinet.bas",30
                                	;[31]     CONST FN_RXLEN_LO   = $9C0C
                                	SRCFILE "fujinet.bas",31
                                	;[32]     CONST FN_RXLEN_HI   = $9C0D
                                	SRCFILE "fujinet.bas",32
                                	;[33]     CONST FN_REPLY_CMD  = $9C0E
                                	SRCFILE "fujinet.bas",33
                                	;[34]     CONST FN_PARAM_SIZE = $9C10
                                	SRCFILE "fujinet.bas",34
                                	;[35]     CONST FN_PARAM_VAL  = $9C20
                                	SRCFILE "fujinet.bas",35
                                	;[36]     CONST FN_TX         = $9C40
                                	SRCFILE "fujinet.bas",36
                                	;[37]     CONST FN_RX         = $9D40
                                	SRCFILE "fujinet.bas",37
                                	;[38] 
                                	SRCFILE "fujinet.bas",38
                                	;[39]     CONST FUJICMD_ACK = $06
                                	SRCFILE "fujinet.bas",39
                                	;[40]     CONST FUJICMD_NAK = $15
                                	SRCFILE "fujinet.bas",40
                                	;[41] 
                                	SRCFILE "fujinet.bas",41
                                	;[42]     ' Fuji device (config/appkey) commands.
                                	SRCFILE "fujinet.bas",42
                                	;[43]     CONST FUJI_DEVICEID       = $70
                                	SRCFILE "fujinet.bas",43
                                	;[44]     CONST FUJICMD_OPEN_APPKEY  = $DC
                                	SRCFILE "fujinet.bas",44
                                	;[45]     CONST FUJICMD_CLOSE_APPKEY = $DB
                                	SRCFILE "fujinet.bas",45
                                	;[46]     CONST FUJICMD_WRITE_APPKEY = $DE
                                	SRCFILE "fujinet.bas",46
                                	;[47]     CONST FUJICMD_READ_APPKEY  = $DD
                                	SRCFILE "fujinet.bas",47
                                	;[48] 
                                	SRCFILE "fujinet.bas",48
                                	;[49]     ' Network device (N1:) commands.
                                	SRCFILE "fujinet.bas",49
                                	;[50]     CONST NET_DEVICEID = $71
                                	SRCFILE "fujinet.bas",50
                                	;[51]     CONST NETCMD_OPEN   = $4F
                                	SRCFILE "fujinet.bas",51
                                	;[52]     CONST NETCMD_CLOSE  = $43
                                	SRCFILE "fujinet.bas",52
                                	;[53]     CONST NETCMD_READ   = $52
                                	SRCFILE "fujinet.bas",53
                                	;[54]     CONST NETCMD_STATUS = $53
                                	SRCFILE "fujinet.bas",54
                                	;[55] 
                                	SRCFILE "fujinet.bas",55
                                	;[56]     CONST OPEN_MODE_HTTP_GET_H = $0C
                                	SRCFILE "fujinet.bas",56
                                	;[57]     CONST OPEN_TRANS_NONE = $00
                                	SRCFILE "fujinet.bas",57
                                	;[58] 
                                	SRCFILE "fujinet.bas",58
                                	;[59]     ' Scratch RAM ($9000-$97FF) -- ours, outside the mailbox proper. Holds
                                	SRCFILE "fujinet.bas",59
                                	;[60]     ' state that must survive across multiple mailbox transactions (the
                                	SRCFILE "fujinet.bas",60
                                	;[61]     ' mailbox's own TX/RX buffers get overwritten by every call).
                                	SRCFILE "fujinet.bas",61
                                	;[62]     CONST SC_NAME    = $9100 ' playerName, 9 bytes (8 + NUL)
                                	SRCFILE "fujinet.bas",62
                                	;[63]     CONST SC_ENDPT   = $9110 ' serverEndpoint, 64 bytes
                                	SRCFILE "fujinet.bas",63
                                	;[64]     CONST SC_QUERY   = $9150 ' query (?table=...&player=...), 48 bytes
                                	SRCFILE "fujinet.bas",64
                                	;[65] 
                                	SRCFILE "fujinet.bas",65
                                	;[66]     ' fn_ok: 1 = last transaction produced ACK, 0 = timeout or NAK.
                                	SRCFILE "fujinet.bas",66
                                	;[67]     ' mb_err: FN_ERR value on failure (0 on timeout, since the RP2040 never answered).
                                	SRCFILE "fujinet.bas",67
                                	;[68]     DIM fn_ok, mb_err
                                	SRCFILE "fujinet.bas",68
                                	;[69]     DIM mb_dev, mb_cmd, mb_nparam, mb_seq
                                	SRCFILE "fujinet.bas",69
                                	;[70]     DIM #fn_txlen
                                	SRCFILE "fujinet.bas",70
                                	;[71]     DIM #fn_t          ' generic frame-count timeout counter
                                	SRCFILE "fujinet.bas",71
                                	;[72]     DIM #fn_src         ' VARPTR source for putstr/getstr
                                	SRCFILE "fujinet.bas",72
                                	;[73]     DIM fn_len, fn_i    ' generic length/index for putstr/getstr
                                	SRCFILE "fujinet.bas",73
                                	;[74] 
                                	SRCFILE "fujinet.bas",74
                                	;[75] ' ---------------------------------------------------------------------------
                                	SRCFILE "fujinet.bas",75
                                	;[76] ' fn_wait_mailbox: bounded wait for the RP2040 magic bytes at boot.
                                	SRCFILE "fujinet.bas",76
                                	;[77] ' Sets fn_ok = 1 if the mailbox came up within 180 frames (3s), else 0.
                                	SRCFILE "fujinet.bas",77
                                	;[78] ' ---------------------------------------------------------------------------
                                	SRCFILE "fujinet.bas",78
                                	;[79] fn_wait_mailbox: PROCEDURE
                                	SRCFILE "fujinet.bas",79
                                	; FN_WAIT_MAILBOX
0x5149                          label_FN_WAIT_MAILBOX:	PROC
5149   0275                     	BEGIN
                                	;[80]     #fn_t = 0
                                	SRCFILE "fujinet.bas",80
514A   01C0                     	CLRR R0
514B   0240 030D                	MVO R0,var_&FN_T
                                	;[81]     WHILE ((PEEK(FN_MAGIC0) AND 255) <> 70) AND ((PEEK(FN_MAGIC1) AND 255) <> 78) AND (#fn_t < 180)
                                	SRCFILE "fujinet.bas",81
0x514D                          T11:
514D   0280 9C00                	MVI 39936,R0
514F   03B8 00FF                	ANDI #255,R0
5151   0378 0046                	CMPI #70,R0
5153   02B8 FFFF                	MVII #65535,R0
5155   020C 0001                	BNE T13
5157   0008                     	INCR R0
0x5158                          T13:
5158   0281 9C01                	MVI 39937,R1
515A   03B9 00FF                	ANDI #255,R1
515C   0379 004E                	CMPI #78,R1
515E   02B9 FFFF                	MVII #65535,R1
5160   020C 0001                	BNE T14
5162   0009                     	INCR R1
0x5163                          T14:
5163   0188                     	ANDR R1,R0
5164   0281 030D                	MVI var_&FN_T,R1
5166   0379 00B4                	CMPI #180,R1
5168   02B9 FFFF                	MVII #65535,R1
516A   0205 0001                	BLT T15
516C   0009                     	INCR R1
0x516D                          T15:
516D   0188                     	ANDR R1,R0
516E   0204 000A                	BEQ T12
                                	;[82]         #fn_t = #fn_t + 1
                                	SRCFILE "fujinet.bas",82
5170   0280 030D                	MVI var_&FN_T,R0
5172   0008                     	INCR R0
5173   0240 030D                	MVO R0,var_&FN_T
                                	;[83]         WAIT
                                	SRCFILE "fujinet.bas",83
5175   0004 016C 001E           	CALL _wait
                                	;[84]     WEND
                                	SRCFILE "fujinet.bas",84
5178   0220 002C                	B T11
0x517A                          T12:
                                	;[85]     IF #fn_t >= 180 THEN
                                	SRCFILE "fujinet.bas",85
517A   0280 030D                	MVI var_&FN_T,R0
517C   0378 00B4                	CMPI #180,R0
517E   0205 0005                	BLT T16
                                	;[86]         fn_ok = 0
                                	SRCFILE "fujinet.bas",86
5180   01C0                     	CLRR R0
5181   0240 0125                	MVO R0,var_FN_OK
                                	;[87]     ELSE
                                	SRCFILE "fujinet.bas",87
5183   0200 0004                	B T17
0x5185                          T16:
                                	;[88]         fn_ok = 1
                                	SRCFILE "fujinet.bas",88
5185   02B8 0001                	MVII #1,R0
5187   0240 0125                	MVO R0,var_FN_OK
                                	;[89]     END IF
                                	SRCFILE "fujinet.bas",89
0x5189                          T17:
                                	;[90] END
                                	SRCFILE "fujinet.bas",90
5189   02B7                     	RETURN
                                	ENDP
                                	;[91] 
                                	SRCFILE "fujinet.bas",91
                                	;[92] ' ---------------------------------------------------------------------------
                                	SRCFILE "fujinet.bas",92
                                	;[93] ' fn_transact: issue the transaction described by mb_dev/mb_cmd/mb_nparam/
                                	SRCFILE "fujinet.bas",93
                                	;[94] ' #fn_txlen (payload already staged at FN_TX) and block for the reply.
                                	SRCFILE "fujinet.bas",94
                                	;[95] ' seq is ALWAYS derived from the RP2040's own FN_ACKSEQ, never from a local
                                	SRCFILE "fujinet.bas",95
                                	;[96] ' counter -- a console reset zeroes IntyBASIC vars but not the RP2040, so a
                                	SRCFILE "fujinet.bas",96
                                	;[97] ' locally incrementing seq would recompute the same value forever and never
                                	SRCFILE "fujinet.bas",97
                                	;[98] ' trigger a second transaction after the first boot.
                                	SRCFILE "fujinet.bas",98
                                	;[99] ' Sets fn_ok = 1 on ACK, 0 on timeout/NAK (mb_err holds the reason).
                                	SRCFILE "fujinet.bas",99
                                	;[100] ' ---------------------------------------------------------------------------
                                	SRCFILE "fujinet.bas",100
                                	;[101] fn_transact: PROCEDURE
                                	SRCFILE "fujinet.bas",101
                                	; FN_TRANSACT
0x518A                          label_FN_TRANSACT:	PROC
518A   0275                     	BEGIN
                                	;[102]     POKE (FN_DEVICE), mb_dev
                                	SRCFILE "fujinet.bas",102
518B   0280 013D                	MVI var_MB_DEV,R0
518D   0240 9C05                	MVO R0,39941
                                	;[103]     POKE (FN_CMD), mb_cmd
                                	SRCFILE "fujinet.bas",103
518F   0280 013C                	MVI var_MB_CMD,R0
5191   0240 9C06                	MVO R0,39942
                                	;[104]     POKE (FN_NPARAM), mb_nparam
                                	SRCFILE "fujinet.bas",104
5193   0280 013F                	MVI var_MB_NPARAM,R0
5195   0240 9C07                	MVO R0,39943
                                	;[105]     POKE (FN_TXLEN_LO), #fn_txlen AND 255
                                	SRCFILE "fujinet.bas",105
5197   0280 030E                	MVI var_&FN_TXLEN,R0
5199   03B8 00FF                	ANDI #255,R0
519B   0240 9C08                	MVO R0,39944
                                	;[106]     POKE (FN_TXLEN_HI), #fn_txlen / 256
                                	SRCFILE "fujinet.bas",106
519D   0280 030E                	MVI var_&FN_TXLEN,R0
519F   0040                     	SWAP R0
51A0   03B8 00FF                	ANDI #255,R0
51A2   0240 9C09                	MVO R0,39945
                                	;[107] 
                                	SRCFILE "fujinet.bas",107
                                	;[108]     mb_seq = (PEEK(FN_ACKSEQ) AND 255) + 1
                                	SRCFILE "fujinet.bas",108
51A4   0280 9C04                	MVI 39940,R0
51A6   03B8 00FF                	ANDI #255,R0
51A8   0008                     	INCR R0
51A9   0240 0140                	MVO R0,var_MB_SEQ
                                	;[109]     IF mb_seq = 0 THEN mb_seq = 1
                                	SRCFILE "fujinet.bas",109
51AB   0280 0140                	MVI var_MB_SEQ,R0
51AD   0080                     	TSTR R0
51AE   020C 0004                	BNE T18
51B0   02B8 0001                	MVII #1,R0
51B2   0240 0140                	MVO R0,var_MB_SEQ
0x51B4                          T18:
                                	;[110]     POKE (FN_SEQ), mb_seq
                                	SRCFILE "fujinet.bas",110
51B4   0280 0140                	MVI var_MB_SEQ,R0
51B6   0240 9C03                	MVO R0,39939
                                	;[111] 
                                	SRCFILE "fujinet.bas",111
                                	;[112]     #fn_t = 0
                                	SRCFILE "fujinet.bas",112
51B8   01C0                     	CLRR R0
51B9   0240 030D                	MVO R0,var_&FN_T
                                	;[113]     WHILE ((PEEK(FN_ACKSEQ) AND 255) <> mb_seq) AND (#fn_t < 900)
                                	SRCFILE "fujinet.bas",113
0x51BB                          T19:
51BB   0280 9C04                	MVI 39940,R0
51BD   03B8 00FF                	ANDI #255,R0
51BF   0340 0140                	CMP var_MB_SEQ,R0
51C1   02B8 FFFF                	MVII #65535,R0
51C3   020C 0001                	BNE T21
51C5   0008                     	INCR R0
0x51C6                          T21:
51C6   0281 030D                	MVI var_&FN_T,R1
51C8   0379 0384                	CMPI #900,R1
51CA   02B9 FFFF                	MVII #65535,R1
51CC   0205 0001                	BLT T22
51CE   0009                     	INCR R1
0x51CF                          T22:
51CF   0188                     	ANDR R1,R0
51D0   0204 000A                	BEQ T20
                                	;[114]         #fn_t = #fn_t + 1
                                	SRCFILE "fujinet.bas",114
51D2   0280 030D                	MVI var_&FN_T,R0
51D4   0008                     	INCR R0
51D5   0240 030D                	MVO R0,var_&FN_T
                                	;[115]         WAIT
                                	SRCFILE "fujinet.bas",115
51D7   0004 016C 001E           	CALL _wait
                                	;[116]     WEND
                                	SRCFILE "fujinet.bas",116
51DA   0220 0020                	B T19
0x51DC                          T20:
                                	;[117] 
                                	SRCFILE "fujinet.bas",117
                                	;[118]     IF #fn_t >= 900 THEN
                                	SRCFILE "fujinet.bas",118
51DC   0280 030D                	MVI var_&FN_T,R0
51DE   0378 0384                	CMPI #900,R0
51E0   0205 0006                	BLT T23
                                	;[119]         fn_ok = 0
                                	SRCFILE "fujinet.bas",119
51E2   01C0                     	CLRR R0
51E3   0240 0125                	MVO R0,var_FN_OK
                                	;[120]         mb_err = 0
                                	SRCFILE "fujinet.bas",120
51E5   0240 013E                	MVO R0,var_MB_ERR
                                	;[121]         RETURN
                                	SRCFILE "fujinet.bas",121
51E7   02B7                     	RETURN
                                	;[122]     END IF
                                	SRCFILE "fujinet.bas",122
0x51E8                          T23:
                                	;[123] 
                                	SRCFILE "fujinet.bas",123
                                	;[124]     IF (PEEK(FN_REPLY_CMD) AND 255) <> FUJICMD_ACK THEN
                                	SRCFILE "fujinet.bas",124
51E8   0280 9C0E                	MVI 39950,R0
51EA   03B8 00FF                	ANDI #255,R0
51EC   0378 0006                	CMPI #6,R0
51EE   0204 0008                	BEQ T24
                                	;[125]         fn_ok = 0
                                	SRCFILE "fujinet.bas",125
51F0   01C0                     	CLRR R0
51F1   0240 0125                	MVO R0,var_FN_OK
                                	;[126]         mb_err = PEEK(FN_ERR) AND 255
                                	SRCFILE "fujinet.bas",126
51F3   0280 9C0B                	MVI 39947,R0
51F5   0240 013E                	MVO R0,var_MB_ERR
                                	;[127]         RETURN
                                	SRCFILE "fujinet.bas",127
51F7   02B7                     	RETURN
                                	;[128]     END IF
                                	SRCFILE "fujinet.bas",128
0x51F8                          T24:
                                	;[129] 
                                	SRCFILE "fujinet.bas",129
                                	;[130]     fn_ok = 1
                                	SRCFILE "fujinet.bas",130
51F8   02B8 0001                	MVII #1,R0
51FA   0240 0125                	MVO R0,var_FN_OK
                                	;[131] END
                                	SRCFILE "fujinet.bas",131
51FC   02B7                     	RETURN
                                	ENDP
                                	;[132] 
                                	SRCFILE "fujinet.bas",132
                                	;[133] ' ---------------------------------------------------------------------------
                                	SRCFILE "fujinet.bas",133
                                	;[134] ' fn_param: stage transaction parameter #pm_i (0-based), #pm_size bytes
                                	SRCFILE "fujinet.bas",134
                                	;[135] ' (1 or 2), value #pm_val, little-endian, into the mailbox's param table.
                                	SRCFILE "fujinet.bas",135
                                	;[136] ' ---------------------------------------------------------------------------
                                	SRCFILE "fujinet.bas",136
                                	;[137] DIM pm_i, pm_size
                                	SRCFILE "fujinet.bas",137
                                	;[138] DIM #pm_val
                                	SRCFILE "fujinet.bas",138
                                	;[139] fn_param: PROCEDURE
                                	SRCFILE "fujinet.bas",139
                                	; FN_PARAM
0x51FD                          label_FN_PARAM:	PROC
51FD   0275                     	BEGIN
                                	;[140]     POKE (FN_PARAM_SIZE + pm_i), pm_size
                                	SRCFILE "fujinet.bas",140
51FE   0280 0150                	MVI var_PM_SIZE,R0
5200   0281 014F                	MVI var_PM_I,R1
5202   02F9 9C10                	ADDI #39952,R1
5204   0248                     	MVO@ R0,R1
                                	;[141]     POKE (FN_PARAM_VAL + pm_i * 4), #pm_val AND 255
                                	SRCFILE "fujinet.bas",141
5205   0280 0313                	MVI var_&PM_VAL,R0
5207   03B8 00FF                	ANDI #255,R0
5209   0281 014F                	MVI var_PM_I,R1
520B   004D                     	SLL R1,2
520C   02F9 9C20                	ADDI #39968,R1
520E   0248                     	MVO@ R0,R1
                                	;[142]     IF pm_size > 1 THEN POKE (FN_PARAM_VAL + pm_i * 4 + 1), #pm_val / 256
                                	SRCFILE "fujinet.bas",142
520F   0280 0150                	MVI var_PM_SIZE,R0
5211   0378 0001                	CMPI #1,R0
5213   0206 000B                	BLE T25
5215   0280 0313                	MVI var_&PM_VAL,R0
5217   0040                     	SWAP R0
5218   03B8 00FF                	ANDI #255,R0
521A   0281 014F                	MVI var_PM_I,R1
521C   004D                     	SLL R1,2
521D   02F9 9C21                	ADDI #39969,R1
521F   0248                     	MVO@ R0,R1
0x5220                          T25:
                                	;[143] END
                                	SRCFILE "fujinet.bas",143
5220   02B7                     	RETURN
                                	ENDP
                                	;[144] 
                                	SRCFILE "fujinet.bas",144
                                	;[145] ' ---------------------------------------------------------------------------
                                	SRCFILE "fujinet.bas",145
                                	;[146] ' fn_putstr: append fn_len ASCII bytes into FN_TX, starting at the current
                                	SRCFILE "fujinet.bas",146
                                	;[147] ' #fn_txlen, from the address in #fn_src -- either VARPTR of a ROM DATA
                                	SRCFILE "fujinet.bas",147
                                	;[148] ' label (a literal like lit_tables(0)) or a RAM address (a scratch buffer
                                	SRCFILE "fujinet.bas",148
                                	;[149] ' like SC_NAME, or even FN_RX). PEEK is uniform across ROM/RAM on the
                                	SRCFILE "fujinet.bas",149
                                	;[150] ' CP-1610's unified address space, so one procedure covers both. Advances
                                	SRCFILE "fujinet.bas",150
                                	;[151] ' #fn_txlen.
                                	SRCFILE "fujinet.bas",151
                                	;[152] ' ---------------------------------------------------------------------------
                                	SRCFILE "fujinet.bas",152
                                	;[153] fn_putstr: PROCEDURE
                                	SRCFILE "fujinet.bas",153
                                	; FN_PUTSTR
0x5221                          label_FN_PUTSTR:	PROC
5221   0275                     	BEGIN
                                	;[154]     FOR fn_i = 0 TO fn_len - 1
                                	SRCFILE "fujinet.bas",154
5222   01C0                     	CLRR R0
5223   0240 0123                	MVO R0,var_FN_I
0x5225                          T26:
                                	;[155]         POKE (FN_TX + #fn_txlen + fn_i), PEEK(#fn_src + fn_i) AND 255
                                	SRCFILE "fujinet.bas",155
5225   0281 030C                	MVI var_&FN_SRC,R1
5227   02C1 0123                	ADD var_FN_I,R1
5229   0288                     	MVI@ R1,R0
522A   03B8 00FF                	ANDI #255,R0
522C   0281 030E                	MVI var_&FN_TXLEN,R1
522E   02F9 9C40                	ADDI #40000,R1
5230   02C1 0123                	ADD var_FN_I,R1
5232   0248                     	MVO@ R0,R1
                                	;[156]     NEXT fn_i
                                	SRCFILE "fujinet.bas",156
5233   0280 0123                	MVI var_FN_I,R0
5235   0008                     	INCR R0
5236   0240 0123                	MVO R0,var_FN_I
5238   0281 0124                	MVI var_FN_LEN,R1
523A   0011                     	DECR R1
523B   0148                     	CMPR R1,R0
523C   0226 0018                	BLE T26
                                	;[157]     #fn_txlen = #fn_txlen + fn_len
                                	SRCFILE "fujinet.bas",157
523E   0280 030E                	MVI var_&FN_TXLEN,R0
5240   02C0 0124                	ADD var_FN_LEN,R0
5242   0240 030E                	MVO R0,var_&FN_TXLEN
                                	;[158] END
                                	SRCFILE "fujinet.bas",158
5244   02B7                     	RETURN
                                	ENDP
                                	;[159] 
                                	SRCFILE "fujinet.bas",159
                                	;[160] ' ---------------------------------------------------------------------------
                                	SRCFILE "fujinet.bas",160
                                	;[161] ' fn_strlen: scan the NUL-padded field at #fn_src (max ls_max bytes) and set
                                	SRCFILE "fujinet.bas",161
                                	;[162] ' fn_len to the length up to (but not including) the first NUL. Use this
                                	SRCFILE "fujinet.bas",162
                                	;[163] ' before fn_putstr whenever the source is a fixed-width padded field (table
                                	SRCFILE "fujinet.bas",163
                                	;[164] ' id, player name) -- putstr has no idea where the real string ends, and
                                	SRCFILE "fujinet.bas",164
                                	;[165] ' blindly copying the full padded width embeds a literal $00 byte plus
                                	SRCFILE "fujinet.bas",165
                                	;[166] ' whatever garbage follows it into the URL, which is sent as-is (the URL's
                                	SRCFILE "fujinet.bas",166
                                	;[167] ' length is a byte count, not NUL-terminated, so nothing downstream stops
                                	SRCFILE "fujinet.bas",167
                                	;[168] ' at that NUL either -- it corrupts the HTTP request on the wire).
                                	SRCFILE "fujinet.bas",168
                                	;[169] ' ---------------------------------------------------------------------------
                                	SRCFILE "fujinet.bas",169
                                	;[170] DIM ls_max
                                	SRCFILE "fujinet.bas",170
                                	;[171] fn_strlen: PROCEDURE
                                	SRCFILE "fujinet.bas",171
                                	; FN_STRLEN
0x5245                          label_FN_STRLEN:	PROC
5245   0275                     	BEGIN
                                	;[172]     fn_len = 0
                                	SRCFILE "fujinet.bas",172
5246   01C0                     	CLRR R0
5247   0240 0124                	MVO R0,var_FN_LEN
                                	;[173]     WHILE (fn_len < ls_max) AND ((PEEK(#fn_src + fn_len) AND 255) <> 0)
                                	SRCFILE "fujinet.bas",173
0x5249                          T27:
5249   0280 0124                	MVI var_FN_LEN,R0
524B   0340 013B                	CMP var_LS_MAX,R0
524D   02B8 FFFF                	MVII #65535,R0
524F   0205 0001                	BLT T29
5251   0008                     	INCR R0
0x5252                          T29:
5252   0281 030C                	MVI var_&FN_SRC,R1
5254   02C1 0124                	ADD var_FN_LEN,R1
5256   0289                     	MVI@ R1,R1
5257   03B9 00FF                	ANDI #255,R1
5259   02B9 FFFF                	MVII #65535,R1
525B   020C 0001                	BNE T30
525D   0009                     	INCR R1
0x525E                          T30:
525E   0188                     	ANDR R1,R0
525F   0204 0007                	BEQ T28
                                	;[174]         fn_len = fn_len + 1
                                	SRCFILE "fujinet.bas",174
5261   0280 0124                	MVI var_FN_LEN,R0
5263   0008                     	INCR R0
5264   0240 0124                	MVO R0,var_FN_LEN
                                	;[175]     WEND
                                	SRCFILE "fujinet.bas",175
5266   0220 001E                	B T27
0x5268                          T28:
                                	;[176] END
                                	SRCFILE "fujinet.bas",176
5268   02B7                     	RETURN
                                	ENDP
                                	;[177] 
                                	SRCFILE "fujinet.bas",177
                                	;[178] ' ---------------------------------------------------------------------------
                                	SRCFILE "fujinet.bas",178
                                	;[179] ' net_open: open devicespec (ASCII bytes already staged at FN_TX, length in
                                	SRCFILE "fujinet.bas",179
                                	;[180] ' #fn_txlen) for HTTP GET. Leaves fn_ok set.
                                	SRCFILE "fujinet.bas",180
                                	;[181] ' ---------------------------------------------------------------------------
                                	SRCFILE "fujinet.bas",181
                                	;[182] net_open: PROCEDURE
                                	SRCFILE "fujinet.bas",182
                                	; NET_OPEN
0x5269                          label_NET_OPEN:	PROC
5269   0275                     	BEGIN
                                	;[183]     mb_dev = NET_DEVICEID
                                	SRCFILE "fujinet.bas",183
526A   02B8 0071                	MVII #113,R0
526C   0240 013D                	MVO R0,var_MB_DEV
                                	;[184]     mb_cmd = NETCMD_OPEN
                                	SRCFILE "fujinet.bas",184
526E   02B8 004F                	MVII #79,R0
5270   0240 013C                	MVO R0,var_MB_CMD
                                	;[185]     mb_nparam = 2
                                	SRCFILE "fujinet.bas",185
5272   02B8 0002                	MVII #2,R0
5274   0240 013F                	MVO R0,var_MB_NPARAM
                                	;[186]     pm_i = 0 : pm_size = 1 : #pm_val = OPEN_MODE_HTTP_GET_H : GOSUB fn_param
                                	SRCFILE "fujinet.bas",186
5276   01C0                     	CLRR R0
5277   0240 014F                	MVO R0,var_PM_I
5279   02B8 0001                	MVII #1,R0
527B   0240 0150                	MVO R0,var_PM_SIZE
527D   02B8 000C                	MVII #12,R0
527F   0240 0313                	MVO R0,var_&PM_VAL
5281   0004 0150 01FD           	CALL label_FN_PARAM
                                	;[187]     pm_i = 1 : pm_size = 1 : #pm_val = OPEN_TRANS_NONE : GOSUB fn_param
                                	SRCFILE "fujinet.bas",187
5284   02B8 0001                	MVII #1,R0
5286   0240 014F                	MVO R0,var_PM_I
5288   0240 0150                	MVO R0,var_PM_SIZE
528A   01C0                     	CLRR R0
528B   0240 0313                	MVO R0,var_&PM_VAL
528D   0004 0150 01FD           	CALL label_FN_PARAM
                                	;[188]     GOSUB fn_transact
                                	SRCFILE "fujinet.bas",188
5290   0004 0150 018A           	CALL label_FN_TRANSACT
                                	;[189] END
                                	SRCFILE "fujinet.bas",189
5293   02B7                     	RETURN
                                	ENDP
                                	;[190] 
                                	SRCFILE "fujinet.bas",190
                                	;[191] ' ---------------------------------------------------------------------------
                                	SRCFILE "fujinet.bas",191
                                	;[192] ' net_status: query byte count available. Result in #net_avail; fn_ok as usual.
                                	SRCFILE "fujinet.bas",192
                                	;[193] ' ---------------------------------------------------------------------------
                                	SRCFILE "fujinet.bas",193
                                	;[194] DIM #net_avail
                                	SRCFILE "fujinet.bas",194
                                	;[195] ' net_err: the 4th byte of the NDeviceStatus reply (nDevStatus_t). 1 =
                                	SRCFILE "fujinet.bas",195
                                	;[196] ' SUCCESS. For an HTTP-backed devicespec, the *actual* GET is deferred
                                	SRCFILE "fujinet.bas",196
                                	;[197] ' until this first STATUS call (see NetworkProtocolHTTP::status_file()/
                                	SRCFILE "fujinet.bas",197
                                	;[198] ' http_transaction() in fujinet-firmware) and its result code lands here
                                	SRCFILE "fujinet.bas",198
                                	;[199] ' -- an HTTP error response (e.g. a 400) still has a real, readable body
                                	SRCFILE "fujinet.bas",199
                                	;[200] ' (the error page), so `avail` alone can't tell it apart from a good
                                	SRCFILE "fujinet.bas",200
                                	;[201] ' response. Checking net_err is what actually can.
                                	SRCFILE "fujinet.bas",201
                                	;[202] DIM net_err
                                	SRCFILE "fujinet.bas",202
                                	;[203] net_status: PROCEDURE
                                	SRCFILE "fujinet.bas",203
                                	; NET_STATUS
0x5294                          label_NET_STATUS:	PROC
5294   0275                     	BEGIN
                                	;[204]     mb_dev = NET_DEVICEID
                                	SRCFILE "fujinet.bas",204
5295   02B8 0071                	MVII #113,R0
5297   0240 013D                	MVO R0,var_MB_DEV
                                	;[205]     mb_cmd = NETCMD_STATUS
                                	SRCFILE "fujinet.bas",205
5299   02B8 0053                	MVII #83,R0
529B   0240 013C                	MVO R0,var_MB_CMD
                                	;[206]     mb_nparam = 2
                                	SRCFILE "fujinet.bas",206
529D   02B8 0002                	MVII #2,R0
529F   0240 013F                	MVO R0,var_MB_NPARAM
                                	;[207]     pm_i = 0 : pm_size = 1 : #pm_val = 0 : GOSUB fn_param
                                	SRCFILE "fujinet.bas",207
52A1   01C0                     	CLRR R0
52A2   0240 014F                	MVO R0,var_PM_I
52A4   02B8 0001                	MVII #1,R0
52A6   0240 0150                	MVO R0,var_PM_SIZE
52A8   01C0                     	CLRR R0
52A9   0240 0313                	MVO R0,var_&PM_VAL
52AB   0004 0150 01FD           	CALL label_FN_PARAM
                                	;[208]     pm_i = 1 : pm_size = 1 : #pm_val = 0 : GOSUB fn_param
                                	SRCFILE "fujinet.bas",208
52AE   02B8 0001                	MVII #1,R0
52B0   0240 014F                	MVO R0,var_PM_I
52B2   0240 0150                	MVO R0,var_PM_SIZE
52B4   01C0                     	CLRR R0
52B5   0240 0313                	MVO R0,var_&PM_VAL
52B7   0004 0150 01FD           	CALL label_FN_PARAM
                                	;[209]     #fn_txlen = 0
                                	SRCFILE "fujinet.bas",209
52BA   01C0                     	CLRR R0
52BB   0240 030E                	MVO R0,var_&FN_TXLEN
                                	;[210]     GOSUB fn_transact
                                	SRCFILE "fujinet.bas",210
52BD   0004 0150 018A           	CALL label_FN_TRANSACT
                                	;[211]     IF fn_ok THEN
                                	SRCFILE "fujinet.bas",211
52C0   0280 0125                	MVI var_FN_OK,R0
52C2   0080                     	TSTR R0
52C3   0204 001D                	BEQ T31
                                	;[212]         #net_avail = (PEEK(FN_RX) AND 255) + (PEEK(FN_RX + 1) AND 255) * 256
                                	SRCFILE "fujinet.bas",212
52C5   0280 9D40                	MVI 40256,R0
52C7   03B8 00FF                	ANDI #255,R0
52C9   0281 9D41                	MVI 40257,R1
52CB   03B9 00FF                	ANDI #255,R1
52CD   0041                     	SWAP R1
52CE   03B9 FF00                	ANDI #65280,R1
52D0   00C8                     	ADDR R1,R0
52D1   0240 0310                	MVO R0,var_&NET_AVAIL
                                	;[213]         net_err = PEEK(FN_RX + 3) AND 255
                                	SRCFILE "fujinet.bas",213
52D3   0280 9D43                	MVI 40259,R0
52D5   0240 0149                	MVO R0,var_NET_ERR
                                	;[214]         IF net_err <> 1 THEN fn_ok = 0
                                	SRCFILE "fujinet.bas",214
52D7   0280 0149                	MVI var_NET_ERR,R0
52D9   0378 0001                	CMPI #1,R0
52DB   0204 0003                	BEQ T32
52DD   01C0                     	CLRR R0
52DE   0240 0125                	MVO R0,var_FN_OK
0x52E0                          T32:
                                	;[215]     ELSE
                                	SRCFILE "fujinet.bas",215
52E0   0200 0003                	B T33
0x52E2                          T31:
                                	;[216]         #net_avail = 0
                                	SRCFILE "fujinet.bas",216
52E2   01C0                     	CLRR R0
52E3   0240 0310                	MVO R0,var_&NET_AVAIL
                                	;[217]     END IF
                                	SRCFILE "fujinet.bas",217
0x52E5                          T33:
                                	;[218] END
                                	SRCFILE "fujinet.bas",218
52E5   02B7                     	RETURN
                                	ENDP
                                	;[219] 
                                	SRCFILE "fujinet.bas",219
                                	;[220] ' ---------------------------------------------------------------------------
                                	SRCFILE "fujinet.bas",220
                                	;[221] ' net_read: read #net_readlen bytes into FN_RX (reply payload lands there
                                	SRCFILE "fujinet.bas",221
                                	;[222] ' directly -- callers PEEK it in place, per the "never buffer in IntyBASIC
                                	SRCFILE "fujinet.bas",222
                                	;[223] ' variables" rule). fn_ok as usual.
                                	SRCFILE "fujinet.bas",223
                                	;[224] ' ---------------------------------------------------------------------------
                                	SRCFILE "fujinet.bas",224
                                	;[225] DIM #net_readlen
                                	SRCFILE "fujinet.bas",225
                                	;[226] ' #net_gotlen: the actual byte count the RP2040/FujiNet peripheral reported
                                	SRCFILE "fujinet.bas",226
                                	;[227] ' receiving (RXLEN), captured here because the CLOSE transaction that
                                	SRCFILE "fujinet.bas",227
                                	;[228] ' follows in api_call overwrites FN_RXLEN_LO/HI with its own (always 0)
                                	SRCFILE "fujinet.bas",228
                                	;[229] ' reply length -- callers need this checked before that happens.
                                	SRCFILE "fujinet.bas",229
                                	;[230] DIM #net_gotlen
                                	SRCFILE "fujinet.bas",230
                                	;[231] net_read: PROCEDURE
                                	SRCFILE "fujinet.bas",231
                                	; NET_READ
0x52E6                          label_NET_READ:	PROC
52E6   0275                     	BEGIN
                                	;[232]     mb_dev = NET_DEVICEID
                                	SRCFILE "fujinet.bas",232
52E7   02B8 0071                	MVII #113,R0
52E9   0240 013D                	MVO R0,var_MB_DEV
                                	;[233]     mb_cmd = NETCMD_READ
                                	SRCFILE "fujinet.bas",233
52EB   02B8 0052                	MVII #82,R0
52ED   0240 013C                	MVO R0,var_MB_CMD
                                	;[234]     mb_nparam = 1
                                	SRCFILE "fujinet.bas",234
52EF   02B8 0001                	MVII #1,R0
52F1   0240 013F                	MVO R0,var_MB_NPARAM
                                	;[235]     pm_i = 0 : pm_size = 2 : #pm_val = #net_readlen : GOSUB fn_param
                                	SRCFILE "fujinet.bas",235
52F3   01C0                     	CLRR R0
52F4   0240 014F                	MVO R0,var_PM_I
52F6   02B8 0002                	MVII #2,R0
52F8   0240 0150                	MVO R0,var_PM_SIZE
52FA   0280 0312                	MVI var_&NET_READLEN,R0
52FC   0240 0313                	MVO R0,var_&PM_VAL
52FE   0004 0150 01FD           	CALL label_FN_PARAM
                                	;[236]     #fn_txlen = 0
                                	SRCFILE "fujinet.bas",236
5301   01C0                     	CLRR R0
5302   0240 030E                	MVO R0,var_&FN_TXLEN
                                	;[237]     GOSUB fn_transact
                                	SRCFILE "fujinet.bas",237
5304   0004 0150 018A           	CALL label_FN_TRANSACT
                                	;[238]     IF fn_ok THEN
                                	SRCFILE "fujinet.bas",238
5307   0280 0125                	MVI var_FN_OK,R0
5309   0080                     	TSTR R0
530A   0204 0010                	BEQ T34
                                	;[239]         #net_gotlen = (PEEK(FN_RXLEN_LO) AND 255) + (PEEK(FN_RXLEN_HI) AND 255) * 256
                                	SRCFILE "fujinet.bas",239
530C   0280 9C0C                	MVI 39948,R0
530E   03B8 00FF                	ANDI #255,R0
5310   0281 9C0D                	MVI 39949,R1
5312   03B9 00FF                	ANDI #255,R1
5314   0041                     	SWAP R1
5315   03B9 FF00                	ANDI #65280,R1
5317   00C8                     	ADDR R1,R0
5318   0240 0311                	MVO R0,var_&NET_GOTLEN
                                	;[240]     ELSE
                                	SRCFILE "fujinet.bas",240
531A   0200 0003                	B T35
0x531C                          T34:
                                	;[241]         #net_gotlen = 0
                                	SRCFILE "fujinet.bas",241
531C   01C0                     	CLRR R0
531D   0240 0311                	MVO R0,var_&NET_GOTLEN
                                	;[242]     END IF
                                	SRCFILE "fujinet.bas",242
0x531F                          T35:
                                	;[243] END
                                	SRCFILE "fujinet.bas",243
531F   02B7                     	RETURN
                                	ENDP
                                	;[244] 
                                	SRCFILE "fujinet.bas",244
                                	;[245] ' ---------------------------------------------------------------------------
                                	SRCFILE "fujinet.bas",245
                                	;[246] ' net_close
                                	SRCFILE "fujinet.bas",246
                                	;[247] ' ---------------------------------------------------------------------------
                                	SRCFILE "fujinet.bas",247
                                	;[248] net_close: PROCEDURE
                                	SRCFILE "fujinet.bas",248
                                	; NET_CLOSE
0x5320                          label_NET_CLOSE:	PROC
5320   0275                     	BEGIN
                                	;[249]     mb_dev = NET_DEVICEID
                                	SRCFILE "fujinet.bas",249
5321   02B8 0071                	MVII #113,R0
5323   0240 013D                	MVO R0,var_MB_DEV
                                	;[250]     mb_cmd = NETCMD_CLOSE
                                	SRCFILE "fujinet.bas",250
5325   02B8 0043                	MVII #67,R0
5327   0240 013C                	MVO R0,var_MB_CMD
                                	;[251]     mb_nparam = 0
                                	SRCFILE "fujinet.bas",251
5329   01C0                     	CLRR R0
532A   0240 013F                	MVO R0,var_MB_NPARAM
                                	;[252]     #fn_txlen = 0
                                	SRCFILE "fujinet.bas",252
532C   0240 030E                	MVO R0,var_&FN_TXLEN
                                	;[253]     GOSUB fn_transact
                                	SRCFILE "fujinet.bas",253
532E   0004 0150 018A           	CALL label_FN_TRANSACT
                                	;[254] END
                                	SRCFILE "fujinet.bas",254
5331   02B7                     	RETURN
                                	ENDP
                                	;[255] 
                                	SRCFILE "fujinet.bas",255
                                	;[256] ' ---------------------------------------------------------------------------
                                	SRCFILE "fujinet.bas",256
                                	;[257] ' api_call: full round trip -- open the URL staged at FN_TX/#fn_txlen,
                                	SRCFILE "fujinet.bas",257
                                	;[258] ' check status, read up to #net_readlen bytes (caller sets this to the max
                                	SRCFILE "fujinet.bas",258
                                	;[259] ' expected reply size, e.g. 418 for /state, 361 for /tables), close.
                                	SRCFILE "fujinet.bas",259
                                	;[260] ' Leaves fn_ok = 1 and the reply in FN_RX on success.
                                	SRCFILE "fujinet.bas",260
                                	;[261] ' ---------------------------------------------------------------------------
                                	SRCFILE "fujinet.bas",261
                                	;[262] ' ac_i/#ac_prev: loop counter and previous STATUS reading for api_call's
                                	SRCFILE "fujinet.bas",262
                                	;[263] ' stabilization poll (see below).
                                	SRCFILE "fujinet.bas",263
                                	;[264] DIM ac_i
                                	SRCFILE "fujinet.bas",264
                                	;[265] DIM #ac_prev
                                	SRCFILE "fujinet.bas",265
                                	;[266] api_call: PROCEDURE
                                	SRCFILE "fujinet.bas",266
                                	; API_CALL
0x5332                          label_API_CALL:	PROC
5332   0275                     	BEGIN
                                	;[267]     GOSUB net_open
                                	SRCFILE "fujinet.bas",267
5333   0004 0150 0269           	CALL label_NET_OPEN
                                	;[268]     IF fn_ok = 0 THEN RETURN
                                	SRCFILE "fujinet.bas",268
5336   0280 0125                	MVI var_FN_OK,R0
5338   0080                     	TSTR R0
5339   020C 0001                	BNE T36
533B   02B7                     	RETURN
0x533C                          T36:
                                	;[269] 
                                	SRCFILE "fujinet.bas",269
                                	;[270]     ' The RP2040/ESP32 can report STATUS as soon as *some* bytes of the
                                	SRCFILE "fujinet.bas",270
                                	;[271]     ' real internet response have arrived, well before the full response
                                	SRCFILE "fujinet.bas",271
                                	;[272]     ' does -- open+status+read all happening within the same poll can
                                	SRCFILE "fujinet.bas",272
                                	;[273]     ' easily race ahead of that. Rather than guess a fixed delay, poll
                                	SRCFILE "fujinet.bas",273
                                	;[274]     ' STATUS repeatedly and treat two consecutive equal (nonzero)
                                	SRCFILE "fujinet.bas",274
                                	;[275]     ' readings as "the download has settled" before committing to a
                                	SRCFILE "fujinet.bas",275
                                	;[276]     ' read length. Bounded to ~20 frames (~0.33s) of polling so a
                                	SRCFILE "fujinet.bas",276
                                	;[277]     ' genuinely stuck connection still falls through to the normal
                                	SRCFILE "fujinet.bas",277
                                	;[278]     ' fn_ok=0/timeout handling instead of hanging here.
                                	SRCFILE "fujinet.bas",278
                                	;[279]     #ac_prev = 0
                                	SRCFILE "fujinet.bas",279
533C   01C0                     	CLRR R0
533D   0240 0308                	MVO R0,var_&AC_PREV
                                	;[280]     FOR ac_i = 0 TO 19
                                	SRCFILE "fujinet.bas",280
533F   0240 0112                	MVO R0,var_AC_I
0x5341                          T37:
                                	;[281]         WAIT
                                	SRCFILE "fujinet.bas",281
5341   0004 016C 001E           	CALL _wait
                                	;[282]         GOSUB net_status
                                	SRCFILE "fujinet.bas",282
5344   0004 0150 0294           	CALL label_NET_STATUS
                                	;[283]         IF fn_ok = 0 THEN RETURN
                                	SRCFILE "fujinet.bas",283
5347   0280 0125                	MVI var_FN_OK,R0
5349   0080                     	TSTR R0
534A   020C 0001                	BNE T38
534C   02B7                     	RETURN
0x534D                          T38:
                                	;[284]         IF #net_avail > 0 AND #net_avail = #ac_prev THEN EXIT FOR
                                	SRCFILE "fujinet.bas",284
534D   0280 0310                	MVI var_&NET_AVAIL,R0
534F   0378 0000                	CMPI #0,R0
5351   02B8 FFFF                	MVII #65535,R0
5353   020E 0001                	BGT T40
5355   0008                     	INCR R0
0x5356                          T40:
5356   0281 0310                	MVI var_&NET_AVAIL,R1
5358   0341 0308                	CMP var_&AC_PREV,R1
535A   02B9 FFFF                	MVII #65535,R1
535C   0204 0001                	BEQ T41
535E   0009                     	INCR R1
0x535F                          T41:
535F   0188                     	ANDR R1,R0
5360   020C 000D                	BNE T42
                                	;[285]         #ac_prev = #net_avail
                                	SRCFILE "fujinet.bas",285
5362   0280 0310                	MVI var_&NET_AVAIL,R0
5364   0240 0308                	MVO R0,var_&AC_PREV
                                	;[286]     NEXT ac_i
                                	SRCFILE "fujinet.bas",286
5366   0280 0112                	MVI var_AC_I,R0
5368   0008                     	INCR R0
5369   0240 0112                	MVO R0,var_AC_I
536B   0378 0013                	CMPI #19,R0
536D   0226 002D                	BLE T37
0x536F                          T42:
                                	;[287] 
                                	SRCFILE "fujinet.bas",287
                                	;[288]     IF #net_avail < #net_readlen THEN #net_readlen = #net_avail
                                	SRCFILE "fujinet.bas",288
536F   0280 0310                	MVI var_&NET_AVAIL,R0
5371   0340 0312                	CMP var_&NET_READLEN,R0
5373   020D 0002                	BGE T43
5375   0240 0312                	MVO R0,var_&NET_READLEN
0x5377                          T43:
                                	;[289] 
                                	SRCFILE "fujinet.bas",289
                                	;[290]     GOSUB net_read
                                	SRCFILE "fujinet.bas",290
5377   0004 0150 02E6           	CALL label_NET_READ
                                	;[291]     GOSUB net_close   ' close regardless of read result
                                	SRCFILE "fujinet.bas",291
537A   0004 0150 0320           	CALL label_NET_CLOSE
                                	;[292] END
                                	SRCFILE "fujinet.bas",292
537D   02B7                     	RETURN
                                	ENDP
                                	;[293] 
                                	SRCFILE "fujinet.bas",293
                                	;[294] ' ---------------------------------------------------------------------------
                                	SRCFILE "fujinet.bas",294
                                	;[295] ' AppKey. The wire struct (fujiDevice.h's `struct appkey`, packed) is 6
                                	SRCFILE "fujinet.bas",295
                                	;[296] ' bytes: creator_lo, creator_hi, app, key, mode, reserved. mode: 0=read,
                                	SRCFILE "fujinet.bas",296
                                	;[297] ' 1=write. Sending only 5 bytes (omitting reserved) leaves the firmware's
                                	SRCFILE "fujinet.bas",297
                                	;[298] ' transaction_get() blocked waiting for a byte that never arrives, which
                                	SRCFILE "fujinet.bas",298
                                	;[299] ' reads back as a timeout, not a protocol error -- easy to misdiagnose.
                                	SRCFILE "fujinet.bas",299
                                	;[300] ' appkey_open must be followed by appkey_read or appkey_write, then
                                	SRCFILE "fujinet.bas",300
                                	;[301] ' appkey_close, mirroring the C client's read_appkey()/write_appkey().
                                	SRCFILE "fujinet.bas",301
                                	;[302] ' ---------------------------------------------------------------------------
                                	SRCFILE "fujinet.bas",302
                                	;[303] DIM ak_creator_lo, ak_creator_hi, ak_app, ak_key, ak_mode
                                	SRCFILE "fujinet.bas",303
                                	;[304] 
                                	SRCFILE "fujinet.bas",304
                                	;[305] appkey_open: PROCEDURE
                                	SRCFILE "fujinet.bas",305
                                	; APPKEY_OPEN
0x537E                          label_APPKEY_OPEN:	PROC
537E   0275                     	BEGIN
                                	;[306]     mb_dev = FUJI_DEVICEID
                                	SRCFILE "fujinet.bas",306
537F   02B8 0070                	MVII #112,R0
5381   0240 013D                	MVO R0,var_MB_DEV
                                	;[307]     mb_cmd = FUJICMD_OPEN_APPKEY
                                	SRCFILE "fujinet.bas",307
5383   02B8 00DC                	MVII #220,R0
5385   0240 013C                	MVO R0,var_MB_CMD
                                	;[308]     mb_nparam = 0
                                	SRCFILE "fujinet.bas",308
5387   01C0                     	CLRR R0
5388   0240 013F                	MVO R0,var_MB_NPARAM
                                	;[309]     POKE (FN_TX + 0), ak_creator_lo
                                	SRCFILE "fujinet.bas",309
538A   0280 0115                	MVI var_AK_CREATOR_LO,R0
538C   0240 9C40                	MVO R0,40000
                                	;[310]     POKE (FN_TX + 1), ak_creator_hi
                                	SRCFILE "fujinet.bas",310
538E   0280 0114                	MVI var_AK_CREATOR_HI,R0
5390   0240 9C41                	MVO R0,40001
                                	;[311]     POKE (FN_TX + 2), ak_app
                                	SRCFILE "fujinet.bas",311
5392   0280 0113                	MVI var_AK_APP,R0
5394   0240 9C42                	MVO R0,40002
                                	;[312]     POKE (FN_TX + 3), ak_key
                                	SRCFILE "fujinet.bas",312
5396   0280 0116                	MVI var_AK_KEY,R0
5398   0240 9C43                	MVO R0,40003
                                	;[313]     POKE (FN_TX + 4), ak_mode
                                	SRCFILE "fujinet.bas",313
539A   0280 0117                	MVI var_AK_MODE,R0
539C   0240 9C44                	MVO R0,40004
                                	;[314]     POKE (FN_TX + 5), 0 ' reserved
                                	SRCFILE "fujinet.bas",314
539E   01C0                     	CLRR R0
539F   0240 9C45                	MVO R0,40005
                                	;[315]     #fn_txlen = 6
                                	SRCFILE "fujinet.bas",315
53A1   02B8 0006                	MVII #6,R0
53A3   0240 030E                	MVO R0,var_&FN_TXLEN
                                	;[316]     GOSUB fn_transact
                                	SRCFILE "fujinet.bas",316
53A5   0004 0150 018A           	CALL label_FN_TRANSACT
                                	;[317] END
                                	SRCFILE "fujinet.bas",317
53A8   02B7                     	RETURN
                                	ENDP
                                	;[318] 
                                	SRCFILE "fujinet.bas",318
                                	;[319] ' Reads into SC_ names buffer at address #fn_src (caller sets), up to
                                	SRCFILE "fujinet.bas",319
                                	;[320] ' fn_len bytes. Actual byte count returned in fn_len after the call (from
                                	SRCFILE "fujinet.bas",320
                                	;[321] ' RXLEN); callers should NUL-terminate at that offset.
                                	SRCFILE "fujinet.bas",321
                                	;[322] ' Caller sets #fn_src (destination) and ls_max (destination buffer size,
                                	SRCFILE "fujinet.bas",322
                                	;[323] ' including room for the NUL this always writes at fn_len). Clamps to
                                	SRCFILE "fujinet.bas",323
                                	;[324] ' ls_max-1 bytes copied -- appkeys can be up to 64 bytes but destinations
                                	SRCFILE "fujinet.bas",324
                                	;[325] ' like SC_NAME are much smaller, and always NUL-terminates at fn_len so a
                                	SRCFILE "fujinet.bas",325
                                	;[326] ' short stored value doesn't leave trailing bytes undefined for callers
                                	SRCFILE "fujinet.bas",326
                                	;[327] ' (like compose_url via fn_strlen) that scan for the terminator.
                                	SRCFILE "fujinet.bas",327
                                	;[328] appkey_read: PROCEDURE
                                	SRCFILE "fujinet.bas",328
                                	; APPKEY_READ
0x53A9                          label_APPKEY_READ:	PROC
53A9   0275                     	BEGIN
                                	;[329]     mb_dev = FUJI_DEVICEID
                                	SRCFILE "fujinet.bas",329
53AA   02B8 0070                	MVII #112,R0
53AC   0240 013D                	MVO R0,var_MB_DEV
                                	;[330]     mb_cmd = FUJICMD_READ_APPKEY
                                	SRCFILE "fujinet.bas",330
53AE   02B8 00DD                	MVII #221,R0
53B0   0240 013C                	MVO R0,var_MB_CMD
                                	;[331]     mb_nparam = 0
                                	SRCFILE "fujinet.bas",331
53B2   01C0                     	CLRR R0
53B3   0240 013F                	MVO R0,var_MB_NPARAM
                                	;[332]     #fn_txlen = 0
                                	SRCFILE "fujinet.bas",332
53B5   0240 030E                	MVO R0,var_&FN_TXLEN
                                	;[333]     GOSUB fn_transact
                                	SRCFILE "fujinet.bas",333
53B7   0004 0150 018A           	CALL label_FN_TRANSACT
                                	;[334]     IF fn_ok THEN
                                	SRCFILE "fujinet.bas",334
53BA   0280 0125                	MVI var_FN_OK,R0
53BC   0080                     	TSTR R0
53BD   0204 003D                	BEQ T44
                                	;[335]         ' The rs232 transport (rs232Fuji::fujicore_read_app_key, verified
                                	SRCFILE "fujinet.bas",335
                                	;[336]         ' against fujinet-firmware source and a live byte dump) prepends
                                	SRCFILE "fujinet.bas",336
                                	;[337]         ' a 2-byte little-endian length ahead of the actual appkey bytes
                                	SRCFILE "fujinet.bas",337
                                	;[338]         ' -- unlike a network READ, an appkey READ takes no length
                                	SRCFILE "fujinet.bas",338
                                	;[339]         ' parameter, so the firmware makes the reply self-describing
                                	SRCFILE "fujinet.bas",339
                                	;[340]         ' instead. This is specific to appkey reads on this transport;
                                	SRCFILE "fujinet.bas",340
                                	;[341]         ' network reads carry no such prefix. RXLEN (FN_RXLEN_LO/HI)
                                	SRCFILE "fujinet.bas",341
                                	;[342]         ' covers the prefix + data together, so use the embedded prefix
                                	SRCFILE "fujinet.bas",342
                                	;[343]         ' itself as the real data length and skip past it.
                                	SRCFILE "fujinet.bas",343
                                	;[344]         fn_len = (PEEK(FN_RX) AND 255) + (PEEK(FN_RX + 1) AND 255) * 256
                                	SRCFILE "fujinet.bas",344
53BF   0280 9D40                	MVI 40256,R0
53C1   03B8 00FF                	ANDI #255,R0
53C3   0281 9D41                	MVI 40257,R1
53C5   03B9 00FF                	ANDI #255,R1
53C7   0041                     	SWAP R1
53C8   03B9 FF00                	ANDI #65280,R1
53CA   00C8                     	ADDR R1,R0
53CB   0240 0124                	MVO R0,var_FN_LEN
                                	;[345]         IF fn_len > ls_max - 1 THEN fn_len = ls_max - 1
                                	SRCFILE "fujinet.bas",345
53CD   0280 0124                	MVI var_FN_LEN,R0
53CF   0281 013B                	MVI var_LS_MAX,R1
53D1   0011                     	DECR R1
53D2   0148                     	CMPR R1,R0
53D3   0206 0005                	BLE T45
53D5   0280 013B                	MVI var_LS_MAX,R0
53D7   0010                     	DECR R0
53D8   0240 0124                	MVO R0,var_FN_LEN
0x53DA                          T45:
                                	;[346]         FOR fn_i = 0 TO fn_len - 1
                                	SRCFILE "fujinet.bas",346
53DA   01C0                     	CLRR R0
53DB   0240 0123                	MVO R0,var_FN_I
0x53DD                          T46:
                                	;[347]             POKE (#fn_src + fn_i), PEEK(FN_RX + 2 + fn_i) AND 255
                                	SRCFILE "fujinet.bas",347
53DD   0281 0123                	MVI var_FN_I,R1
53DF   02F9 9D42                	ADDI #40258,R1
53E1   0288                     	MVI@ R1,R0
53E2   03B8 00FF                	ANDI #255,R0
53E4   0281 030C                	MVI var_&FN_SRC,R1
53E6   02C1 0123                	ADD var_FN_I,R1
53E8   0248                     	MVO@ R0,R1
                                	;[348]         NEXT fn_i
                                	SRCFILE "fujinet.bas",348
53E9   0280 0123                	MVI var_FN_I,R0
53EB   0008                     	INCR R0
53EC   0240 0123                	MVO R0,var_FN_I
53EE   0281 0124                	MVI var_FN_LEN,R1
53F0   0011                     	DECR R1
53F1   0148                     	CMPR R1,R0
53F2   0226 0016                	BLE T46
                                	;[349]         POKE (#fn_src + fn_len), 0
                                	SRCFILE "fujinet.bas",349
53F4   01C0                     	CLRR R0
53F5   0281 030C                	MVI var_&FN_SRC,R1
53F7   02C1 0124                	ADD var_FN_LEN,R1
53F9   0248                     	MVO@ R0,R1
                                	;[350]     ELSE
                                	SRCFILE "fujinet.bas",350
53FA   0200 0003                	B T47
0x53FC                          T44:
                                	;[351]         fn_len = 0
                                	SRCFILE "fujinet.bas",351
53FC   01C0                     	CLRR R0
53FD   0240 0124                	MVO R0,var_FN_LEN
                                	;[352]     END IF
                                	SRCFILE "fujinet.bas",352
0x53FF                          T47:
                                	;[353] END
                                	SRCFILE "fujinet.bas",353
53FF   02B7                     	RETURN
                                	ENDP
                                	;[354] 
                                	SRCFILE "fujinet.bas",354
                                	;[355] ' Writes fn_len bytes from #fn_src (an SC_ buffer) as the appkey payload.
                                	SRCFILE "fujinet.bas",355
                                	;[356] appkey_write: PROCEDURE
                                	SRCFILE "fujinet.bas",356
                                	; APPKEY_WRITE
0x5400                          label_APPKEY_WRITE:	PROC
5400   0275                     	BEGIN
                                	;[357]     mb_dev = FUJI_DEVICEID
                                	SRCFILE "fujinet.bas",357
5401   02B8 0070                	MVII #112,R0
5403   0240 013D                	MVO R0,var_MB_DEV
                                	;[358]     mb_cmd = FUJICMD_WRITE_APPKEY
                                	SRCFILE "fujinet.bas",358
5405   02B8 00DE                	MVII #222,R0
5407   0240 013C                	MVO R0,var_MB_CMD
                                	;[359]     mb_nparam = 0
                                	SRCFILE "fujinet.bas",359
5409   01C0                     	CLRR R0
540A   0240 013F                	MVO R0,var_MB_NPARAM
                                	;[360]     FOR fn_i = 0 TO fn_len - 1
                                	SRCFILE "fujinet.bas",360
540C   0240 0123                	MVO R0,var_FN_I
0x540E                          T48:
                                	;[361]         POKE (FN_TX + fn_i), PEEK(#fn_src + fn_i) AND 255
                                	SRCFILE "fujinet.bas",361
540E   0281 030C                	MVI var_&FN_SRC,R1
5410   02C1 0123                	ADD var_FN_I,R1
5412   0288                     	MVI@ R1,R0
5413   03B8 00FF                	ANDI #255,R0
5415   0281 0123                	MVI var_FN_I,R1
5417   02F9 9C40                	ADDI #40000,R1
5419   0248                     	MVO@ R0,R1
                                	;[362]     NEXT fn_i
                                	SRCFILE "fujinet.bas",362
541A   0280 0123                	MVI var_FN_I,R0
541C   0008                     	INCR R0
541D   0240 0123                	MVO R0,var_FN_I
541F   0281 0124                	MVI var_FN_LEN,R1
5421   0011                     	DECR R1
5422   0148                     	CMPR R1,R0
5423   0226 0016                	BLE T48
                                	;[363]     #fn_txlen = fn_len
                                	SRCFILE "fujinet.bas",363
5425   0280 0124                	MVI var_FN_LEN,R0
5427   0240 030E                	MVO R0,var_&FN_TXLEN
                                	;[364]     GOSUB fn_transact
                                	SRCFILE "fujinet.bas",364
5429   0004 0150 018A           	CALL label_FN_TRANSACT
                                	;[365] END
                                	SRCFILE "fujinet.bas",365
542C   02B7                     	RETURN
                                	ENDP
                                	;[366] 
                                	SRCFILE "fujinet.bas",366
                                	;[367] appkey_close: PROCEDURE
                                	SRCFILE "fujinet.bas",367
                                	; APPKEY_CLOSE
0x542D                          label_APPKEY_CLOSE:	PROC
542D   0275                     	BEGIN
                                	;[368]     mb_dev = FUJI_DEVICEID
                                	SRCFILE "fujinet.bas",368
542E   02B8 0070                	MVII #112,R0
5430   0240 013D                	MVO R0,var_MB_DEV
                                	;[369]     mb_cmd = FUJICMD_CLOSE_APPKEY
                                	SRCFILE "fujinet.bas",369
5432   02B8 00DB                	MVII #219,R0
5434   0240 013C                	MVO R0,var_MB_CMD
                                	;[370]     mb_nparam = 0
                                	SRCFILE "fujinet.bas",370
5436   01C0                     	CLRR R0
5437   0240 013F                	MVO R0,var_MB_NPARAM
                                	;[371]     #fn_txlen = 0
                                	SRCFILE "fujinet.bas",371
5439   0240 030E                	MVO R0,var_&FN_TXLEN
                                	;[372]     GOSUB fn_transact
                                	SRCFILE "fujinet.bas",372
543B   0004 0150 018A           	CALL label_FN_TRANSACT
                                	;[373] END
                                	SRCFILE "fujinet.bas",373
543E   02B7                     	RETURN
                                	ENDP
                                	;ENDFILE
                                	;FILE texas.bas
                                	;[37]     INCLUDE "gfx.bas"
                                	SRCFILE "texas.bas",37
                                	;FILE gfx.bas
                                	;[1] ' gfx.bas -- card GRAM bitmaps and draw routines.
                                	SRCFILE "gfx.bas",1
                                	;[2] '
                                	SRCFILE "gfx.bas",2
                                	;[3] ' Card faces and the print_card/foreground_color rendering logic are ported
                                	SRCFILE "gfx.bas",3
                                	;[4] ' verbatim from carlsson's intv/5card-test-display.bas mock. cardtop holds
                                	SRCFILE "gfx.bas",4
                                	;[5] ' 14 GRAM images (index 0 = card back/blank, 1-13 = ranks 2..A), cardbot
                                	SRCFILE "gfx.bas",5
                                	;[6] ' holds 7 (index 0 = blank, 1-4 = suit bottoms for DIAMONDS/HEARTS/CLUBS/
                                	SRCFILE "gfx.bas",6
                                	;[7] ' SPADES, plus 2 more finishing the set) -- see print_card for the exact
                                	SRCFILE "gfx.bas",7
                                	;[8] ' index math. DEFINE loads these into GRAM slots 0-13 (screen codes 256-269)
                                	SRCFILE "gfx.bas",8
                                	;[9] ' and 14-20 (screen codes 270-276) respectively.
                                	SRCFILE "gfx.bas",9
                                	;[10] 
                                	SRCFILE "gfx.bas",10
                                	;[11]     CONST DIAMONDS = 1
                                	SRCFILE "gfx.bas",11
                                	;[12]     CONST HEARTS = 2
                                	SRCFILE "gfx.bas",12
                                	;[13]     CONST CLUBS = 3
                                	SRCFILE "gfx.bas",13
                                	;[14]     CONST SPADES = 4
                                	SRCFILE "gfx.bas",14
                                	;[15] 
                                	SRCFILE "gfx.bas",15
                                	;[16] ' ---------------------------------------------------------------------------
                                	SRCFILE "gfx.bas",16
                                	;[17] ' gfx_init: load both GRAM sets. Must run once at startup, each DEFINE
                                	SRCFILE "gfx.bas",17
                                	;[18] ' followed by a WAIT (GRAM loads take effect on the next video frame; a
                                	SRCFILE "gfx.bas",18
                                	;[19] ' second DEFINE in the same frame would silently overwrite the first).
                                	SRCFILE "gfx.bas",19
                                	;[20] ' ---------------------------------------------------------------------------
                                	SRCFILE "gfx.bas",20
                                	;[21] gfx_init: PROCEDURE
                                	SRCFILE "gfx.bas",21
                                	; GFX_INIT
0x543F                          label_GFX_INIT:	PROC
543F   0275                     	BEGIN
                                	;[22]     DEFINE 0, 14, cardtop : WAIT
                                	SRCFILE "gfx.bas",22
5440   01C0                     	CLRR R0
5441   0240 0105                	MVO R0,_gram_target
5443   02B8 000E                	MVII #14,R0
5445   0240 0106                	MVO R0,_gram_total
5447   02B8 54B5                	MVII #label_CARDTOP,R0
5449   0240 033C                	MVO R0,_gram_bitmap
544B   0004 016C 001E           	CALL _wait
                                	;[23]     DEFINE 14, 7, cardbot : WAIT
                                	SRCFILE "gfx.bas",23
544E   02B8 000E                	MVII #14,R0
5450   0240 0105                	MVO R0,_gram_target
5452   02B8 0007                	MVII #7,R0
5454   0240 0106                	MVO R0,_gram_total
5456   02B8 54ED                	MVII #label_CARDBOT,R0
5458   0240 033C                	MVO R0,_gram_bitmap
545A   0004 016C 001E           	CALL _wait
                                	;[24] END
                                	SRCFILE "gfx.bas",24
545D   02B7                     	RETURN
                                	ENDP
                                	;[25] 
                                	SRCFILE "gfx.bas",25
                                	;[26] ' ---------------------------------------------------------------------------
                                	SRCFILE "gfx.bas",26
                                	;[27] ' print_card: draw one card at screen cell p (top half) / p+20 (bottom
                                	SRCFILE "gfx.bas",27
                                	;[28] ' half). Inputs: p (top-left cell), card (1-13, 0 = hidden/back), suit
                                	SRCFILE "gfx.bas",28
                                	;[29] ' (1-4, DIAMONDS/HEARTS/CLUBS/SPADES).
                                	SRCFILE "gfx.bas",29
                                	;[30] ' ---------------------------------------------------------------------------
                                	SRCFILE "gfx.bas",30
                                	;[31] print_card: PROCEDURE
                                	SRCFILE "gfx.bas",31
                                	; PRINT_CARD
0x545E                          label_PRINT_CARD:	PROC
545E   0275                     	BEGIN
                                	;[32]     #col = BG_WHITE
                                	SRCFILE "gfx.bas",32
545F   02B8 2600                	MVII #9728,R0
5461   0240 0309                	MVO R0,var_&COL
                                	;[33]     GOSUB foreground_color
                                	SRCFILE "gfx.bas",33
5463   0004 0154 007F           	CALL label_FOREGROUND_COLOR
                                	;[34]     #BACKTAB(p) = #col + (card + 256) * 8
                                	SRCFILE "gfx.bas",34
5466   0280 0119                	MVI var_CARD,R0
5468   02F8 0100                	ADDI #256,R0
546A   004C                     	SLL R0,2
546B   00C0                     	ADDR R0,R0
546C   02C0 0309                	ADD var_&COL,R0
546E   02BB 0200                	MVII #Q2,R3
5470   02C3 014E                	ADD var_P,R3
5472   0258                     	MVO@ R0,R3
                                	;[35]     #BACKTAB(p + 20) = #col + (suit + 270) * 8
                                	SRCFILE "gfx.bas",35
5473   0280 0164                	MVI var_SUIT,R0
5475   02F8 010E                	ADDI #270,R0
5477   004C                     	SLL R0,2
5478   00C0                     	ADDR R0,R0
5479   02C0 0309                	ADD var_&COL,R0
547B   02FB 0014                	ADDI #20,R3
547D   0258                     	MVO@ R0,R3
                                	;[36] END
                                	SRCFILE "gfx.bas",36
547E   02B7                     	RETURN
                                	ENDP
                                	;[37] 
                                	SRCFILE "gfx.bas",37
                                	;[38] ' ---------------------------------------------------------------------------
                                	SRCFILE "gfx.bas",38
                                	;[39] ' foreground_color: pick #col's foreground bits for the card being drawn
                                	SRCFILE "gfx.bas",39
                                	;[40] ' (red for D/H, black for C/S, blue for a hidden card), and adjusts `card`
                                	SRCFILE "gfx.bas",40
                                	;[41] ' from its wire value (2-14) down to the 1-13 GRAM index.
                                	SRCFILE "gfx.bas",41
                                	;[42] ' ---------------------------------------------------------------------------
                                	SRCFILE "gfx.bas",42
                                	;[43] foreground_color: PROCEDURE
                                	SRCFILE "gfx.bas",43
                                	; FOREGROUND_COLOR
0x547F                          label_FOREGROUND_COLOR:	PROC
547F   0275                     	BEGIN
                                	;[44]     IF card > 0 THEN
                                	SRCFILE "gfx.bas",44
5480   0280 0119                	MVI var_CARD,R0
5482   0378 0000                	CMPI #0,R0
5484   0206 0029                	BLE T49
                                	;[45]         card = card - 1 ' compensate for suit runs 23456789TJQKA
                                	SRCFILE "gfx.bas",45
5486   0010                     	DECR R0
5487   0240 0119                	MVO R0,var_CARD
                                	;[46]         IF suit = DIAMONDS OR suit = HEARTS THEN
                                	SRCFILE "gfx.bas",46
5489   0280 0164                	MVI var_SUIT,R0
548B   0378 0001                	CMPI #1,R0
548D   02B8 FFFF                	MVII #65535,R0
548F   0204 0001                	BEQ T51
5491   0008                     	INCR R0
0x5492                          T51:
5492   0281 0164                	MVI var_SUIT,R1
5494   0379 0002                	CMPI #2,R1
5496   02B9 FFFF                	MVII #65535,R1
5498   0204 0001                	BEQ T52
549A   0009                     	INCR R1
0x549B                          T52:
549B   0019                     	COMR R1
549C   0188                     	ANDR R1,R0
549D   0019                     	COMR R1
549E   01C8                     	XORR R1,R0
549F   0204 0008                	BEQ T50
                                	;[47]             #col = #col + FG_RED
                                	SRCFILE "gfx.bas",47
54A1   0280 0309                	MVI var_&COL,R0
54A3   02F8 0002                	ADDI #2,R0
54A5   0240 0309                	MVO R0,var_&COL
                                	;[48]         ELSE
                                	SRCFILE "gfx.bas",48
54A7   0200 0004                	B T53
0x54A9                          T50:
                                	;[49]             #col = #col + FG_BLACK
                                	SRCFILE "gfx.bas",49
54A9   0280 0309                	MVI var_&COL,R0
54AB   0240 0309                	MVO R0,var_&COL
                                	;[50]         END IF
                                	SRCFILE "gfx.bas",50
0x54AD                          T53:
                                	;[51]     ELSE
                                	SRCFILE "gfx.bas",51
54AD   0200 0005                	B T54
0x54AF                          T49:
                                	;[52]         #col = #col + FG_BLUE
                                	SRCFILE "gfx.bas",52
54AF   0280 0309                	MVI var_&COL,R0
54B1   0008                     	INCR R0
54B2   0240 0309                	MVO R0,var_&COL
                                	;[53]     END IF
                                	SRCFILE "gfx.bas",53
0x54B4                          T54:
                                	;[54] END
                                	SRCFILE "gfx.bas",54
54B4   02B7                     	RETURN
                                	ENDP
                                	;[55] 
                                	SRCFILE "gfx.bas",55
                                	;[56] cardtop:
                                	SRCFILE "gfx.bas",56
                                	; CARDTOP
0x54B5                          label_CARDTOP:	;[57] 	BITMAP "oooooooo"
                                	SRCFILE "gfx.bas",57
                                	;[58]     BITMAP "oo..o..o"
                                	SRCFILE "gfx.bas",58
54B5   C9FF                     	DECLE 51711
                                	;[59] 	BITMAP "o.o..o.."
                                	SRCFILE "gfx.bas",59
                                	;[60] 	BITMAP "o..o..o."
                                	SRCFILE "gfx.bas",60
54B6   92A4                     	DECLE 37540
                                	;[61] 	BITMAP "oo..o..o"
                                	SRCFILE "gfx.bas",61
                                	;[62] 	BITMAP "o.o..o.."
                                	SRCFILE "gfx.bas",62
54B7   A4C9                     	DECLE 42185
                                	;[63] 	BITMAP "o..o..o."
                                	SRCFILE "gfx.bas",63
                                	;[64] 	BITMAP "oo..o..o"
                                	SRCFILE "gfx.bas",64
54B8   C992                     	DECLE 51602
                                	;[65] 
                                	SRCFILE "gfx.bas",65
                                	;[66] 	BITMAP "oooooooo"
                                	SRCFILE "gfx.bas",66
                                	;[67]     BITMAP "o......."
                                	SRCFILE "gfx.bas",67
54B9   80FF                     	DECLE 33023
                                	;[68] 	BITMAP "o.oooo.."
                                	SRCFILE "gfx.bas",68
                                	;[69] 	BITMAP "o.....o."
                                	SRCFILE "gfx.bas",69
54BA   82BC                     	DECLE 33468
                                	;[70] 	BITMAP "o..ooo.."
                                	SRCFILE "gfx.bas",70
                                	;[71] 	BITMAP "o.o....."
                                	SRCFILE "gfx.bas",71
54BB   A09C                     	DECLE 41116
                                	;[72] 	BITMAP "o.ooooo."
                                	SRCFILE "gfx.bas",72
                                	;[73] 	BITMAP "o......."
                                	SRCFILE "gfx.bas",73
54BC   80BE                     	DECLE 32958
                                	;[74] 	
                                	SRCFILE "gfx.bas",74
                                	;[75] 	BITMAP "oooooooo"
                                	SRCFILE "gfx.bas",75
                                	;[76]     BITMAP "o......."
                                	SRCFILE "gfx.bas",76
54BD   80FF                     	DECLE 33023
                                	;[77] 	BITMAP "o.oooo.."
                                	SRCFILE "gfx.bas",77
                                	;[78] 	BITMAP "o.....o."
                                	SRCFILE "gfx.bas",78
54BE   82BC                     	DECLE 33468
                                	;[79] 	BITMAP "o..ooo.."
                                	SRCFILE "gfx.bas",79
                                	;[80] 	BITMAP "o.....o."
                                	SRCFILE "gfx.bas",80
54BF   829C                     	DECLE 33436
                                	;[81] 	BITMAP "o.oooo.."
                                	SRCFILE "gfx.bas",81
                                	;[82] 	BITMAP "o......."
                                	SRCFILE "gfx.bas",82
54C0   80BC                     	DECLE 32956
                                	;[83] 
                                	SRCFILE "gfx.bas",83
                                	;[84] 	BITMAP "oooooooo"
                                	SRCFILE "gfx.bas",84
                                	;[85]     BITMAP "o......."
                                	SRCFILE "gfx.bas",85
54C1   80FF                     	DECLE 33023
                                	;[86] 	BITMAP "o.o...o."
                                	SRCFILE "gfx.bas",86
                                	;[87] 	BITMAP "o.o...o."
                                	SRCFILE "gfx.bas",87
54C2   A2A2                     	DECLE 41634
                                	;[88] 	BITMAP "o.ooooo."
                                	SRCFILE "gfx.bas",88
                                	;[89] 	BITMAP "o.....o."
                                	SRCFILE "gfx.bas",89
54C3   82BE                     	DECLE 33470
                                	;[90] 	BITMAP "o.....o."
                                	SRCFILE "gfx.bas",90
                                	;[91] 	BITMAP "o......."
                                	SRCFILE "gfx.bas",91
54C4   8082                     	DECLE 32898
                                	;[92] 
                                	SRCFILE "gfx.bas",92
                                	;[93] 	BITMAP "oooooooo"
                                	SRCFILE "gfx.bas",93
                                	;[94]     BITMAP "o......."
                                	SRCFILE "gfx.bas",94
54C5   80FF                     	DECLE 33023
                                	;[95] 	BITMAP "o.ooooo."
                                	SRCFILE "gfx.bas",95
                                	;[96] 	BITMAP "o.o....."
                                	SRCFILE "gfx.bas",96
54C6   A0BE                     	DECLE 41150
                                	;[97] 	BITMAP "o.oooo.."
                                	SRCFILE "gfx.bas",97
                                	;[98] 	BITMAP "o.....o."
                                	SRCFILE "gfx.bas",98
54C7   82BC                     	DECLE 33468
                                	;[99] 	BITMAP "o.oooo.."
                                	SRCFILE "gfx.bas",99
                                	;[100] 	BITMAP "o......."
                                	SRCFILE "gfx.bas",100
54C8   80BC                     	DECLE 32956
                                	;[101] 
                                	SRCFILE "gfx.bas",101
                                	;[102] 	BITMAP "oooooooo"
                                	SRCFILE "gfx.bas",102
                                	;[103]     BITMAP "o......."
                                	SRCFILE "gfx.bas",103
54C9   80FF                     	DECLE 33023
                                	;[104] 	BITMAP "o...oo.."
                                	SRCFILE "gfx.bas",104
                                	;[105] 	BITMAP "o..o...."
                                	SRCFILE "gfx.bas",105
54CA   908C                     	DECLE 37004
                                	;[106] 	BITMAP "o.oooo.."
                                	SRCFILE "gfx.bas",106
                                	;[107] 	BITMAP "o.o...o."
                                	SRCFILE "gfx.bas",107
54CB   A2BC                     	DECLE 41660
                                	;[108] 	BITMAP "o..ooo.."
                                	SRCFILE "gfx.bas",108
                                	;[109] 	BITMAP "o......."
                                	SRCFILE "gfx.bas",109
54CC   809C                     	DECLE 32924
                                	;[110] 
                                	SRCFILE "gfx.bas",110
                                	;[111] 	BITMAP "oooooooo"
                                	SRCFILE "gfx.bas",111
                                	;[112]     BITMAP "o......."
                                	SRCFILE "gfx.bas",112
54CD   80FF                     	DECLE 33023
                                	;[113] 	BITMAP "o.ooooo."
                                	SRCFILE "gfx.bas",113
                                	;[114] 	BITMAP "o.....o."
                                	SRCFILE "gfx.bas",114
54CE   82BE                     	DECLE 33470
                                	;[115] 	BITMAP "o....o.."
                                	SRCFILE "gfx.bas",115
                                	;[116] 	BITMAP "o...o..."
                                	SRCFILE "gfx.bas",116
54CF   8884                     	DECLE 34948
                                	;[117] 	BITMAP "o...o..."
                                	SRCFILE "gfx.bas",117
                                	;[118] 	BITMAP "o......."
                                	SRCFILE "gfx.bas",118
54D0   8088                     	DECLE 32904
                                	;[119] 
                                	SRCFILE "gfx.bas",119
                                	;[120] 	BITMAP "oooooooo"
                                	SRCFILE "gfx.bas",120
                                	;[121]     BITMAP "o......."
                                	SRCFILE "gfx.bas",121
54D1   80FF                     	DECLE 33023
                                	;[122] 	BITMAP "o..ooo.."
                                	SRCFILE "gfx.bas",122
                                	;[123] 	BITMAP "o.o...o."
                                	SRCFILE "gfx.bas",123
54D2   A29C                     	DECLE 41628
                                	;[124] 	BITMAP "o..ooo.."
                                	SRCFILE "gfx.bas",124
                                	;[125] 	BITMAP "o.o...o."
                                	SRCFILE "gfx.bas",125
54D3   A29C                     	DECLE 41628
                                	;[126] 	BITMAP "o..ooo.."
                                	SRCFILE "gfx.bas",126
                                	;[127] 	BITMAP "o......."
                                	SRCFILE "gfx.bas",127
54D4   809C                     	DECLE 32924
                                	;[128] 
                                	SRCFILE "gfx.bas",128
                                	;[129] 	BITMAP "oooooooo"
                                	SRCFILE "gfx.bas",129
                                	;[130]     BITMAP "o......."
                                	SRCFILE "gfx.bas",130
54D5   80FF                     	DECLE 33023
                                	;[131] 	BITMAP "o..ooo.."
                                	SRCFILE "gfx.bas",131
                                	;[132] 	BITMAP "o.o...o."
                                	SRCFILE "gfx.bas",132
54D6   A29C                     	DECLE 41628
                                	;[133] 	BITMAP "o..oooo."
                                	SRCFILE "gfx.bas",133
                                	;[134] 	BITMAP "o.....o."
                                	SRCFILE "gfx.bas",134
54D7   829E                     	DECLE 33438
                                	;[135] 	BITMAP "o..ooo.."
                                	SRCFILE "gfx.bas",135
                                	;[136] 	BITMAP "o......."
                                	SRCFILE "gfx.bas",136
54D8   809C                     	DECLE 32924
                                	;[137] 
                                	SRCFILE "gfx.bas",137
                                	;[138] 	BITMAP "oooooooo"
                                	SRCFILE "gfx.bas",138
                                	;[139]     BITMAP "o......."
                                	SRCFILE "gfx.bas",139
54D9   80FF                     	DECLE 33023
                                	;[140] 	BITMAP "o.o..o.."
                                	SRCFILE "gfx.bas",140
                                	;[141] 	BITMAP "o.o.o.o."
                                	SRCFILE "gfx.bas",141
54DA   AAA4                     	DECLE 43684
                                	;[142] 	BITMAP "o.o.o.o."
                                	SRCFILE "gfx.bas",142
                                	;[143] 	BITMAP "o.o.o.o."
                                	SRCFILE "gfx.bas",143
54DB   AAAA                     	DECLE 43690
                                	;[144] 	BITMAP "o.o..o.."
                                	SRCFILE "gfx.bas",144
                                	;[145] 	BITMAP "o......."
                                	SRCFILE "gfx.bas",145
54DC   80A4                     	DECLE 32932
                                	;[146] 
                                	SRCFILE "gfx.bas",146
                                	;[147] 	BITMAP "oooooooo"
                                	SRCFILE "gfx.bas",147
                                	;[148]     BITMAP "o......."
                                	SRCFILE "gfx.bas",148
54DD   80FF                     	DECLE 33023
                                	;[149] 	BITMAP "o.....o."
                                	SRCFILE "gfx.bas",149
                                	;[150] 	BITMAP "o.....o."
                                	SRCFILE "gfx.bas",150
54DE   8282                     	DECLE 33410
                                	;[151] 	BITMAP "o.....o."
                                	SRCFILE "gfx.bas",151
                                	;[152] 	BITMAP "o.o...o."
                                	SRCFILE "gfx.bas",152
54DF   A282                     	DECLE 41602
                                	;[153] 	BITMAP "o..ooo.."
                                	SRCFILE "gfx.bas",153
                                	;[154] 	BITMAP "o......."
                                	SRCFILE "gfx.bas",154
54E0   809C                     	DECLE 32924
                                	;[155] 
                                	SRCFILE "gfx.bas",155
                                	;[156] 	BITMAP "oooooooo"
                                	SRCFILE "gfx.bas",156
                                	;[157]     BITMAP "o......."
                                	SRCFILE "gfx.bas",157
54E1   80FF                     	DECLE 33023
                                	;[158] 	BITMAP "o..ooo.."
                                	SRCFILE "gfx.bas",158
                                	;[159] 	BITMAP "o.o...o."
                                	SRCFILE "gfx.bas",159
54E2   A29C                     	DECLE 41628
                                	;[160] 	BITMAP "o.o.o.o."
                                	SRCFILE "gfx.bas",160
                                	;[161] 	BITMAP "o.o..o.."
                                	SRCFILE "gfx.bas",161
54E3   A4AA                     	DECLE 42154
                                	;[162] 	BITMAP "o..oo.o."
                                	SRCFILE "gfx.bas",162
                                	;[163]     BITMAP "o......."
                                	SRCFILE "gfx.bas",163
54E4   809A                     	DECLE 32922
                                	;[164] 
                                	SRCFILE "gfx.bas",164
                                	;[165] 	BITMAP "oooooooo"
                                	SRCFILE "gfx.bas",165
                                	;[166]     BITMAP "o......."
                                	SRCFILE "gfx.bas",166
54E5   80FF                     	DECLE 33023
                                	;[167] 	BITMAP "o.o...o."
                                	SRCFILE "gfx.bas",167
                                	;[168] 	BITMAP "o.o..o.."
                                	SRCFILE "gfx.bas",168
54E6   A4A2                     	DECLE 42146
                                	;[169] 	BITMAP "o.ooo..."
                                	SRCFILE "gfx.bas",169
                                	;[170] 	BITMAP "o.o..o.."
                                	SRCFILE "gfx.bas",170
54E7   A4B8                     	DECLE 42168
                                	;[171] 	BITMAP "o.o...o."
                                	SRCFILE "gfx.bas",171
                                	;[172]     BITMAP "o......."	
                                	SRCFILE "gfx.bas",172
54E8   80A2                     	DECLE 32930
                                	;[173] 
                                	SRCFILE "gfx.bas",173
                                	;[174] 	BITMAP "oooooooo"
                                	SRCFILE "gfx.bas",174
                                	;[175] 	BITMAP "o......."
                                	SRCFILE "gfx.bas",175
54E9   80FF                     	DECLE 33023
                                	;[176] 	BITMAP "o..ooo.."
                                	SRCFILE "gfx.bas",176
                                	;[177] 	BITMAP "o.o...o."
                                	SRCFILE "gfx.bas",177
54EA   A29C                     	DECLE 41628
                                	;[178] 	BITMAP "o.ooooo."
                                	SRCFILE "gfx.bas",178
                                	;[179] 	BITMAP "o.o...o."
                                	SRCFILE "gfx.bas",179
54EB   A2BE                     	DECLE 41662
                                	;[180] 	BITMAP "o.o...o."
                                	SRCFILE "gfx.bas",180
                                	;[181] 	BITMAP "o......."	
                                	SRCFILE "gfx.bas",181
54EC   80A2                     	DECLE 32930
                                	;[182] 
                                	SRCFILE "gfx.bas",182
                                	;[183] cardbot:
                                	SRCFILE "gfx.bas",183
                                	; CARDBOT
0x54ED                          label_CARDBOT:	;[184] 	BITMAP "o.o..o.."
                                	SRCFILE "gfx.bas",184
                                	;[185]     BITMAP "o..o..o."
                                	SRCFILE "gfx.bas",185
54ED   92A4                     	DECLE 37540
                                	;[186] 	BITMAP "oo..o..o"
                                	SRCFILE "gfx.bas",186
                                	;[187] 	BITMAP "o.o..o.."
                                	SRCFILE "gfx.bas",187
54EE   A4C9                     	DECLE 42185
                                	;[188] 	BITMAP "o..o..o."
                                	SRCFILE "gfx.bas",188
                                	;[189] 	BITMAP "oo..o..o"
                                	SRCFILE "gfx.bas",189
54EF   C992                     	DECLE 51602
                                	;[190] 	BITMAP "o.o..o.."
                                	SRCFILE "gfx.bas",190
                                	;[191] 	BITMAP "oooooooo"
                                	SRCFILE "gfx.bas",191
54F0   FFA4                     	DECLE 65444
                                	;[192] 
                                	SRCFILE "gfx.bas",192
                                	;[193] 	BITMAP "o......."
                                	SRCFILE "gfx.bas",193
                                	;[194]     BITMAP "o...o..."
                                	SRCFILE "gfx.bas",194
54F1   8880                     	DECLE 34944
                                	;[195] 	BITMAP "o..ooo.."
                                	SRCFILE "gfx.bas",195
                                	;[196] 	BITMAP "o.ooooo."
                                	SRCFILE "gfx.bas",196
54F2   BE9C                     	DECLE 48796
                                	;[197] 	BITMAP "o..ooo.."
                                	SRCFILE "gfx.bas",197
                                	;[198] 	BITMAP "o...o..."
                                	SRCFILE "gfx.bas",198
54F3   889C                     	DECLE 34972
                                	;[199] 	BITMAP "o......."
                                	SRCFILE "gfx.bas",199
                                	;[200] 	BITMAP "oooooooo"
                                	SRCFILE "gfx.bas",200
54F4   FF80                     	DECLE 65408
                                	;[201] 
                                	SRCFILE "gfx.bas",201
                                	;[202] 	BITMAP "o......."
                                	SRCFILE "gfx.bas",202
                                	;[203]     BITMAP "o..o.o.."
                                	SRCFILE "gfx.bas",203
54F5   9480                     	DECLE 38016
                                	;[204] 	BITMAP "o.ooooo."
                                	SRCFILE "gfx.bas",204
                                	;[205] 	BITMAP "o.ooooo."
                                	SRCFILE "gfx.bas",205
54F6   BEBE                     	DECLE 48830
                                	;[206] 	BITMAP "o..ooo.."
                                	SRCFILE "gfx.bas",206
                                	;[207] 	BITMAP "o...o..."
                                	SRCFILE "gfx.bas",207
54F7   889C                     	DECLE 34972
                                	;[208] 	BITMAP "o......."
                                	SRCFILE "gfx.bas",208
                                	;[209] 	BITMAP "oooooooo"
                                	SRCFILE "gfx.bas",209
54F8   FF80                     	DECLE 65408
                                	;[210] 
                                	SRCFILE "gfx.bas",210
                                	;[211] 	BITMAP "o......."
                                	SRCFILE "gfx.bas",211
                                	;[212]     BITMAP "o..ooo.."
                                	SRCFILE "gfx.bas",212
54F9   9C80                     	DECLE 40064
                                	;[213] 	BITMAP "o.o.o.o."
                                	SRCFILE "gfx.bas",213
                                	;[214] 	BITMAP "o.ooooo."
                                	SRCFILE "gfx.bas",214
54FA   BEAA                     	DECLE 48810
                                	;[215] 	BITMAP "o.o.o.o."
                                	SRCFILE "gfx.bas",215
                                	;[216] 	BITMAP "o...o..."
                                	SRCFILE "gfx.bas",216
54FB   88AA                     	DECLE 34986
                                	;[217] 	BITMAP "o......."
                                	SRCFILE "gfx.bas",217
                                	;[218] 	BITMAP "oooooooo"
                                	SRCFILE "gfx.bas",218
54FC   FF80                     	DECLE 65408
                                	;[219] 
                                	SRCFILE "gfx.bas",219
                                	;[220] 	BITMAP "o......."
                                	SRCFILE "gfx.bas",220
                                	;[221]     BITMAP "o..ooo.."
                                	SRCFILE "gfx.bas",221
54FD   9C80                     	DECLE 40064
                                	;[222] 	BITMAP "o.ooooo."
                                	SRCFILE "gfx.bas",222
                                	;[223] 	BITMAP "o.ooooo."
                                	SRCFILE "gfx.bas",223
54FE   BEBE                     	DECLE 48830
                                	;[224] 	BITMAP "o...o..."
                                	SRCFILE "gfx.bas",224
                                	;[225] 	BITMAP "o...o..."
                                	SRCFILE "gfx.bas",225
54FF   8888                     	DECLE 34952
                                	;[226] 	BITMAP "o......."
                                	SRCFILE "gfx.bas",226
                                	;[227] 	BITMAP "oooooooo"
                                	SRCFILE "gfx.bas",227
5500   FF80                     	DECLE 65408
                                	;[228] 
                                	SRCFILE "gfx.bas",228
                                	;[229] 	BITMAP "o......."
                                	SRCFILE "gfx.bas",229
                                	;[230] 	BITMAP "o......."
                                	SRCFILE "gfx.bas",230
5501   8080                     	DECLE 32896
                                	;[231] 	BITMAP "o......."
                                	SRCFILE "gfx.bas",231
                                	;[232] 	BITMAP "o......."
                                	SRCFILE "gfx.bas",232
5502   8080                     	DECLE 32896
                                	;[233] 	BITMAP "o......."
                                	SRCFILE "gfx.bas",233
                                	;[234] 	BITMAP "o......."
                                	SRCFILE "gfx.bas",234
5503   8080                     	DECLE 32896
                                	;[235] 	BITMAP "o......."
                                	SRCFILE "gfx.bas",235
                                	;[236] 	BITMAP "o......."
                                	SRCFILE "gfx.bas",236
5504   8080                     	DECLE 32896
                                	;[237] 
                                	SRCFILE "gfx.bas",237
                                	;[238] 	BITMAP ".ooooo.."
                                	SRCFILE "gfx.bas",238
                                	;[239] 	BITMAP "ooo.ooo."
                                	SRCFILE "gfx.bas",239
5505   EE7C                     	DECLE 61052
                                	;[240] 	BITMAP "ooo.ooo."
                                	SRCFILE "gfx.bas",240
                                	;[241] 	BITMAP "ooo...o."
                                	SRCFILE "gfx.bas",241
5506   E2EE                     	DECLE 58094
                                	;[242] 	BITMAP "ooooooo."
                                	SRCFILE "gfx.bas",242
                                	;[243] 	BITMAP "ooooooo."
                                	SRCFILE "gfx.bas",243
5507   FEFE                     	DECLE 65278
                                	;[244] 	BITMAP ".ooooo.."
                                	SRCFILE "gfx.bas",244
                                	;[245] 	BITMAP "........"
                                	SRCFILE "gfx.bas",245
5508   007C                     	DECLE 124
                                	;[246] 
                                	SRCFILE "gfx.bas",246
                                	;ENDFILE
                                	;FILE texas.bas
                                	;[38]     INCLUDE "state.bas"
                                	SRCFILE "texas.bas",38
                                	;FILE state.bas
                                	;[1] ' state.bas -- binary Game/Tables wire format, read in place out of FN_RX.
                                	SRCFILE "state.bas",1
                                	;[2] '
                                	SRCFILE "state.bas",2
                                	;[3] ' Per the plan: never copy the reply into IntyBASIC variables. These are
                                	SRCFILE "state.bas",3
                                	;[4] ' just fixed offsets (matching server/util.go's appendFixedLengthString
                                	SRCFILE "state.bas",4
                                	;[5] ' binary layout, requested with ?bin=1 -- uint16 fields are little-endian,
                                	SRCFILE "state.bas",5
                                	;[6] ' the server's default; &be=1 was dropped after pot/bet started showing
                                	SRCFILE "state.bas",6
                                	;[7] ' up as an exact multiple of 256, the signature of a byte-order mismatch
                                	SRCFILE "state.bas",7
                                	;[8] ' on the server's binary.BigEndian path, which is exercised by only one
                                	SRCFILE "state.bas",8
                                	;[9] ' other client in the whole family (CoCo/6809) versus everything else
                                	SRCFILE "state.bas",9
                                	;[10] ' being little-endian x86/6502/Z80)
                                	SRCFILE "state.bas",10
                                	;[11] ' plus small DEF FN accessors that PEEK straight out of FN_RX.
                                	SRCFILE "state.bas",11
                                	;[12] '
                                	SRCFILE "state.bas",12
                                	;[13] ' Texas Hold'em delta from 5 Card Stud: community[11] is inserted right
                                	SRCFILE "state.bas",13
                                	;[14] ' after viewing (offset 87), shifting everything from validMoveCount on
                                	SRCFILE "state.bas",14
                                	;[15] ' by +11. Offsets locked by the _Static_asserts in
                                	SRCFILE "state.bas",15
                                	;[16] ' support/host-test/holdem_host_test.c against src/misc.h.
                                	SRCFILE "state.bas",16
                                	;[17] '
                                	SRCFILE "state.bas",17
                                	;[18] ' /state, /move/XX, /leave -> Game struct, up to 429 bytes:
                                	SRCFILE "state.bas",18
                                	;[19] '   0   lastResult[81]
                                	SRCFILE "state.bas",19
                                	;[20] '  81   round (1)              0=waiting 1=PRE-FLOP 2=FLOP 3=TURN 4=RIVER 5=SHOWDOWN
                                	SRCFILE "state.bas",20
                                	;[21] '  82   pot (u16 LE)
                                	SRCFILE "state.bas",21
                                	;[22] '  84   activePlayer (signed, $FF = -1)
                                	SRCFILE "state.bas",22
                                	;[23] '  85   moveTime (1, seconds)
                                	SRCFILE "state.bas",23
                                	;[24] '  86   viewing (1, 0/1)
                                	SRCFILE "state.bas",24
                                	;[25] '  87   community (11)         up to 5 cards x 2 chars + NUL; "" pre-flop,
                                	SRCFILE "state.bas",25
                                	;[26] '                              6/8/10 chars at flop/turn/river-showdown
                                	SRCFILE "state.bas",26
                                	;[27] '  98   validMoveCount (1)
                                	SRCFILE "state.bas",27
                                	;[28] '  99   validMoves[5] -- always 5 slots, 13 bytes each: move[3] + name[10]
                                	SRCFILE "state.bas",28
                                	;[29] ' 164   playerCount (1)
                                	SRCFILE "state.bas",29
                                	;[30] ' 165   players[N] -- N = playerCount, 33 bytes each:
                                	SRCFILE "state.bas",30
                                	;[31] '         name[9] status(1) bet(u16 LE) move[8] purse(u16 LE) hand[11]
                                	SRCFILE "state.bas",31
                                	;[32] '         hand holds the 2 hole cards: "????" masked, "??" folded, 4 real
                                	SRCFILE "state.bas",32
                                	;[33] '         chars at showdown (the field keeps 5 Card Stud's 11-byte width)
                                	SRCFILE "state.bas",33
                                	;[34] '
                                	SRCFILE "state.bas",34
                                	;[35] ' /tables -> Tables struct:
                                	SRCFILE "state.bas",35
                                	;[36] '   0   count (1)
                                	SRCFILE "state.bas",36
                                	;[37] '   then N x 36 bytes: table[9] name[21] players[6] (literal "cur / max")
                                	SRCFILE "state.bas",37
                                	;[38] 
                                	SRCFILE "state.bas",38
                                	;[39]     CONST GAME_LASTRESULT     = 0
                                	SRCFILE "state.bas",39
                                	;[40]     CONST GAME_ROUND          = 81
                                	SRCFILE "state.bas",40
                                	;[41]     CONST GAME_POT            = 82
                                	SRCFILE "state.bas",41
                                	;[42]     CONST GAME_ACTIVEPLAYER   = 84
                                	SRCFILE "state.bas",42
                                	;[43]     CONST GAME_MOVETIME       = 85
                                	SRCFILE "state.bas",43
                                	;[44]     CONST GAME_VIEWING        = 86
                                	SRCFILE "state.bas",44
                                	;[45]     CONST GAME_COMMUNITY      = 87
                                	SRCFILE "state.bas",45
                                	;[46]     CONST GAME_VALIDMOVECOUNT = 98
                                	SRCFILE "state.bas",46
                                	;[47]     CONST GAME_VALIDMOVES     = 99
                                	SRCFILE "state.bas",47
                                	;[48]     CONST GAME_PLAYERCOUNT    = 164
                                	SRCFILE "state.bas",48
                                	;[49]     CONST GAME_PLAYERS        = 165
                                	SRCFILE "state.bas",49
                                	;[50] 
                                	SRCFILE "state.bas",50
                                	;[51]     CONST MOVE_STRIDE  = 13
                                	SRCFILE "state.bas",51
                                	;[52]     CONST MOVE_CODE    = 0   ' 3 bytes
                                	SRCFILE "state.bas",52
                                	;[53]     CONST MOVE_NAME    = 3   ' 10 bytes
                                	SRCFILE "state.bas",53
                                	;[54] 
                                	SRCFILE "state.bas",54
                                	;[55]     CONST PLAYER_STRIDE = 33
                                	SRCFILE "state.bas",55
                                	;[56]     CONST PL_NAME   = 0      ' 9 bytes
                                	SRCFILE "state.bas",56
                                	;[57]     CONST PL_STATUS = 9      ' 1 byte: 0 waiting, 1 playing, 2 folded, 3 left, 4 all-in
                                	SRCFILE "state.bas",57
                                	;[58]     CONST PL_BET    = 10     ' u16 LE
                                	SRCFILE "state.bas",58
                                	;[59]     CONST PL_MOVE   = 12     ' 8 bytes
                                	SRCFILE "state.bas",59
                                	;[60]     CONST PL_PURSE  = 20     ' u16 LE
                                	SRCFILE "state.bas",60
                                	;[61]     CONST PL_HAND   = 22     ' 11 bytes (2 hole cards x 2 chars + NUL)
                                	SRCFILE "state.bas",61
                                	;[62] 
                                	SRCFILE "state.bas",62
                                	;[63]     CONST TABLE_STRIDE = 36
                                	SRCFILE "state.bas",63
                                	;[64]     CONST TBL_ID      = 0    ' 9 bytes
                                	SRCFILE "state.bas",64
                                	;[65]     CONST TBL_NAME    = 9    ' 21 bytes
                                	SRCFILE "state.bas",65
                                	;[66]     CONST TBL_PLAYERS = 30   ' 6 bytes, literal "cur / max"
                                	SRCFILE "state.bas",66
                                	;[67] 
                                	SRCFILE "state.bas",67
                                	;[68]     CONST GAME_MAXLEN   = 429
                                	SRCFILE "state.bas",68
                                	;[69]     CONST GAME_MINLEN   = 165  ' fixed prefix through playerCount, 0 players
                                	SRCFILE "state.bas",69
                                	;[70]     CONST TABLES_MAXLEN = 361
                                	SRCFILE "state.bas",70
                                	;[71] 
                                	SRCFILE "state.bas",71
                                	;[72] ' u16be: read a little-endian uint16 at RAM address `addr` (see header note
                                	SRCFILE "state.bas",72
                                	;[73] ' on why this is LE despite the name -- kept as u16be to avoid renaming
                                	SRCFILE "state.bas",73
                                	;[74] ' every call site for what's ultimately a one-line fix).
                                	SRCFILE "state.bas",74
                                	;[75]     DEF FN u16be(addr) = (PEEK(addr + 1) AND 255) * 256 + (PEEK(addr) AND 255)
                                	SRCFILE "state.bas",75
                                	;[76] 
                                	SRCFILE "state.bas",76
                                	;[77] ' player_addr(i): address of player i's 33-byte record in FN_RX.
                                	SRCFILE "state.bas",77
                                	;[78]     DEF FN player_addr(i) = FN_RX + GAME_PLAYERS + i * PLAYER_STRIDE
                                	SRCFILE "state.bas",78
                                	;[79] 
                                	SRCFILE "state.bas",79
                                	;[80] ' move_addr(i): address of valid-move slot i's 13-byte record in FN_RX.
                                	SRCFILE "state.bas",80
                                	;[81]     DEF FN move_addr(i) = FN_RX + GAME_VALIDMOVES + i * MOVE_STRIDE
                                	SRCFILE "state.bas",81
                                	;[82] 
                                	SRCFILE "state.bas",82
                                	;[83] ' table_addr(i): address of table i's 36-byte record in FN_RX (i is 0-based,
                                	SRCFILE "state.bas",83
                                	;[84] ' the record right after the leading count byte).
                                	SRCFILE "state.bas",84
                                	;[85]     DEF FN table_addr(i) = FN_RX + 1 + i * TABLE_STRIDE
                                	SRCFILE "state.bas",85
                                	;[86] 
                                	SRCFILE "state.bas",86
                                	;[87] ' active_player: activePlayer as a signed value (-1..7), converting the
                                	SRCFILE "state.bas",87
                                	;[88] ' wire's $FF sentinel. Called as plain `active_player` (no parens -- DEF FN
                                	SRCFILE "state.bas",88
                                	;[89] ' with no arguments is defined and invoked without them).
                                	SRCFILE "state.bas",89
                                	;[90]     DEF FN active_player = ((PEEK(FN_RX + GAME_ACTIVEPLAYER) AND 255) = 255) * -256 + (PEEK(FN_RX + GAME_ACTIVEPLAYER) AND 255)
                                	SRCFILE "state.bas",90
                                	;[91] 
                                	SRCFILE "state.bas",91
                                	;[92] ' draw_field is in texas.bas -- it renders a field straight from FN_RX (or
                                	SRCFILE "state.bas",92
                                	;[93] ' any RAM address) onto the screen in one pass (uppercase, NUL/pad-stop,
                                	SRCFILE "state.bas",93
                                	;[94] ' ASCII->card-code), so there's no need to stage a separate ASCII copy here.
                                	SRCFILE "state.bas",94
                                	;ENDFILE
                                	;FILE texas.bas
                                	;[39]     INCLUDE "sound.bas"
                                	SRCFILE "texas.bas",39
                                	;FILE sound.bas
                                	;[1] ' sound.bas -- sound effects, modeled on the C clients' platform-specific
                                	SRCFILE "sound.bas",1
                                	;[2] ' sound.c implementations (src/msx/sound.c and src/plus4/sound.c gave the
                                	SRCFILE "sound.bas",2
                                	;[3] ' clearest Hz-based reference; other platforms use raw PSG period/noise
                                	SRCFILE "sound.bas",3
                                	;[4] ' values that amount to the same tones). Every effect there is built from
                                	SRCFILE "sound.bas",4
                                	;[5] ' plain square-wave tones (SOUND channel 0-2, no envelope/noise), which is
                                	SRCFILE "sound.bas",5
                                	;[6] ' exactly IntyBASIC's SOUND statement, so this is a direct transcription
                                	SRCFILE "sound.bas",6
                                	;[7] ' rather than a reinterpretation.
                                	SRCFILE "sound.bas",7
                                	;[8] '
                                	SRCFILE "sound.bas",8
                                	;[9] ' All effects play on PSG channel 0 -- the game is turn-based and effects
                                	SRCFILE "sound.bas",9
                                	;[10] ' are triggered at distinct, non-overlapping UI events, so there's no need
                                	SRCFILE "sound.bas",10
                                	;[11] ' for polyphony (and SOUND's channel argument must be a compile-time
                                	SRCFILE "sound.bas",11
                                	;[12] ' constant anyway, which would rule out a single generic multi-channel
                                	SRCFILE "sound.bas",12
                                	;[13] ' helper).
                                	SRCFILE "sound.bas",13
                                	;[14] '
                                	SRCFILE "sound.bas",14
                                	;[15] ' SOUND's frequency argument is a 12-bit PSG divisor, computed as
                                	SRCFILE "sound.bas",15
                                	;[16] ' round(3579545/32/hz) for NTSC (the manual's documented formula;
                                	SRCFILE "sound.bas",16
                                	;[17] ' IntyBASIC exposes no runtime PAL/NTSC query outside the MUSIC/PLAY
                                	SRCFILE "sound.bas",17
                                	;[18] ' engine, and this project has only ever been built/tested NTSC). These
                                	SRCFILE "sound.bas",18
                                	;[19] ' are precomputed here rather than divided at runtime: 3579545/32 alone
                                	SRCFILE "sound.bas",19
                                	;[20] ' is ~111861, which doesn't fit IntyBASIC's 16-bit variables (max 65535),
                                	SRCFILE "sound.bas",20
                                	;[21] ' so it only works as a compile-time-folded literal division (a fixed Hz
                                	SRCFILE "sound.bas",21
                                	;[22] ' baked into the expression) -- not as CONST-divided-by-a-runtime-variable,
                                	SRCFILE "sound.bas",22
                                	;[23] ' which is what a single reusable "play Hz X" helper would need. Since
                                	SRCFILE "sound.bas",23
                                	;[24] ' every effect here uses fixed, known-in-advance frequencies anyway,
                                	SRCFILE "sound.bas",24
                                	;[25] ' precomputing sidesteps the overflow entirely and is cheaper besides.
                                	SRCFILE "sound.bas",25
                                	;[26] '   50Hz->2237  60Hz->1864  70Hz->1598  80Hz->1398  100Hz->1119
                                	SRCFILE "sound.bas",26
                                	;[27] '  150Hz->746  300Hz->373  311Hz->360  330Hz->339  340Hz->329
                                	SRCFILE "sound.bas",27
                                	;[28] '  350Hz->320  392Hz->285  415Hz->270  430Hz->260  500Hz->224
                                	SRCFILE "sound.bas",28
                                	;[29]     CONST SND_VOL = 12
                                	SRCFILE "sound.bas",29
                                	;[30] 
                                	SRCFILE "sound.bas",30
                                	;[31]     DIM #snd_val, snd_gate, snd_post, snd_i
                                	SRCFILE "sound.bas",31
                                	;[32] 
                                	SRCFILE "sound.bas",32
                                	;[33] ' ---------------------------------------------------------------------------
                                	SRCFILE "sound.bas",33
                                	;[34] ' play_tone: one square-wave note on channel 0. #snd_val = precomputed PSG
                                	SRCFILE "sound.bas",34
                                	;[35] ' divisor (see table above), snd_gate = frames the tone sounds, snd_post =
                                	SRCFILE "sound.bas",35
                                	;[36] ' frames of silence after (both "vblank" counts, taken directly from the
                                	SRCFILE "sound.bas",36
                                	;[37] ' reference implementations since they're already frame units at ~60Hz).
                                	SRCFILE "sound.bas",37
                                	;[38] ' ---------------------------------------------------------------------------
                                	SRCFILE "sound.bas",38
                                	;[39] play_tone: PROCEDURE
                                	SRCFILE "sound.bas",39
                                	; PLAY_TONE
0x5509                          label_PLAY_TONE:	PROC
5509   0275                     	BEGIN
                                	;[40]     SOUND 0, #snd_val, SND_VOL
                                	SRCFILE "sound.bas",40
550A   0280 0317                	MVI var_&SND_VAL,R0
550C   0240 01F0                	MVO R0,496
550E   0040                     	SWAP R0
550F   0240 01F4                	MVO R0,500
5511   02B8 000C                	MVII #12,R0
5513   0240 01FB                	MVO R0,507
                                	;[41]     FOR snd_i = 1 TO snd_gate
                                	SRCFILE "sound.bas",41
5515   02B8 0001                	MVII #1,R0
5517   0240 0159                	MVO R0,var_SND_I
0x5519                          T55:
                                	;[42]         WAIT
                                	SRCFILE "sound.bas",42
5519   0004 016C 001E           	CALL _wait
                                	;[43]     NEXT snd_i
                                	SRCFILE "sound.bas",43
551C   0280 0159                	MVI var_SND_I,R0
551E   0008                     	INCR R0
551F   0240 0159                	MVO R0,var_SND_I
5521   0340 0158                	CMP var_SND_GATE,R0
5523   0226 000B                	BLE T55
                                	;[44]     SOUND 0, 0, 0
                                	SRCFILE "sound.bas",44
5525   01C0                     	CLRR R0
5526   0240 01F0                	MVO R0,496
5528   0040                     	SWAP R0
5529   0240 01F4                	MVO R0,500
552B   01C0                     	CLRR R0
552C   0240 01FB                	MVO R0,507
                                	;[45]     FOR snd_i = 1 TO snd_post
                                	SRCFILE "sound.bas",45
552E   02B8 0001                	MVII #1,R0
5530   0240 0159                	MVO R0,var_SND_I
0x5532                          T56:
                                	;[46]         WAIT
                                	SRCFILE "sound.bas",46
5532   0004 016C 001E           	CALL _wait
                                	;[47]     NEXT snd_i
                                	SRCFILE "sound.bas",47
5535   0280 0159                	MVI var_SND_I,R0
5537   0008                     	INCR R0
5538   0240 0159                	MVO R0,var_SND_I
553A   0340 015A                	CMP var_SND_POST,R0
553C   0226 000B                	BLE T56
                                	;[48] END
                                	SRCFILE "sound.bas",48
553E   02B7                     	RETURN
                                	ENDP
                                	;[49] 
                                	SRCFILE "sound.bas",49
                                	;[50] ' sound_join: sit down at a table (3-tone rising figure: 430,340,500 Hz).
                                	SRCFILE "sound.bas",50
                                	;[51] sound_join: PROCEDURE
                                	SRCFILE "sound.bas",51
                                	; SOUND_JOIN
0x553F                          label_SOUND_JOIN:	PROC
553F   0275                     	BEGIN
                                	;[52]     #snd_val = 260 : snd_gate = 5 : snd_post = 8 : GOSUB play_tone
                                	SRCFILE "sound.bas",52
5540   02B8 0104                	MVII #260,R0
5542   0240 0317                	MVO R0,var_&SND_VAL
5544   02B8 0005                	MVII #5,R0
5546   0240 0158                	MVO R0,var_SND_GATE
5548   02B8 0008                	MVII #8,R0
554A   0240 015A                	MVO R0,var_SND_POST
554C   0004 0154 0109           	CALL label_PLAY_TONE
                                	;[53]     #snd_val = 329 : snd_gate = 5 : snd_post = 0 : GOSUB play_tone
                                	SRCFILE "sound.bas",53
554F   02B8 0149                	MVII #329,R0
5551   0240 0317                	MVO R0,var_&SND_VAL
5553   02B8 0005                	MVII #5,R0
5555   0240 0158                	MVO R0,var_SND_GATE
5557   01C0                     	CLRR R0
5558   0240 015A                	MVO R0,var_SND_POST
555A   0004 0154 0109           	CALL label_PLAY_TONE
                                	;[54]     #snd_val = 224 : snd_gate = 5 : snd_post = 0 : GOSUB play_tone
                                	SRCFILE "sound.bas",54
555D   02B8 00E0                	MVII #224,R0
555F   0240 0317                	MVO R0,var_&SND_VAL
5561   02B8 0005                	MVII #5,R0
5563   0240 0158                	MVO R0,var_SND_GATE
5565   01C0                     	CLRR R0
5566   0240 015A                	MVO R0,var_SND_POST
5568   0004 0154 0109           	CALL label_PLAY_TONE
                                	;[55] END
                                	SRCFILE "sound.bas",55
556B   02B7                     	RETURN
                                	ENDP
                                	;[56] 
                                	SRCFILE "sound.bas",56
                                	;[57] ' sound_myturn: it's your turn to move (double beep, 430,430 Hz).
                                	SRCFILE "sound.bas",57
                                	;[58] sound_myturn: PROCEDURE
                                	SRCFILE "sound.bas",58
                                	; SOUND_MYTURN
0x556C                          label_SOUND_MYTURN:	PROC
556C   0275                     	BEGIN
                                	;[59]     #snd_val = 260 : snd_gate = 4 : snd_post = 2 : GOSUB play_tone
                                	SRCFILE "sound.bas",59
556D   02B8 0104                	MVII #260,R0
556F   0240 0317                	MVO R0,var_&SND_VAL
5571   02B8 0004                	MVII #4,R0
5573   0240 0158                	MVO R0,var_SND_GATE
5575   02B8 0002                	MVII #2,R0
5577   0240 015A                	MVO R0,var_SND_POST
5579   0004 0154 0109           	CALL label_PLAY_TONE
                                	;[60]     #snd_val = 260 : snd_gate = 4 : snd_post = 2 : GOSUB play_tone
                                	SRCFILE "sound.bas",60
557C   02B8 0104                	MVII #260,R0
557E   0240 0317                	MVO R0,var_&SND_VAL
5580   02B8 0004                	MVII #4,R0
5582   0240 0158                	MVO R0,var_SND_GATE
5584   02B8 0002                	MVII #2,R0
5586   0240 015A                	MVO R0,var_SND_POST
5588   0004 0154 0109           	CALL label_PLAY_TONE
                                	;[61] END
                                	SRCFILE "sound.bas",61
558B   02B7                     	RETURN
                                	ENDP
                                	;[62] 
                                	SRCFILE "sound.bas",62
                                	;[63] ' sound_gamedone: round/showdown result just landed (4-tone rising
                                	SRCFILE "sound.bas",63
                                	;[64] ' fanfare: 311,330,392,415 Hz).
                                	SRCFILE "sound.bas",64
                                	;[65] sound_gamedone: PROCEDURE
                                	SRCFILE "sound.bas",65
                                	; SOUND_GAMEDONE
0x558C                          label_SOUND_GAMEDONE:	PROC
558C   0275                     	BEGIN
                                	;[66]     #snd_val = 360 : snd_gate = 10 : snd_post = 0 : GOSUB play_tone
                                	SRCFILE "sound.bas",66
558D   02B8 0168                	MVII #360,R0
558F   0240 0317                	MVO R0,var_&SND_VAL
5591   02B8 000A                	MVII #10,R0
5593   0240 0158                	MVO R0,var_SND_GATE
5595   01C0                     	CLRR R0
5596   0240 015A                	MVO R0,var_SND_POST
5598   0004 0154 0109           	CALL label_PLAY_TONE
                                	;[67]     #snd_val = 339 : snd_gate = 20 : snd_post = 0 : GOSUB play_tone
                                	SRCFILE "sound.bas",67
559B   02B8 0153                	MVII #339,R0
559D   0240 0317                	MVO R0,var_&SND_VAL
559F   02B8 0014                	MVII #20,R0
55A1   0240 0158                	MVO R0,var_SND_GATE
55A3   01C0                     	CLRR R0
55A4   0240 015A                	MVO R0,var_SND_POST
55A6   0004 0154 0109           	CALL label_PLAY_TONE
                                	;[68]     #snd_val = 285 : snd_gate = 10 : snd_post = 0 : GOSUB play_tone
                                	SRCFILE "sound.bas",68
55A9   02B8 011D                	MVII #285,R0
55AB   0240 0317                	MVO R0,var_&SND_VAL
55AD   02B8 000A                	MVII #10,R0
55AF   0240 0158                	MVO R0,var_SND_GATE
55B1   01C0                     	CLRR R0
55B2   0240 015A                	MVO R0,var_SND_POST
55B4   0004 0154 0109           	CALL label_PLAY_TONE
                                	;[69]     #snd_val = 270 : snd_gate = 20 : snd_post = 0 : GOSUB play_tone
                                	SRCFILE "sound.bas",69
55B7   02B8 010E                	MVII #270,R0
55B9   0240 0317                	MVO R0,var_&SND_VAL
55BB   02B8 0014                	MVII #20,R0
55BD   0240 0158                	MVO R0,var_SND_GATE
55BF   01C0                     	CLRR R0
55C0   0240 015A                	MVO R0,var_SND_POST
55C2   0004 0154 0109           	CALL label_PLAY_TONE
                                	;[70] END
                                	SRCFILE "sound.bas",70
55C5   02B7                     	RETURN
                                	ENDP
                                	;[71] 
                                	SRCFILE "sound.bas",71
                                	;[72] ' sound_deal: a new hand's cards have arrived (150 Hz click). The C clients
                                	SRCFILE "sound.bas",72
                                	;[73] ' click once per card as each is dealt; we don't track per-card deal
                                	SRCFILE "sound.bas",73
                                	;[74] ' state (cards just render as soon as they're in the fetched hand), so
                                	SRCFILE "sound.bas",74
                                	;[75] ' this plays once per new deal instead of per card.
                                	SRCFILE "sound.bas",75
                                	;[76] sound_deal: PROCEDURE
                                	SRCFILE "sound.bas",76
                                	; SOUND_DEAL
0x55C6                          label_SOUND_DEAL:	PROC
55C6   0275                     	BEGIN
                                	;[77]     #snd_val = 746 : snd_gate = 1 : snd_post = 5 : GOSUB play_tone
                                	SRCFILE "sound.bas",77
55C7   02B8 02EA                	MVII #746,R0
55C9   0240 0317                	MVO R0,var_&SND_VAL
55CB   02B8 0001                	MVII #1,R0
55CD   0240 0158                	MVO R0,var_SND_GATE
55CF   02B8 0005                	MVII #5,R0
55D1   0240 015A                	MVO R0,var_SND_POST
55D3   0004 0154 0109           	CALL label_PLAY_TONE
                                	;[78] END
                                	SRCFILE "sound.bas",78
55D6   02B7                     	RETURN
                                	ENDP
                                	;[79] 
                                	SRCFILE "sound.bas",79
                                	;[80] ' sound_player_join: another player sits down mid-game (5-tone rising
                                	SRCFILE "sound.bas",80
                                	;[81] ' sweep: 50,60,70,80 Hz).
                                	SRCFILE "sound.bas",81
                                	;[82] sound_player_join: PROCEDURE
                                	SRCFILE "sound.bas",82
                                	; SOUND_PLAYER_JOIN
0x55D7                          label_SOUND_PLAYER_JOIN:	PROC
55D7   0275                     	BEGIN
                                	;[83]     #snd_val = 2237 : snd_gate = 2 : snd_post = 15 : GOSUB play_tone
                                	SRCFILE "sound.bas",83
55D8   02B8 08BD                	MVII #2237,R0
55DA   0240 0317                	MVO R0,var_&SND_VAL
55DC   02B8 0002                	MVII #2,R0
55DE   0240 0158                	MVO R0,var_SND_GATE
55E0   02B8 000F                	MVII #15,R0
55E2   0240 015A                	MVO R0,var_SND_POST
55E4   0004 0154 0109           	CALL label_PLAY_TONE
                                	;[84]     #snd_val = 1864 : snd_gate = 2 : snd_post = 15 : GOSUB play_tone
                                	SRCFILE "sound.bas",84
55E7   02B8 0748                	MVII #1864,R0
55E9   0240 0317                	MVO R0,var_&SND_VAL
55EB   02B8 0002                	MVII #2,R0
55ED   0240 0158                	MVO R0,var_SND_GATE
55EF   02B8 000F                	MVII #15,R0
55F1   0240 015A                	MVO R0,var_SND_POST
55F3   0004 0154 0109           	CALL label_PLAY_TONE
                                	;[85]     #snd_val = 1598 : snd_gate = 2 : snd_post = 15 : GOSUB play_tone
                                	SRCFILE "sound.bas",85
55F6   02B8 063E                	MVII #1598,R0
55F8   0240 0317                	MVO R0,var_&SND_VAL
55FA   02B8 0002                	MVII #2,R0
55FC   0240 0158                	MVO R0,var_SND_GATE
55FE   02B8 000F                	MVII #15,R0
5600   0240 015A                	MVO R0,var_SND_POST
5602   0004 0154 0109           	CALL label_PLAY_TONE
                                	;[86]     #snd_val = 1398 : snd_gate = 2 : snd_post = 15 : GOSUB play_tone
                                	SRCFILE "sound.bas",86
5605   02B8 0576                	MVII #1398,R0
5607   0240 0317                	MVO R0,var_&SND_VAL
5609   02B8 0002                	MVII #2,R0
560B   0240 0158                	MVO R0,var_SND_GATE
560D   02B8 000F                	MVII #15,R0
560F   0240 015A                	MVO R0,var_SND_POST
5611   0004 0154 0109           	CALL label_PLAY_TONE
                                	;[87] END
                                	SRCFILE "sound.bas",87
5614   02B7                     	RETURN
                                	ENDP
                                	;[88] 
                                	SRCFILE "sound.bas",88
                                	;[89] ' sound_player_left: a player leaves mid-game (falling sweep, mirror of join).
                                	SRCFILE "sound.bas",89
                                	;[90] sound_player_left: PROCEDURE
                                	SRCFILE "sound.bas",90
                                	; SOUND_PLAYER_LEFT
0x5615                          label_SOUND_PLAYER_LEFT:	PROC
5615   0275                     	BEGIN
                                	;[91]     #snd_val = 1398 : snd_gate = 2 : snd_post = 15 : GOSUB play_tone
                                	SRCFILE "sound.bas",91
5616   02B8 0576                	MVII #1398,R0
5618   0240 0317                	MVO R0,var_&SND_VAL
561A   02B8 0002                	MVII #2,R0
561C   0240 0158                	MVO R0,var_SND_GATE
561E   02B8 000F                	MVII #15,R0
5620   0240 015A                	MVO R0,var_SND_POST
5622   0004 0154 0109           	CALL label_PLAY_TONE
                                	;[92]     #snd_val = 1598 : snd_gate = 2 : snd_post = 15 : GOSUB play_tone
                                	SRCFILE "sound.bas",92
5625   02B8 063E                	MVII #1598,R0
5627   0240 0317                	MVO R0,var_&SND_VAL
5629   02B8 0002                	MVII #2,R0
562B   0240 0158                	MVO R0,var_SND_GATE
562D   02B8 000F                	MVII #15,R0
562F   0240 015A                	MVO R0,var_SND_POST
5631   0004 0154 0109           	CALL label_PLAY_TONE
                                	;[93]     #snd_val = 1864 : snd_gate = 2 : snd_post = 15 : GOSUB play_tone
                                	SRCFILE "sound.bas",93
5634   02B8 0748                	MVII #1864,R0
5636   0240 0317                	MVO R0,var_&SND_VAL
5638   02B8 0002                	MVII #2,R0
563A   0240 0158                	MVO R0,var_SND_GATE
563C   02B8 000F                	MVII #15,R0
563E   0240 015A                	MVO R0,var_SND_POST
5640   0004 0154 0109           	CALL label_PLAY_TONE
                                	;[94]     #snd_val = 2237 : snd_gate = 2 : snd_post = 15 : GOSUB play_tone
                                	SRCFILE "sound.bas",94
5643   02B8 08BD                	MVII #2237,R0
5645   0240 0317                	MVO R0,var_&SND_VAL
5647   02B8 0002                	MVII #2,R0
5649   0240 0158                	MVO R0,var_SND_GATE
564B   02B8 000F                	MVII #15,R0
564D   0240 015A                	MVO R0,var_SND_POST
564F   0004 0154 0109           	CALL label_PLAY_TONE
                                	;[95] END
                                	SRCFILE "sound.bas",95
5652   02B7                     	RETURN
                                	ENDP
                                	;[96] 
                                	SRCFILE "sound.bas",96
                                	;[97] ' sound_select: a move or table selection was confirmed (2-tone rising
                                	SRCFILE "sound.bas",97
                                	;[98] ' chirp: 300,350 Hz).
                                	SRCFILE "sound.bas",98
                                	;[99] sound_select: PROCEDURE
                                	SRCFILE "sound.bas",99
                                	; SOUND_SELECT
0x5653                          label_SOUND_SELECT:	PROC
5653   0275                     	BEGIN
                                	;[100]     #snd_val = 373 : snd_gate = 3 : snd_post = 1 : GOSUB play_tone
                                	SRCFILE "sound.bas",100
5654   02B8 0175                	MVII #373,R0
5656   0240 0317                	MVO R0,var_&SND_VAL
5658   02B8 0003                	MVII #3,R0
565A   0240 0158                	MVO R0,var_SND_GATE
565C   02B8 0001                	MVII #1,R0
565E   0240 015A                	MVO R0,var_SND_POST
5660   0004 0154 0109           	CALL label_PLAY_TONE
                                	;[101]     #snd_val = 320 : snd_gate = 3 : snd_post = 0 : GOSUB play_tone
                                	SRCFILE "sound.bas",101
5663   02B8 0140                	MVII #320,R0
5665   0240 0317                	MVO R0,var_&SND_VAL
5667   02B8 0003                	MVII #3,R0
5669   0240 0158                	MVO R0,var_SND_GATE
566B   01C0                     	CLRR R0
566C   0240 015A                	MVO R0,var_SND_POST
566E   0004 0154 0109           	CALL label_PLAY_TONE
                                	;[102] END
                                	SRCFILE "sound.bas",102
5671   02B7                     	RETURN
                                	ENDP
                                	;[103] 
                                	SRCFILE "sound.bas",103
                                	;[104] ' sound_cursor: menu/move cursor moved one position (300 Hz).
                                	SRCFILE "sound.bas",104
                                	;[105] sound_cursor: PROCEDURE
                                	SRCFILE "sound.bas",105
                                	; SOUND_CURSOR
0x5672                          label_SOUND_CURSOR:	PROC
5672   0275                     	BEGIN
                                	;[106]     #snd_val = 373 : snd_gate = 2 : snd_post = 0 : GOSUB play_tone
                                	SRCFILE "sound.bas",106
5673   02B8 0175                	MVII #373,R0
5675   0240 0317                	MVO R0,var_&SND_VAL
5677   02B8 0002                	MVII #2,R0
5679   0240 0158                	MVO R0,var_SND_GATE
567B   01C0                     	CLRR R0
567C   0240 015A                	MVO R0,var_SND_POST
567E   0004 0154 0109           	CALL label_PLAY_TONE
                                	;[107] END
                                	SRCFILE "sound.bas",107
5681   02B7                     	RETURN
                                	ENDP
                                	;[108] 
                                	SRCFILE "sound.bas",108
                                	;[109] ' sound_chip: pot value increased (a bet/call/raise landed, 50 Hz). The C
                                	SRCFILE "sound.bas",109
                                	;[110] ' clients play one ascending tone per player as chips sweep into the pot
                                	SRCFILE "sound.bas",110
                                	;[111] ' during a dedicated collection animation; we don't animate that (pot just
                                	SRCFILE "sound.bas",111
                                	;[112] ' updates), so this plays their first-player tone once per pot increase
                                	SRCFILE "sound.bas",112
                                	;[113] ' as a stand-in "chip clink."
                                	SRCFILE "sound.bas",113
                                	;[114] sound_chip: PROCEDURE
                                	SRCFILE "sound.bas",114
                                	; SOUND_CHIP
0x5682                          label_SOUND_CHIP:	PROC
5682   0275                     	BEGIN
                                	;[115]     #snd_val = 2237 : snd_gate = 2 : snd_post = 2 : GOSUB play_tone
                                	SRCFILE "sound.bas",115
5683   02B8 08BD                	MVII #2237,R0
5685   0240 0317                	MVO R0,var_&SND_VAL
5687   02B8 0002                	MVII #2,R0
5689   0240 0158                	MVO R0,var_SND_GATE
568B   0240 015A                	MVO R0,var_SND_POST
568D   0004 0154 0109           	CALL label_PLAY_TONE
                                	;[116] END
                                	SRCFILE "sound.bas",116
5690   02B7                     	RETURN
                                	ENDP
                                	;ENDFILE
                                	;FILE texas.bas
                                	;[40] 
                                	SRCFILE "texas.bas",40
                                	;[41]     CONST ROWCELLS = 20
                                	SRCFILE "texas.bas",41
                                	;[42]     CONST STATUS_ROW = 220
                                	SRCFILE "texas.bas",42
                                	;[43] 
                                	SRCFILE "texas.bas",43
                                	;[44]     CONST COL_NAME  = FG_WHITE + BG_DARKGREEN
                                	SRCFILE "texas.bas",44
                                	;[45]     CONST COL_HILITE = FG_YELLOW + BG_DARKGREEN
                                	SRCFILE "texas.bas",45
                                	;[46]     CONST COL_STATUS = FG_WHITE + BG_BLACK
                                	SRCFILE "texas.bas",46
                                	;[47] 
                                	SRCFILE "texas.bas",47
                                	;[48] ' Seat base offsets (name row), seat 0 is always you (bottom-center).
                                	SRCFILE "texas.bas",48
                                	;[49] seat_name_off:
                                	SRCFILE "texas.bas",49
                                	; SEAT_NAME_OFF
0x5691                          label_SEAT_NAME_OFF:	;[50]     DATA 167, 140, 80, 20, 7, 34, 94, 154
                                	SRCFILE "texas.bas",50
5691   00A7                     	DECLE 167
5692   008C                     	DECLE 140
5693   0050                     	DECLE 80
5694   0014                     	DECLE 20
5695   0007                     	DECLE 7
5696   0022                     	DECLE 34
5697   005E                     	DECLE 94
5698   009A                     	DECLE 154
                                	;[51] 
                                	SRCFILE "texas.bas",51
                                	;[52] ' playerCountIndex: for a given playerCount (2-8, row = playerCount-2),
                                	SRCFILE "texas.bas",52
                                	;[53] ' the seat assigned to server player index i (array position i). 255 =
                                	SRCFILE "texas.bas",53
                                	;[54] ' unused. Ported unchanged from the C client's seat-assignment table.
                                	SRCFILE "texas.bas",54
                                	;[55] seatmap:
                                	SRCFILE "texas.bas",55
                                	; SEATMAP
0x5699                          label_SEATMAP:	;[56]     DATA 0,4,255,255,255,255,255,255       ' 2 players
                                	SRCFILE "texas.bas",56
5699   0000                     	DECLE 0
569A   0004                     	DECLE 4
569B   00FF                     	DECLE 255
569C   00FF                     	DECLE 255
569D   00FF                     	DECLE 255
569E   00FF                     	DECLE 255
569F   00FF                     	DECLE 255
56A0   00FF                     	DECLE 255
                                	;[57]     DATA 0,2,6,255,255,255,255,255         ' 3
                                	SRCFILE "texas.bas",57
56A1   0000                     	DECLE 0
56A2   0002                     	DECLE 2
56A3   0006                     	DECLE 6
56A4   00FF                     	DECLE 255
56A5   00FF                     	DECLE 255
56A6   00FF                     	DECLE 255
56A7   00FF                     	DECLE 255
56A8   00FF                     	DECLE 255
                                	;[58]     DATA 0,2,4,6,255,255,255,255           ' 4
                                	SRCFILE "texas.bas",58
56A9   0000                     	DECLE 0
56AA   0002                     	DECLE 2
56AB   0004                     	DECLE 4
56AC   0006                     	DECLE 6
56AD   00FF                     	DECLE 255
56AE   00FF                     	DECLE 255
56AF   00FF                     	DECLE 255
56B0   00FF                     	DECLE 255
                                	;[59]     DATA 0,2,3,5,6,255,255,255             ' 5
                                	SRCFILE "texas.bas",59
56B1   0000                     	DECLE 0
56B2   0002                     	DECLE 2
56B3   0003                     	DECLE 3
56B4   0005                     	DECLE 5
56B5   0006                     	DECLE 6
56B6   00FF                     	DECLE 255
56B7   00FF                     	DECLE 255
56B8   00FF                     	DECLE 255
                                	;[60]     DATA 0,2,3,4,5,6,255,255               ' 6
                                	SRCFILE "texas.bas",60
56B9   0000                     	DECLE 0
56BA   0002                     	DECLE 2
56BB   0003                     	DECLE 3
56BC   0004                     	DECLE 4
56BD   0005                     	DECLE 5
56BE   0006                     	DECLE 6
56BF   00FF                     	DECLE 255
56C0   00FF                     	DECLE 255
                                	;[61]     DATA 0,2,3,4,5,6,7,255                 ' 7
                                	SRCFILE "texas.bas",61
56C1   0000                     	DECLE 0
56C2   0002                     	DECLE 2
56C3   0003                     	DECLE 3
56C4   0004                     	DECLE 4
56C5   0005                     	DECLE 5
56C6   0006                     	DECLE 6
56C7   0007                     	DECLE 7
56C8   00FF                     	DECLE 255
                                	;[62]     DATA 0,1,2,3,4,5,6,7                   ' 8
                                	SRCFILE "texas.bas",62
56C9   0000                     	DECLE 0
56CA   0001                     	DECLE 1
56CB   0002                     	DECLE 2
56CC   0003                     	DECLE 3
56CD   0004                     	DECLE 4
56CE   0005                     	DECLE 5
56CF   0006                     	DECLE 6
56D0   0007                     	DECLE 7
                                	;[63] 
                                	SRCFILE "texas.bas",63
                                	;[64] lit_n_colon: DATA 78,58
                                	SRCFILE "texas.bas",64
                                	; LIT_N_COLON
56D1   004E                     label_LIT_N_COLON:		DECLE 78
56D2   003A                     	DECLE 58
                                	;[65] ' "https://th.carr-designs.com/" -- the public Texas Hold'em server
                                	SRCFILE "texas.bas",65
                                	;[66] ' (src/main.c's serverEndpoint default).
                                	SRCFILE "texas.bas",66
                                	;[67] lit_https: DATA 104,116,116,112,115,58,47,47,116,104,46,99,97,114,114,45,100,101,115,105,103,110,115,46,99,111,109,47
                                	SRCFILE "texas.bas",67
                                	; LIT_HTTPS
56D3   0068                     label_LIT_HTTPS:		DECLE 104
56D4   0074                     	DECLE 116
56D5   0074                     	DECLE 116
56D6   0070                     	DECLE 112
56D7   0073                     	DECLE 115
56D8   003A                     	DECLE 58
56D9   002F                     	DECLE 47
56DA   002F                     	DECLE 47
56DB   0074                     	DECLE 116
56DC   0068                     	DECLE 104
56DD   002E                     	DECLE 46
56DE   0063                     	DECLE 99
56DF   0061                     	DECLE 97
56E0   0072                     	DECLE 114
56E1   0072                     	DECLE 114
56E2   002D                     	DECLE 45
56E3   0064                     	DECLE 100
56E4   0065                     	DECLE 101
56E5   0073                     	DECLE 115
56E6   0069                     	DECLE 105
56E7   0067                     	DECLE 103
56E8   006E                     	DECLE 110
56E9   0073                     	DECLE 115
56EA   002E                     	DECLE 46
56EB   0063                     	DECLE 99
56EC   006F                     	DECLE 111
56ED   006D                     	DECLE 109
56EE   002F                     	DECLE 47
                                	;[68] lit_tables: DATA 116,97,98,108,101,115
                                	SRCFILE "texas.bas",68
                                	; LIT_TABLES
56EF   0074                     label_LIT_TABLES:		DECLE 116
56F0   0061                     	DECLE 97
56F1   0062                     	DECLE 98
56F2   006C                     	DECLE 108
56F3   0065                     	DECLE 101
56F4   0073                     	DECLE 115
                                	;[69] lit_state: DATA 115,116,97,116,101
                                	SRCFILE "texas.bas",69
                                	; LIT_STATE
56F5   0073                     label_LIT_STATE:		DECLE 115
56F6   0074                     	DECLE 116
56F7   0061                     	DECLE 97
56F8   0074                     	DECLE 116
56F9   0065                     	DECLE 101
                                	;[70] lit_move: DATA 109,111,118,101,47
                                	SRCFILE "texas.bas",70
                                	; LIT_MOVE
56FA   006D                     label_LIT_MOVE:		DECLE 109
56FB   006F                     	DECLE 111
56FC   0076                     	DECLE 118
56FD   0065                     	DECLE 101
56FE   002F                     	DECLE 47
                                	;[71] lit_leave: DATA 108,101,97,118,101
                                	SRCFILE "texas.bas",71
                                	; LIT_LEAVE
56FF   006C                     label_LIT_LEAVE:		DECLE 108
5700   0065                     	DECLE 101
5701   0061                     	DECLE 97
5702   0076                     	DECLE 118
5703   0065                     	DECLE 101
                                	;[72] ' "&be=1" (big-endian) dropped: the Go server's binary.BigEndian path is
                                	SRCFILE "texas.bas",72
                                	;[73] ' the road much less travelled (CoCo, 6809, is the only other client that
                                	SRCFILE "texas.bas",73
                                	;[74] ' ever requests it -- everything else in this client family is little-
                                	SRCFILE "texas.bas",74
                                	;[75] ' endian x86/6502/Z80), and pot/bet corruption that always landed on
                                	SRCFILE "texas.bas",75
                                	;[76] ' exact multiples of 256 (i.e. a real small value sitting in the high
                                	SRCFILE "texas.bas",76
                                	;[77] ' byte, low byte zero) pointed straight at a byte-order mismatch on that
                                	SRCFILE "texas.bas",77
                                	;[78] ' path specifically. Little-endian is what the rest of the ecosystem
                                	SRCFILE "texas.bas",78
                                	;[79] ' exercises constantly.
                                	SRCFILE "texas.bas",79
                                	;[80] lit_qbin: DATA 63,98,105,110,61,49
                                	SRCFILE "texas.bas",80
                                	; LIT_QBIN
5704   003F                     label_LIT_QBIN:		DECLE 63
5705   0062                     	DECLE 98
5706   0069                     	DECLE 105
5707   006E                     	DECLE 110
5708   003D                     	DECLE 61
5709   0031                     	DECLE 49
                                	;[81] lit_abin: DATA 38,98,105,110,61,49
                                	SRCFILE "texas.bas",81
                                	; LIT_ABIN
570A   0026                     label_LIT_ABIN:		DECLE 38
570B   0062                     	DECLE 98
570C   0069                     	DECLE 105
570D   006E                     	DECLE 110
570E   003D                     	DECLE 61
570F   0031                     	DECLE 49
                                	;[82] lit_qtable: DATA 63,116,97,98,108,101,61
                                	SRCFILE "texas.bas",82
                                	; LIT_QTABLE
5710   003F                     label_LIT_QTABLE:		DECLE 63
5711   0074                     	DECLE 116
5712   0061                     	DECLE 97
5713   0062                     	DECLE 98
5714   006C                     	DECLE 108
5715   0065                     	DECLE 101
5716   003D                     	DECLE 61
                                	;[83] lit_aplayer: DATA 38,112,108,97,121,101,114,61
                                	SRCFILE "texas.bas",83
                                	; LIT_APLAYER
5717   0026                     label_LIT_APLAYER:		DECLE 38
5718   0070                     	DECLE 112
5719   006C                     	DECLE 108
571A   0061                     	DECLE 97
571B   0079                     	DECLE 121
571C   0065                     	DECLE 101
571D   0072                     	DECLE 114
571E   003D                     	DECLE 61
                                	;[84] 
                                	SRCFILE "texas.bas",84
                                	;[85] ' Street labels, 8 space-padded ASCII bytes per round value (round*8
                                	SRCFILE "texas.bas",85
                                	;[86] ' indexes straight into this), drawn via draw_field like every other
                                	SRCFILE "texas.bas",86
                                	;[87] ' text field. Row 0 (round=0, waiting) is deliberately blank so the
                                	SRCFILE "texas.bas",87
                                	;[88] ' label cell range self-clears between hands without special-casing.
                                	SRCFILE "texas.bas",88
                                	;[89] street_names:
                                	SRCFILE "texas.bas",89
                                	; STREET_NAMES
0x571F                          label_STREET_NAMES:	;[90]     DATA 32,32,32,32,32,32,32,32           ' 0 waiting
                                	SRCFILE "texas.bas",90
571F   0020                     	DECLE 32
5720   0020                     	DECLE 32
5721   0020                     	DECLE 32
5722   0020                     	DECLE 32
5723   0020                     	DECLE 32
5724   0020                     	DECLE 32
5725   0020                     	DECLE 32
5726   0020                     	DECLE 32
                                	;[91]     DATA 80,82,69,45,70,76,79,80           ' 1 PRE-FLOP
                                	SRCFILE "texas.bas",91
5727   0050                     	DECLE 80
5728   0052                     	DECLE 82
5729   0045                     	DECLE 69
572A   002D                     	DECLE 45
572B   0046                     	DECLE 70
572C   004C                     	DECLE 76
572D   004F                     	DECLE 79
572E   0050                     	DECLE 80
                                	;[92]     DATA 70,76,79,80,32,32,32,32           ' 2 FLOP
                                	SRCFILE "texas.bas",92
572F   0046                     	DECLE 70
5730   004C                     	DECLE 76
5731   004F                     	DECLE 79
5732   0050                     	DECLE 80
5733   0020                     	DECLE 32
5734   0020                     	DECLE 32
5735   0020                     	DECLE 32
5736   0020                     	DECLE 32
                                	;[93]     DATA 84,85,82,78,32,32,32,32           ' 3 TURN
                                	SRCFILE "texas.bas",93
5737   0054                     	DECLE 84
5738   0055                     	DECLE 85
5739   0052                     	DECLE 82
573A   004E                     	DECLE 78
573B   0020                     	DECLE 32
573C   0020                     	DECLE 32
573D   0020                     	DECLE 32
573E   0020                     	DECLE 32
                                	;[94]     DATA 82,73,86,69,82,32,32,32           ' 4 RIVER
                                	SRCFILE "texas.bas",94
573F   0052                     	DECLE 82
5740   0049                     	DECLE 73
5741   0056                     	DECLE 86
5742   0045                     	DECLE 69
5743   0052                     	DECLE 82
5744   0020                     	DECLE 32
5745   0020                     	DECLE 32
5746   0020                     	DECLE 32
                                	;[95]     DATA 83,72,79,87,68,79,87,78           ' 5 SHOWDOWN
                                	SRCFILE "texas.bas",95
5747   0053                     	DECLE 83
5748   0048                     	DECLE 72
5749   004F                     	DECLE 79
574A   0057                     	DECLE 87
574B   0044                     	DECLE 68
574C   004F                     	DECLE 79
574D   0057                     	DECLE 87
574E   004E                     	DECLE 78
                                	;[96] 
                                	SRCFILE "texas.bas",96
                                	;[97]     CONST LEN_HTTPS = 28
                                	SRCFILE "texas.bas",97
                                	;[98] 
                                	SRCFILE "texas.bas",98
                                	;[99]     ' Lobby appkey: creator 1 / app 1, key = this game's registered slot.
                                	SRCFILE "texas.bas",99
                                	;[100]     ' Texas Hold'em is lobby appkey 8 (see fujinet-texasHoldEm/src/misc.h
                                	SRCFILE "texas.bas",100
                                	;[101]     ' AK_LOBBY_KEY_SERVER -- 5 Card Stud's was 1; using 8 here means table
                                	SRCFILE "texas.bas",101
                                	;[102]     ' selection can't overwrite the 5CS lobby hand-off URL). The name key
                                	SRCFILE "texas.bas",102
                                	;[103]     ' (creator 1 / app 1 / key 0) is the lobby-shared username, unchanged.
                                	SRCFILE "texas.bas",103
                                	;[104]     ' The C clients' prefs appkey (creator $BEBE / app 1) only stores
                                	SRCFILE "texas.bas",104
                                	;[105]     ' help-seen/color-mode flags for screens this client doesn't have, so
                                	SRCFILE "texas.bas",105
                                	;[106]     ' it's deliberately unused here.
                                	SRCFILE "texas.bas",106
                                	;[107]     CONST AK_LOBBY_KEY_SERVER = 8
                                	SRCFILE "texas.bas",107
                                	;[108] 
                                	SRCFILE "texas.bas",108
                                	;[109]     ' Selected table id, 9 bytes (8 + NUL). SC_ENDPT used to double as this
                                	SRCFILE "texas.bas",109
                                	;[110]     ' buffer, but it's now needed for the full lobby-supplied endpoint, so
                                	SRCFILE "texas.bas",110
                                	;[111]     ' the table id gets its own slot -- free RAM just past fujinet.bas's
                                	SRCFILE "texas.bas",111
                                	;[112]     ' own SC_* buffers (which stop at SC_QUERY $9150 + 48 = $9180) and
                                	SRCFILE "texas.bas",112
                                	;[113]     ' well below the $9C00 mailbox.
                                	SRCFILE "texas.bas",113
                                	;[114]     CONST SC_TABLE = $9180
                                	SRCFILE "texas.bas",114
                                	;[115] 
                                	SRCFILE "texas.bas",115
                                	;[116] ' ---------------------------------------------------------------------------
                                	SRCFILE "texas.bas",116
                                	;[117] ' Globals
                                	SRCFILE "texas.bas",117
                                	;[118] ' ---------------------------------------------------------------------------
                                	SRCFILE "texas.bas",118
                                	;[119]     DIM gs_i, gs_j, #gs_c
                                	SRCFILE "texas.bas",119
                                	;[120]     DIM ne_cur, ne_len
                                	SRCFILE "texas.bas",120
                                	;[121]     DIM ne_buf(8)
                                	SRCFILE "texas.bas",121
                                	;[122]     DIM tbl_count, tbl_sel
                                	SRCFILE "texas.bas",122
                                	;[123]     DIM sel_seat, sel_i
                                	SRCFILE "texas.bas",123
                                	;[124]     DIM poll_wait
                                	SRCFILE "texas.bas",124
                                	;[125]     DIM mv_sel, mv_count
                                	SRCFILE "texas.bas",125
                                	;[126]     DIM mv_col(5)
                                	SRCFILE "texas.bas",126
                                	;[127]     DIM mvcode_a, mvcode_b
                                	SRCFILE "texas.bas",127
                                	;[128]     DIM has_move
                                	SRCFILE "texas.bas",128
                                	;[129]     DIM #tmp_addr
                                	SRCFILE "texas.bas",129
                                	;[130]     DIM #tmp_num
                                	SRCFILE "texas.bas",130
                                	;[131]     DIM #prev_pot
                                	SRCFILE "texas.bas",131
                                	;[132]     DIM #prev_purse
                                	SRCFILE "texas.bas",132
                                	;[133]     DIM prev_bet(8)
                                	SRCFILE "texas.bas",133
                                	;[134]     DIM prev_cards(8)
                                	SRCFILE "texas.bas",134
                                	;[135]     DIM prev_community
                                	SRCFILE "texas.bas",135
                                	;[136]     DIM street_redraw
                                	SRCFILE "texas.bas",136
                                	;[137]     DIM deal_count
                                	SRCFILE "texas.bas",137
                                	;[138]     DIM #tmp_expect
                                	SRCFILE "texas.bas",138
                                	;[139]     DIM #tmp_hash
                                	SRCFILE "texas.bas",139
                                	;[140]     DIM #prev_result_hash
                                	SRCFILE "texas.bas",140
                                	;[141]     DIM first_poll
                                	SRCFILE "texas.bas",141
                                	;[142] 
                                	SRCFILE "texas.bas",142
                                	;[143]     DIM df_pos, df_len, #df_color, df_i, df_c, df_stop
                                	SRCFILE "texas.bas",143
                                	;[144]     DIM #df_src
                                	SRCFILE "texas.bas",144
                                	;[145] 
                                	SRCFILE "texas.bas",145
                                	;[146]     ' split_room_url locals (see procedure below)
                                	SRCFILE "texas.bas",146
                                	;[147]     DIM sp_i, sp_found, sp_ok, sp_j, sp_k, sp_c, sp_valid, sp_m
                                	SRCFILE "texas.bas",147
                                	;[148] 
                                	SRCFILE "texas.bas",148
                                	;[149] ' ---------------------------------------------------------------------------
                                	SRCFILE "texas.bas",149
                                	;[150] ' draw_field: render df_len ASCII bytes from #df_src onto the screen at
                                	SRCFILE "texas.bas",150
                                	;[151] ' BACKTAB offset df_pos, in color #df_color. Uppercases (MODE 1 has no
                                	SRCFILE "texas.bas",151
                                	;[152] ' lowercase GROM; the wire is lowercase anyway), stops at a NUL and pads
                                	SRCFILE "texas.bas",152
                                	;[153] ' the rest of the field with spaces, and clamps anything outside the
                                	SRCFILE "texas.bas",153
                                	;[154] ' printable GROM range (32-95) to a space rather than drawing garbage.
                                	SRCFILE "texas.bas",154
                                	;[155] ' ---------------------------------------------------------------------------
                                	SRCFILE "texas.bas",155
                                	;[156] ' ---------------------------------------------------------------------------
                                	SRCFILE "texas.bas",156
                                	;[157] ' fill_bg: felt-table background -- green everywhere except the status row
                                	SRCFILE "texas.bas",157
                                	;[158] ' (which stays black). Call right after every CLS.
                                	SRCFILE "texas.bas",158
                                	;[159] ' ---------------------------------------------------------------------------
                                	SRCFILE "texas.bas",159
                                	;[160] fill_bg: PROCEDURE
                                	SRCFILE "texas.bas",160
                                	; FILL_BG
0x574F                          label_FILL_BG:	PROC
574F   0275                     	BEGIN
                                	;[161]     FOR gs_i = 0 TO STATUS_ROW - 1
                                	SRCFILE "texas.bas",161
5750   01C0                     	CLRR R0
5751   0240 0128                	MVO R0,var_GS_I
0x5753                          T57:
                                	;[162]         #BACKTAB(gs_i) = COL_NAME
                                	SRCFILE "texas.bas",162
5753   02B8 2007                	MVII #8199,R0
5755   02BB 0200                	MVII #Q2,R3
5757   02C3 0128                	ADD var_GS_I,R3
5759   0258                     	MVO@ R0,R3
                                	;[163]     NEXT gs_i
                                	SRCFILE "texas.bas",163
575A   0280 0128                	MVI var_GS_I,R0
575C   0008                     	INCR R0
575D   0240 0128                	MVO R0,var_GS_I
575F   0378 00DB                	CMPI #219,R0
5761   0226 000F                	BLE T57
                                	;[164] END
                                	SRCFILE "texas.bas",164
5763   02B7                     	RETURN
                                	ENDP
                                	;[165] 
                                	SRCFILE "texas.bas",165
                                	;[166] draw_field: PROCEDURE
                                	SRCFILE "texas.bas",166
                                	; DRAW_FIELD
0x5764                          label_DRAW_FIELD:	PROC
5764   0275                     	BEGIN
                                	;[167]     df_stop = 0
                                	SRCFILE "texas.bas",167
5765   01C0                     	CLRR R0
5766   0240 0121                	MVO R0,var_DF_STOP
                                	;[168]     FOR df_i = 0 TO df_len - 1
                                	SRCFILE "texas.bas",168
5768   0240 011E                	MVO R0,var_DF_I
0x576A                          T58:
                                	;[169]         df_c = PEEK(#df_src + df_i) AND 255
                                	SRCFILE "texas.bas",169
576A   0281 030B                	MVI var_&DF_SRC,R1
576C   02C1 011E                	ADD var_DF_I,R1
576E   0288                     	MVI@ R1,R0
576F   0240 011D                	MVO R0,var_DF_C
                                	;[170]         IF df_c = 0 THEN df_stop = 1
                                	SRCFILE "texas.bas",170
5771   0280 011D                	MVI var_DF_C,R0
5773   0080                     	TSTR R0
5774   020C 0004                	BNE T59
5776   02B8 0001                	MVII #1,R0
5778   0240 0121                	MVO R0,var_DF_STOP
0x577A                          T59:
                                	;[171]         IF df_stop THEN
                                	SRCFILE "texas.bas",171
577A   0280 0121                	MVI var_DF_STOP,R0
577C   0080                     	TSTR R0
577D   0204 0006                	BEQ T60
                                	;[172]             df_c = 32
                                	SRCFILE "texas.bas",172
577F   02B8 0020                	MVII #32,R0
5781   0240 011D                	MVO R0,var_DF_C
                                	;[173]         ELSEIF df_c >= 97 AND df_c <= 122 THEN
                                	SRCFILE "texas.bas",173
5783   0200 001B                	B T61
0x5785                          T60:
5785   0280 011D                	MVI var_DF_C,R0
5787   0378 0061                	CMPI #97,R0
5789   02B8 FFFF                	MVII #65535,R0
578B   020D 0001                	BGE T63
578D   0008                     	INCR R0
0x578E                          T63:
578E   0281 011D                	MVI var_DF_C,R1
5790   0379 007A                	CMPI #122,R1
5792   02B9 FFFF                	MVII #65535,R1
5794   0206 0001                	BLE T64
5796   0009                     	INCR R1
0x5797                          T64:
5797   0188                     	ANDR R1,R0
5798   0204 0006                	BEQ T62
                                	;[174]             df_c = df_c - 32
                                	SRCFILE "texas.bas",174
579A   0280 011D                	MVI var_DF_C,R0
579C   0338 0020                	SUBI #32,R0
579E   0240 011D                	MVO R0,var_DF_C
                                	;[175]         END IF
                                	SRCFILE "texas.bas",175
0x57A0                          T61:
0x57A0                          T62:
                                	;[176]         IF df_c < 32 OR df_c > 95 THEN df_c = 32
                                	SRCFILE "texas.bas",176
57A0   0280 011D                	MVI var_DF_C,R0
57A2   0378 0020                	CMPI #32,R0
57A4   02B8 FFFF                	MVII #65535,R0
57A6   0205 0001                	BLT T66
57A8   0008                     	INCR R0
0x57A9                          T66:
57A9   0281 011D                	MVI var_DF_C,R1
57AB   0379 005F                	CMPI #95,R1
57AD   02B9 FFFF                	MVII #65535,R1
57AF   020E 0001                	BGT T67
57B1   0009                     	INCR R1
0x57B2                          T67:
57B2   0019                     	COMR R1
57B3   0188                     	ANDR R1,R0
57B4   0019                     	COMR R1
57B5   01C8                     	XORR R1,R0
57B6   0204 0004                	BEQ T65
57B8   02B8 0020                	MVII #32,R0
57BA   0240 011D                	MVO R0,var_DF_C
0x57BC                          T65:
                                	;[177]         #BACKTAB(df_pos + df_i) = (df_c - 32) * 8 + #df_color
                                	SRCFILE "texas.bas",177
57BC   02B8 0200                	MVII #Q2,R0
57BE   0281 0120                	MVI var_DF_POS,R1
57C0   02C1 011E                	ADD var_DF_I,R1
57C2   00C8                     	ADDR R1,R0
57C3   0281 011D                	MVI var_DF_C,R1
57C5   0339 0020                	SUBI #32,R1
57C7   004D                     	SLL R1,2
57C8   00C9                     	ADDR R1,R1
57C9   02C1 030A                	ADD var_&DF_COLOR,R1
57CB   0084                     	MOVR R0,R4
57CC   0261                     	MVO@ R1,R4
                                	;[178]     NEXT df_i
                                	SRCFILE "texas.bas",178
57CD   0280 011E                	MVI var_DF_I,R0
57CF   0008                     	INCR R0
57D0   0240 011E                	MVO R0,var_DF_I
57D2   0281 011F                	MVI var_DF_LEN,R1
57D4   0011                     	DECR R1
57D5   0148                     	CMPR R1,R0
57D6   0226 006D                	BLE T58
                                	;[179] END
                                	SRCFILE "texas.bas",179
57D8   02B7                     	RETURN
                                	ENDP
                                	;[180] 
                                	SRCFILE "texas.bas",180
                                	;[181] ' ---------------------------------------------------------------------------
                                	SRCFILE "texas.bas",181
                                	;[182] ' compose_url: build "N:<endpoint><path...><suffix>" directly into FN_TX.
                                	SRCFILE "texas.bas",182
                                	;[183] ' Callers set gs_path (0=tables 1=state 2=move 3=leave) and, for move,
                                	SRCFILE "texas.bas",183
                                	;[184] ' mvcode_a/mvcode_b (the 2-char move code) beforehand.
                                	SRCFILE "texas.bas",184
                                	;[185] ' ---------------------------------------------------------------------------
                                	SRCFILE "texas.bas",185
                                	;[186]     DIM gs_path
                                	SRCFILE "texas.bas",186
                                	;[187] compose_url: PROCEDURE
                                	SRCFILE "texas.bas",187
                                	; COMPOSE_URL
0x57D9                          label_COMPOSE_URL:	PROC
57D9   0275                     	BEGIN
                                	;[188]     #fn_txlen = 0
                                	SRCFILE "texas.bas",188
57DA   01C0                     	CLRR R0
57DB   0240 030E                	MVO R0,var_&FN_TXLEN
                                	;[189]     #fn_src = VARPTR lit_n_colon(0) : fn_len = 2 : GOSUB fn_putstr
                                	SRCFILE "texas.bas",189
57DD   02B8 56D1                	MVII #label_LIT_N_COLON,R0
57DF   0240 030C                	MVO R0,var_&FN_SRC
57E1   02B8 0002                	MVII #2,R0
57E3   0240 0124                	MVO R0,var_FN_LEN
57E5   0004 0150 0221           	CALL label_FN_PUTSTR
                                	;[190]     #fn_src = SC_ENDPT : ls_max = 65 : GOSUB fn_strlen : GOSUB fn_putstr
                                	SRCFILE "texas.bas",190
57E8   02B8 9110                	MVII #37136,R0
57EA   0240 030C                	MVO R0,var_&FN_SRC
57EC   02B8 0041                	MVII #65,R0
57EE   0240 013B                	MVO R0,var_LS_MAX
57F0   0004 0150 0245           	CALL label_FN_STRLEN
57F3   0004 0150 0221           	CALL label_FN_PUTSTR
                                	;[191] 
                                	SRCFILE "texas.bas",191
                                	;[192]     IF gs_path = 0 THEN
                                	SRCFILE "texas.bas",192
57F6   0280 012A                	MVI var_GS_PATH,R0
57F8   0080                     	TSTR R0
57F9   020C 0018                	BNE T68
                                	;[193]         #fn_src = VARPTR lit_tables(0) : fn_len = 6 : GOSUB fn_putstr
                                	SRCFILE "texas.bas",193
57FB   02B8 56EF                	MVII #label_LIT_TABLES,R0
57FD   0240 030C                	MVO R0,var_&FN_SRC
57FF   02B8 0006                	MVII #6,R0
5801   0240 0124                	MVO R0,var_FN_LEN
5803   0004 0150 0221           	CALL label_FN_PUTSTR
                                	;[194]         #fn_src = VARPTR lit_qbin(0) : fn_len = 6 : GOSUB fn_putstr
                                	SRCFILE "texas.bas",194
5806   02B8 5704                	MVII #label_LIT_QBIN,R0
5808   0240 030C                	MVO R0,var_&FN_SRC
580A   02B8 0006                	MVII #6,R0
580C   0240 0124                	MVO R0,var_FN_LEN
580E   0004 0150 0221           	CALL label_FN_PUTSTR
                                	;[195]     ELSE
                                	SRCFILE "texas.bas",195
5811   0200 0086                	B T69
0x5813                          T68:
                                	;[196]         IF gs_path = 1 THEN
                                	SRCFILE "texas.bas",196
5813   0280 012A                	MVI var_GS_PATH,R0
5815   0378 0001                	CMPI #1,R0
5817   020C 000D                	BNE T70
                                	;[197]             #fn_src = VARPTR lit_state(0) : fn_len = 5 : GOSUB fn_putstr
                                	SRCFILE "texas.bas",197
5819   02B8 56F5                	MVII #label_LIT_STATE,R0
581B   0240 030C                	MVO R0,var_&FN_SRC
581D   02B8 0005                	MVII #5,R0
581F   0240 0124                	MVO R0,var_FN_LEN
5821   0004 0150 0221           	CALL label_FN_PUTSTR
                                	;[198]         ELSEIF gs_path = 2 THEN
                                	SRCFILE "texas.bas",198
5824   0200 0036                	B T71
0x5826                          T70:
5826   0280 012A                	MVI var_GS_PATH,R0
5828   0378 0002                	CMPI #2,R0
582A   020C 0025                	BNE T72
                                	;[199]             #fn_src = VARPTR lit_move(0) : fn_len = 5 : GOSUB fn_putstr
                                	SRCFILE "texas.bas",199
582C   02B8 56FA                	MVII #label_LIT_MOVE,R0
582E   0240 030C                	MVO R0,var_&FN_SRC
5830   02B8 0005                	MVII #5,R0
5832   0240 0124                	MVO R0,var_FN_LEN
5834   0004 0150 0221           	CALL label_FN_PUTSTR
                                	;[200]             POKE (FN_TX + #fn_txlen), mvcode_a : #fn_txlen = #fn_txlen + 1
                                	SRCFILE "texas.bas",200
5837   0280 0141                	MVI var_MVCODE_A,R0
5839   0281 030E                	MVI var_&FN_TXLEN,R1
583B   02F9 9C40                	ADDI #40000,R1
583D   0248                     	MVO@ R0,R1
583E   0280 030E                	MVI var_&FN_TXLEN,R0
5840   0008                     	INCR R0
5841   0240 030E                	MVO R0,var_&FN_TXLEN
                                	;[201]             POKE (FN_TX + #fn_txlen), mvcode_b : #fn_txlen = #fn_txlen + 1
                                	SRCFILE "texas.bas",201
5843   0280 0142                	MVI var_MVCODE_B,R0
5845   0281 030E                	MVI var_&FN_TXLEN,R1
5847   02F9 9C40                	ADDI #40000,R1
5849   0248                     	MVO@ R0,R1
584A   0280 030E                	MVI var_&FN_TXLEN,R0
584C   0008                     	INCR R0
584D   0240 030E                	MVO R0,var_&FN_TXLEN
                                	;[202]         ELSE
                                	SRCFILE "texas.bas",202
584F   0200 000B                	B T71
0x5851                          T72:
                                	;[203]             #fn_src = VARPTR lit_leave(0) : fn_len = 5 : GOSUB fn_putstr
                                	SRCFILE "texas.bas",203
5851   02B8 56FF                	MVII #label_LIT_LEAVE,R0
5853   0240 030C                	MVO R0,var_&FN_SRC
5855   02B8 0005                	MVII #5,R0
5857   0240 0124                	MVO R0,var_FN_LEN
5859   0004 0150 0221           	CALL label_FN_PUTSTR
                                	;[204]         END IF
                                	SRCFILE "texas.bas",204
0x585C                          T71:
                                	;[205] 
                                	SRCFILE "texas.bas",205
                                	;[206]         #fn_src = VARPTR lit_qtable(0) : fn_len = 7 : GOSUB fn_putstr
                                	SRCFILE "texas.bas",206
585C   02B8 5710                	MVII #label_LIT_QTABLE,R0
585E   0240 030C                	MVO R0,var_&FN_SRC
5860   02B8 0007                	MVII #7,R0
5862   0240 0124                	MVO R0,var_FN_LEN
5864   0004 0150 0221           	CALL label_FN_PUTSTR
                                	;[207]         #fn_src = SC_TABLE : ls_max = 9 : GOSUB fn_strlen : GOSUB fn_putstr   ' table id, NUL-terminated within its 9-byte field
                                	SRCFILE "texas.bas",207
5867   02B8 9180                	MVII #37248,R0
5869   0240 030C                	MVO R0,var_&FN_SRC
586B   02B8 0009                	MVII #9,R0
586D   0240 013B                	MVO R0,var_LS_MAX
586F   0004 0150 0245           	CALL label_FN_STRLEN
5872   0004 0150 0221           	CALL label_FN_PUTSTR
                                	;[208]         #fn_src = VARPTR lit_aplayer(0) : fn_len = 8 : GOSUB fn_putstr
                                	SRCFILE "texas.bas",208
5875   02B8 5717                	MVII #label_LIT_APLAYER,R0
5877   0240 030C                	MVO R0,var_&FN_SRC
5879   02B8 0008                	MVII #8,R0
587B   0240 0124                	MVO R0,var_FN_LEN
587D   0004 0150 0221           	CALL label_FN_PUTSTR
                                	;[209]         #fn_src = SC_NAME : ls_max = 9 : GOSUB fn_strlen : GOSUB fn_putstr    ' player name, likewise
                                	SRCFILE "texas.bas",209
5880   02B8 9100                	MVII #37120,R0
5882   0240 030C                	MVO R0,var_&FN_SRC
5884   02B8 0009                	MVII #9,R0
5886   0240 013B                	MVO R0,var_LS_MAX
5888   0004 0150 0245           	CALL label_FN_STRLEN
588B   0004 0150 0221           	CALL label_FN_PUTSTR
                                	;[210]         #fn_src = VARPTR lit_abin(0) : fn_len = 6 : GOSUB fn_putstr
                                	SRCFILE "texas.bas",210
588E   02B8 570A                	MVII #label_LIT_ABIN,R0
5890   0240 030C                	MVO R0,var_&FN_SRC
5892   02B8 0006                	MVII #6,R0
5894   0240 0124                	MVO R0,var_FN_LEN
5896   0004 0150 0221           	CALL label_FN_PUTSTR
                                	;[211]     END IF
                                	SRCFILE "texas.bas",211
0x5899                          T69:
                                	;[212] END
                                	SRCFILE "texas.bas",212
5899   02B7                     	RETURN
                                	ENDP
                                	;[213] 
                                	SRCFILE "texas.bas",213
                                	;[214] ' ---------------------------------------------------------------------------
                                	SRCFILE "texas.bas",214
                                	;[215] ' split_room_url: given a lobby-supplied "https://host/?table=xyz" value
                                	SRCFILE "texas.bas",215
                                	;[216] ' already sitting in SC_ENDPT with its length in fn_len (as left by
                                	SRCFILE "texas.bas",216
                                	;[217] ' appkey_read), split it into the bare endpoint (SC_ENDPT, truncated at
                                	SRCFILE "texas.bas",217
                                	;[218] ' the '?') and the table id (SC_TABLE). Mirrors the C clients'
                                	SRCFILE "texas.bas",218
                                	;[219] ' welcomeActionVerifyServerDetails() '?' scan. Leaves SC_TABLE empty (a
                                	SRCFILE "texas.bas",219
                                	;[220] ' leading NUL) if there's no '?', the query isn't "table=...", or the id
                                	SRCFILE "texas.bas",220
                                	;[221] ' contains anything other than A-Z/a-z/0-9 -- it goes straight into a
                                	SRCFILE "texas.bas",221
                                	;[222] ' rebuilt query string unescaped, same reasoning as the username check
                                	SRCFILE "texas.bas",222
                                	;[223] ' above.
                                	SRCFILE "texas.bas",223
                                	;[224] ' ---------------------------------------------------------------------------
                                	SRCFILE "texas.bas",224
                                	;[225] split_room_url: PROCEDURE
                                	SRCFILE "texas.bas",225
                                	; SPLIT_ROOM_URL
0x589A                          label_SPLIT_ROOM_URL:	PROC
589A   0275                     	BEGIN
                                	;[226]     POKE SC_TABLE, 0
                                	SRCFILE "texas.bas",226
589B   01C0                     	CLRR R0
589C   0240 9180                	MVO R0,37248
                                	;[227] 
                                	SRCFILE "texas.bas",227
                                	;[228]     sp_found = 255 ' sentinel: not found (mirrors st_boot.bas's bt_slash convention)
                                	SRCFILE "texas.bas",228
589E   02B8 00FF                	MVII #255,R0
58A0   0240 015C                	MVO R0,var_SP_FOUND
                                	;[229]     sp_i = 0
                                	SRCFILE "texas.bas",229
58A2   01C0                     	CLRR R0
58A3   0240 015D                	MVO R0,var_SP_I
                                	;[230]     WHILE sp_i < fn_len
                                	SRCFILE "texas.bas",230
0x58A5                          T73:
58A5   0280 015D                	MVI var_SP_I,R0
58A7   0340 0124                	CMP var_FN_LEN,R0
58A9   020D 0017                	BGE T74
                                	;[231]         IF (PEEK(SC_ENDPT + sp_i) AND 255) = 63 THEN ' '?'
                                	SRCFILE "texas.bas",231
58AB   0081                     	MOVR R0,R1
58AC   02F9 9110                	ADDI #37136,R1
58AE   0288                     	MVI@ R1,R0
58AF   03B8 00FF                	ANDI #255,R0
58B1   0378 003F                	CMPI #63,R0
58B3   020C 0006                	BNE T75
                                	;[232]             sp_found = sp_i
                                	SRCFILE "texas.bas",232
58B5   0280 015D                	MVI var_SP_I,R0
58B7   0240 015C                	MVO R0,var_SP_FOUND
                                	;[233]             EXIT WHILE
                                	SRCFILE "texas.bas",233
58B9   0200 0007                	B T74
                                	;[234]         END IF
                                	SRCFILE "texas.bas",234
0x58BB                          T75:
                                	;[235]         sp_i = sp_i + 1
                                	SRCFILE "texas.bas",235
58BB   0280 015D                	MVI var_SP_I,R0
58BD   0008                     	INCR R0
58BE   0240 015D                	MVO R0,var_SP_I
                                	;[236]     WEND
                                	SRCFILE "texas.bas",236
58C0   0220 001C                	B T73
0x58C2                          T74:
                                	;[237]     IF sp_found = 255 THEN RETURN
                                	SRCFILE "texas.bas",237
58C2   0280 015C                	MVI var_SP_FOUND,R0
58C4   0378 00FF                	CMPI #255,R0
58C6   020C 0001                	BNE T76
58C8   02B7                     	RETURN
0x58C9                          T76:
                                	;[238] 
                                	SRCFILE "texas.bas",238
                                	;[239]     ' Truncate the endpoint at the '?' regardless of what follows.
                                	SRCFILE "texas.bas",239
                                	;[240]     POKE (SC_ENDPT + sp_found), 0
                                	SRCFILE "texas.bas",240
58C9   01C0                     	CLRR R0
58CA   0281 015C                	MVI var_SP_FOUND,R1
58CC   02F9 9110                	ADDI #37136,R1
58CE   0248                     	MVO@ R0,R1
                                	;[241] 
                                	SRCFILE "texas.bas",241
                                	;[242]     ' Require "table=" (6 bytes) right after the '?'.
                                	SRCFILE "texas.bas",242
                                	;[243]     sp_ok = 0
                                	SRCFILE "texas.bas",243
58CF   0240 0161                	MVO R0,var_SP_OK
                                	;[244]     IF sp_found + 7 <= fn_len THEN
                                	SRCFILE "texas.bas",244
58D1   0280 015C                	MVI var_SP_FOUND,R0
58D3   02F8 0007                	ADDI #7,R0
58D5   0340 0124                	CMP var_FN_LEN,R0
58D7   020E 0058                	BGT T77
                                	;[245]         sp_ok = 1
                                	SRCFILE "texas.bas",245
58D9   02B8 0001                	MVII #1,R0
58DB   0240 0161                	MVO R0,var_SP_OK
                                	;[246]         IF (PEEK(SC_ENDPT + sp_found + 1) AND 255) <> 116 THEN sp_ok = 0 ' t
                                	SRCFILE "texas.bas",246
58DD   0281 015C                	MVI var_SP_FOUND,R1
58DF   02F9 9111                	ADDI #37137,R1
58E1   0288                     	MVI@ R1,R0
58E2   03B8 00FF                	ANDI #255,R0
58E4   0378 0074                	CMPI #116,R0
58E6   0204 0003                	BEQ T78
58E8   01C0                     	CLRR R0
58E9   0240 0161                	MVO R0,var_SP_OK
0x58EB                          T78:
                                	;[247]         IF (PEEK(SC_ENDPT + sp_found + 2) AND 255) <> 97  THEN sp_ok = 0 ' a
                                	SRCFILE "texas.bas",247
58EB   0281 015C                	MVI var_SP_FOUND,R1
58ED   02F9 9112                	ADDI #37138,R1
58EF   0288                     	MVI@ R1,R0
58F0   03B8 00FF                	ANDI #255,R0
58F2   0378 0061                	CMPI #97,R0
58F4   0204 0003                	BEQ T79
58F6   01C0                     	CLRR R0
58F7   0240 0161                	MVO R0,var_SP_OK
0x58F9                          T79:
                                	;[248]         IF (PEEK(SC_ENDPT + sp_found + 3) AND 255) <> 98  THEN sp_ok = 0 ' b
                                	SRCFILE "texas.bas",248
58F9   0281 015C                	MVI var_SP_FOUND,R1
58FB   02F9 9113                	ADDI #37139,R1
58FD   0288                     	MVI@ R1,R0
58FE   03B8 00FF                	ANDI #255,R0
5900   0378 0062                	CMPI #98,R0
5902   0204 0003                	BEQ T80
5904   01C0                     	CLRR R0
5905   0240 0161                	MVO R0,var_SP_OK
0x5907                          T80:
                                	;[249]         IF (PEEK(SC_ENDPT + sp_found + 4) AND 255) <> 108 THEN sp_ok = 0 ' l
                                	SRCFILE "texas.bas",249
5907   0281 015C                	MVI var_SP_FOUND,R1
5909   02F9 9114                	ADDI #37140,R1
590B   0288                     	MVI@ R1,R0
590C   03B8 00FF                	ANDI #255,R0
590E   0378 006C                	CMPI #108,R0
5910   0204 0003                	BEQ T81
5912   01C0                     	CLRR R0
5913   0240 0161                	MVO R0,var_SP_OK
0x5915                          T81:
                                	;[250]         IF (PEEK(SC_ENDPT + sp_found + 5) AND 255) <> 101 THEN sp_ok = 0 ' e
                                	SRCFILE "texas.bas",250
5915   0281 015C                	MVI var_SP_FOUND,R1
5917   02F9 9115                	ADDI #37141,R1
5919   0288                     	MVI@ R1,R0
591A   03B8 00FF                	ANDI #255,R0
591C   0378 0065                	CMPI #101,R0
591E   0204 0003                	BEQ T82
5920   01C0                     	CLRR R0
5921   0240 0161                	MVO R0,var_SP_OK
0x5923                          T82:
                                	;[251]         IF (PEEK(SC_ENDPT + sp_found + 6) AND 255) <> 61  THEN sp_ok = 0 ' =
                                	SRCFILE "texas.bas",251
5923   0281 015C                	MVI var_SP_FOUND,R1
5925   02F9 9116                	ADDI #37142,R1
5927   0288                     	MVI@ R1,R0
5928   03B8 00FF                	ANDI #255,R0
592A   0378 003D                	CMPI #61,R0
592C   0204 0003                	BEQ T83
592E   01C0                     	CLRR R0
592F   0240 0161                	MVO R0,var_SP_OK
0x5931                          T83:
                                	;[252]     END IF
                                	SRCFILE "texas.bas",252
0x5931                          T77:
                                	;[253]     IF sp_ok = 0 THEN RETURN
                                	SRCFILE "texas.bas",253
5931   0280 0161                	MVI var_SP_OK,R0
5933   0080                     	TSTR R0
5934   020C 0001                	BNE T84
5936   02B7                     	RETURN
0x5937                          T84:
                                	;[254] 
                                	SRCFILE "texas.bas",254
                                	;[255]     ' Copy the id: up to 8 bytes, stopping at NUL or '&'.
                                	SRCFILE "texas.bas",255
                                	;[256]     sp_j = sp_found + 7
                                	SRCFILE "texas.bas",256
5937   0280 015C                	MVI var_SP_FOUND,R0
5939   02F8 0007                	ADDI #7,R0
593B   0240 015E                	MVO R0,var_SP_J
                                	;[257]     sp_k = 0
                                	SRCFILE "texas.bas",257
593D   01C0                     	CLRR R0
593E   0240 015F                	MVO R0,var_SP_K
                                	;[258]     WHILE sp_k < 8 AND sp_j < fn_len
                                	SRCFILE "texas.bas",258
0x5940                          T85:
5940   0280 015F                	MVI var_SP_K,R0
5942   0378 0008                	CMPI #8,R0
5944   02B8 FFFF                	MVII #65535,R0
5946   0205 0001                	BLT T87
5948   0008                     	INCR R0
0x5949                          T87:
5949   0281 015E                	MVI var_SP_J,R1
594B   0341 0124                	CMP var_FN_LEN,R1
594D   02B9 FFFF                	MVII #65535,R1
594F   0205 0001                	BLT T88
5951   0009                     	INCR R1
0x5952                          T88:
5952   0188                     	ANDR R1,R0
5953   0204 0031                	BEQ T86
                                	;[259]         sp_c = PEEK(SC_ENDPT + sp_j) AND 255
                                	SRCFILE "texas.bas",259
5955   0281 015E                	MVI var_SP_J,R1
5957   02F9 9110                	ADDI #37136,R1
5959   0288                     	MVI@ R1,R0
595A   0240 015B                	MVO R0,var_SP_C
                                	;[260]         IF sp_c = 0 OR sp_c = 38 THEN EXIT WHILE ' NUL or '&'
                                	SRCFILE "texas.bas",260
595C   0280 015B                	MVI var_SP_C,R0
595E   0080                     	TSTR R0
595F   02B8 FFFF                	MVII #65535,R0
5961   0204 0001                	BEQ T90
5963   0008                     	INCR R0
0x5964                          T90:
5964   0281 015B                	MVI var_SP_C,R1
5966   0379 0026                	CMPI #38,R1
5968   02B9 FFFF                	MVII #65535,R1
596A   0204 0001                	BEQ T91
596C   0009                     	INCR R1
0x596D                          T91:
596D   0019                     	COMR R1
596E   0188                     	ANDR R1,R0
596F   0019                     	COMR R1
5970   01C8                     	XORR R1,R0
5971   020C 0013                	BNE T86
                                	;[261]         POKE (SC_TABLE + sp_k), sp_c
                                	SRCFILE "texas.bas",261
5973   0280 015B                	MVI var_SP_C,R0
5975   0281 015F                	MVI var_SP_K,R1
5977   02F9 9180                	ADDI #37248,R1
5979   0248                     	MVO@ R0,R1
                                	;[262]         sp_k = sp_k + 1
                                	SRCFILE "texas.bas",262
597A   0280 015F                	MVI var_SP_K,R0
597C   0008                     	INCR R0
597D   0240 015F                	MVO R0,var_SP_K
                                	;[263]         sp_j = sp_j + 1
                                	SRCFILE "texas.bas",263
597F   0280 015E                	MVI var_SP_J,R0
5981   0008                     	INCR R0
5982   0240 015E                	MVO R0,var_SP_J
                                	;[264]     WEND
                                	SRCFILE "texas.bas",264
5984   0220 0045                	B T85
0x5986                          T86:
                                	;[265]     POKE (SC_TABLE + sp_k), 0
                                	SRCFILE "texas.bas",265
5986   01C0                     	CLRR R0
5987   0281 015F                	MVI var_SP_K,R1
5989   02F9 9180                	ADDI #37248,R1
598B   0248                     	MVO@ R0,R1
                                	;[266] 
                                	SRCFILE "texas.bas",266
                                	;[267]     ' Validate: A-Z/a-z/0-9 only.
                                	SRCFILE "texas.bas",267
                                	;[268]     sp_valid = 1
                                	SRCFILE "texas.bas",268
598C   02B8 0001                	MVII #1,R0
598E   0240 0162                	MVO R0,var_SP_VALID
                                	;[269]     FOR sp_m = 0 TO sp_k - 1
                                	SRCFILE "texas.bas",269
5990   01C0                     	CLRR R0
5991   0240 0160                	MVO R0,var_SP_M
0x5993                          T92:
                                	;[270]         sp_c = PEEK(SC_TABLE + sp_m) AND 255
                                	SRCFILE "texas.bas",270
5993   0281 0160                	MVI var_SP_M,R1
5995   02F9 9180                	ADDI #37248,R1
5997   0288                     	MVI@ R1,R0
5998   0240 015B                	MVO R0,var_SP_C
                                	;[271]         IF (sp_c < 65 OR sp_c > 90) AND (sp_c < 97 OR sp_c > 122) AND (sp_c < 48 OR sp_c > 57) THEN sp_valid = 0
                                	SRCFILE "texas.bas",271
599A   0280 015B                	MVI var_SP_C,R0
599C   0378 0041                	CMPI #65,R0
599E   02B8 FFFF                	MVII #65535,R0
59A0   0205 0001                	BLT T94
59A2   0008                     	INCR R0
0x59A3                          T94:
59A3   0281 015B                	MVI var_SP_C,R1
59A5   0379 005A                	CMPI #90,R1
59A7   02B9 FFFF                	MVII #65535,R1
59A9   020E 0001                	BGT T95
59AB   0009                     	INCR R1
0x59AC                          T95:
59AC   0019                     	COMR R1
59AD   0188                     	ANDR R1,R0
59AE   0019                     	COMR R1
59AF   01C8                     	XORR R1,R0
59B0   0281 015B                	MVI var_SP_C,R1
59B2   0379 0061                	CMPI #97,R1
59B4   02B9 FFFF                	MVII #65535,R1
59B6   0205 0001                	BLT T96
59B8   0009                     	INCR R1
0x59B9                          T96:
59B9   0282 015B                	MVI var_SP_C,R2
59BB   037A 007A                	CMPI #122,R2
59BD   02BA FFFF                	MVII #65535,R2
59BF   020E 0001                	BGT T97
59C1   000A                     	INCR R2
0x59C2                          T97:
59C2   001A                     	COMR R2
59C3   0191                     	ANDR R2,R1
59C4   001A                     	COMR R2
59C5   01D1                     	XORR R2,R1
59C6   0188                     	ANDR R1,R0
59C7   0281 015B                	MVI var_SP_C,R1
59C9   0379 0030                	CMPI #48,R1
59CB   02B9 FFFF                	MVII #65535,R1
59CD   0205 0001                	BLT T98
59CF   0009                     	INCR R1
0x59D0                          T98:
59D0   0282 015B                	MVI var_SP_C,R2
59D2   037A 0039                	CMPI #57,R2
59D4   02BA FFFF                	MVII #65535,R2
59D6   020E 0001                	BGT T99
59D8   000A                     	INCR R2
0x59D9                          T99:
59D9   001A                     	COMR R2
59DA   0191                     	ANDR R2,R1
59DB   001A                     	COMR R2
59DC   01D1                     	XORR R2,R1
59DD   0188                     	ANDR R1,R0
59DE   0204 0003                	BEQ T93
59E0   01C0                     	CLRR R0
59E1   0240 0162                	MVO R0,var_SP_VALID
0x59E3                          T93:
                                	;[272]     NEXT sp_m
                                	SRCFILE "texas.bas",272
59E3   0280 0160                	MVI var_SP_M,R0
59E5   0008                     	INCR R0
59E6   0240 0160                	MVO R0,var_SP_M
59E8   0281 015F                	MVI var_SP_K,R1
59EA   0011                     	DECR R1
59EB   0148                     	CMPR R1,R0
59EC   0226 005A                	BLE T92
                                	;[273]     IF sp_valid = 0 THEN POKE SC_TABLE, 0
                                	SRCFILE "texas.bas",273
59EE   0280 0162                	MVI var_SP_VALID,R0
59F0   0080                     	TSTR R0
59F1   020C 0002                	BNE T100
59F3   0240 9180                	MVO R0,37248
0x59F5                          T100:
                                	;[274] END
                                	SRCFILE "texas.bas",274
59F5   02B7                     	RETURN
                                	ENDP
                                	;[275] 
                                	SRCFILE "texas.bas",275
                                	;[276] ' ---------------------------------------------------------------------------
                                	SRCFILE "texas.bas",276
                                	;[277] ' write_room_appkey: persist SC_ENDPT + "?table=" + SC_TABLE back to the
                                	SRCFILE "texas.bas",277
                                	;[278] ' lobby server appkey slot, so a reboot without going back through the
                                	SRCFILE "texas.bas",278
                                	;[279] ' lobby rejoins the same room (mirrors the C clients' "Update server app
                                	SRCFILE "texas.bas",279
                                	;[280] ' key in case of reboot"). Builds the payload directly in FN_TX and writes
                                	SRCFILE "texas.bas",280
                                	;[281] ' it from there -- appkey_write's byte-by-byte copy from #fn_src into
                                	SRCFILE "texas.bas",281
                                	;[282] ' FN_TX is a safe no-op when #fn_src is FN_TX itself.
                                	SRCFILE "texas.bas",282
                                	;[283] ' ---------------------------------------------------------------------------
                                	SRCFILE "texas.bas",283
                                	;[284] write_room_appkey: PROCEDURE
                                	SRCFILE "texas.bas",284
                                	; WRITE_ROOM_APPKEY
0x59F6                          label_WRITE_ROOM_APPKEY:	PROC
59F6   0275                     	BEGIN
                                	;[285]     #fn_txlen = 0
                                	SRCFILE "texas.bas",285
59F7   01C0                     	CLRR R0
59F8   0240 030E                	MVO R0,var_&FN_TXLEN
                                	;[286]     #fn_src = SC_ENDPT : ls_max = 65 : GOSUB fn_strlen : GOSUB fn_putstr
                                	SRCFILE "texas.bas",286
59FA   02B8 9110                	MVII #37136,R0
59FC   0240 030C                	MVO R0,var_&FN_SRC
59FE   02B8 0041                	MVII #65,R0
5A00   0240 013B                	MVO R0,var_LS_MAX
5A02   0004 0150 0245           	CALL label_FN_STRLEN
5A05   0004 0150 0221           	CALL label_FN_PUTSTR
                                	;[287]     #fn_src = VARPTR lit_qtable(0) : fn_len = 7 : GOSUB fn_putstr
                                	SRCFILE "texas.bas",287
5A08   02B8 5710                	MVII #label_LIT_QTABLE,R0
5A0A   0240 030C                	MVO R0,var_&FN_SRC
5A0C   02B8 0007                	MVII #7,R0
5A0E   0240 0124                	MVO R0,var_FN_LEN
5A10   0004 0150 0221           	CALL label_FN_PUTSTR
                                	;[288]     #fn_src = SC_TABLE : ls_max = 9 : GOSUB fn_strlen : GOSUB fn_putstr
                                	SRCFILE "texas.bas",288
5A13   02B8 9180                	MVII #37248,R0
5A15   0240 030C                	MVO R0,var_&FN_SRC
5A17   02B8 0009                	MVII #9,R0
5A19   0240 013B                	MVO R0,var_LS_MAX
5A1B   0004 0150 0245           	CALL label_FN_STRLEN
5A1E   0004 0150 0221           	CALL label_FN_PUTSTR
                                	;[289] 
                                	SRCFILE "texas.bas",289
                                	;[290]     ak_creator_lo = 1 : ak_creator_hi = 0 : ak_app = 1
                                	SRCFILE "texas.bas",290
5A21   02B8 0001                	MVII #1,R0
5A23   0240 0115                	MVO R0,var_AK_CREATOR_LO
5A25   01C0                     	CLRR R0
5A26   0240 0114                	MVO R0,var_AK_CREATOR_HI
5A28   02B8 0001                	MVII #1,R0
5A2A   0240 0113                	MVO R0,var_AK_APP
                                	;[291]     ak_key = AK_LOBBY_KEY_SERVER : ak_mode = 1
                                	SRCFILE "texas.bas",291
5A2C   02B8 0008                	MVII #8,R0
5A2E   0240 0116                	MVO R0,var_AK_KEY
5A30   02B8 0001                	MVII #1,R0
5A32   0240 0117                	MVO R0,var_AK_MODE
                                	;[292]     GOSUB appkey_open
                                	SRCFILE "texas.bas",292
5A34   0004 0150 037E           	CALL label_APPKEY_OPEN
                                	;[293]     IF fn_ok THEN
                                	SRCFILE "texas.bas",293
5A37   0280 0125                	MVI var_FN_OK,R0
5A39   0080                     	TSTR R0
5A3A   0204 000E                	BEQ T101
                                	;[294]         fn_len = #fn_txlen : #fn_src = FN_TX
                                	SRCFILE "texas.bas",294
5A3C   0280 030E                	MVI var_&FN_TXLEN,R0
5A3E   0240 0124                	MVO R0,var_FN_LEN
5A40   02B8 9C40                	MVII #40000,R0
5A42   0240 030C                	MVO R0,var_&FN_SRC
                                	;[295]         GOSUB appkey_write
                                	SRCFILE "texas.bas",295
5A44   0004 0154 0000           	CALL label_APPKEY_WRITE
                                	;[296]         GOSUB appkey_close
                                	SRCFILE "texas.bas",296
5A47   0004 0154 002D           	CALL label_APPKEY_CLOSE
                                	;[297]     END IF
                                	SRCFILE "texas.bas",297
0x5A4A                          T101:
                                	;[298] END
                                	SRCFILE "texas.bas",298
5A4A   02B7                     	RETURN
                                	ENDP
                                	;[299] 
                                	SRCFILE "texas.bas",299
                                	;[300] ' ---------------------------------------------------------------------------
                                	SRCFILE "texas.bas",300
                                	;[301] ' clear_room_appkey: blank the lobby server appkey slot on a deliberate
                                	SRCFILE "texas.bas",301
                                	;[302] ' leave, so a later reboot lands on table select instead of silently
                                	SRCFILE "texas.bas",302
                                	;[303] ' rejoining a table the player just quit.
                                	SRCFILE "texas.bas",303
                                	;[304] ' ---------------------------------------------------------------------------
                                	SRCFILE "texas.bas",304
                                	;[305] clear_room_appkey: PROCEDURE
                                	SRCFILE "texas.bas",305
                                	; CLEAR_ROOM_APPKEY
0x5A4B                          label_CLEAR_ROOM_APPKEY:	PROC
5A4B   0275                     	BEGIN
                                	;[306]     ak_creator_lo = 1 : ak_creator_hi = 0 : ak_app = 1
                                	SRCFILE "texas.bas",306
5A4C   02B8 0001                	MVII #1,R0
5A4E   0240 0115                	MVO R0,var_AK_CREATOR_LO
5A50   01C0                     	CLRR R0
5A51   0240 0114                	MVO R0,var_AK_CREATOR_HI
5A53   02B8 0001                	MVII #1,R0
5A55   0240 0113                	MVO R0,var_AK_APP
                                	;[307]     ak_key = AK_LOBBY_KEY_SERVER : ak_mode = 1
                                	SRCFILE "texas.bas",307
5A57   02B8 0008                	MVII #8,R0
5A59   0240 0116                	MVO R0,var_AK_KEY
5A5B   02B8 0001                	MVII #1,R0
5A5D   0240 0117                	MVO R0,var_AK_MODE
                                	;[308]     GOSUB appkey_open
                                	SRCFILE "texas.bas",308
5A5F   0004 0150 037E           	CALL label_APPKEY_OPEN
                                	;[309]     IF fn_ok THEN
                                	SRCFILE "texas.bas",309
5A62   0280 0125                	MVI var_FN_OK,R0
5A64   0080                     	TSTR R0
5A65   0204 000D                	BEQ T102
                                	;[310]         fn_len = 0 : #fn_src = FN_TX
                                	SRCFILE "texas.bas",310
5A67   01C0                     	CLRR R0
5A68   0240 0124                	MVO R0,var_FN_LEN
5A6A   02B8 9C40                	MVII #40000,R0
5A6C   0240 030C                	MVO R0,var_&FN_SRC
                                	;[311]         GOSUB appkey_write
                                	SRCFILE "texas.bas",311
5A6E   0004 0154 0000           	CALL label_APPKEY_WRITE
                                	;[312]         GOSUB appkey_close
                                	SRCFILE "texas.bas",312
5A71   0004 0154 002D           	CALL label_APPKEY_CLOSE
                                	;[313]     END IF
                                	SRCFILE "texas.bas",313
0x5A74                          T102:
                                	;[314]     POKE SC_TABLE, 0
                                	SRCFILE "texas.bas",314
5A74   01C0                     	CLRR R0
5A75   0240 9180                	MVO R0,37248
                                	;[315] END
                                	SRCFILE "texas.bas",315
5A77   02B7                     	RETURN
                                	ENDP
                                	;[316] 
                                	SRCFILE "texas.bas",316
                                	;[317] ' ===========================================================================
                                	SRCFILE "texas.bas",317
                                	;[318] ' Boot
                                	SRCFILE "texas.bas",318
                                	;[319] ' ===========================================================================
                                	SRCFILE "texas.bas",319
                                	;[320] boot_start:
                                	SRCFILE "texas.bas",320
                                	; BOOT_START
0x5A78                          label_BOOT_START:	;[321]     MODE 1
                                	SRCFILE "texas.bas",321
5A78   02B8 0003                	MVII #3,R0
5A7A   0240 0109                	MVO R0,_mode_select
                                	;[322]     CLS
                                	SRCFILE "texas.bas",322
5A7C   0004 0150 0014           	CALL CLRSCR
                                	;[323]     GOSUB fill_bg
                                	SRCFILE "texas.bas",323
5A7F   0004 0154 034F           	CALL label_FILL_BG
                                	;[324]     GOSUB gfx_init
                                	SRCFILE "texas.bas",324
5A82   0004 0154 003F           	CALL label_GFX_INIT
                                	;[325] 
                                	SRCFILE "texas.bas",325
                                	;[326]     PRINT AT 0 COLOR COL_STATUS, "TEXAS HOLDEM"
                                	SRCFILE "texas.bas",326
5A85   02B8 0200                	MVII #512,R0
5A87   0240 033E                	MVO R0,_screen
5A89   02B8 0007                	MVII #7,R0
5A8B   0240 033F                	MVO R0,_color
5A8D   0284 033E                	MVI _screen,R4
5A8F   02B8 01A0                	MVII #416,R0
5A91   03C0 033F                	XOR _color,R0
5A93   0260                     	MVO@ R0,R4
5A94   03F8 0088                	XORI #136,R0
5A96   0260                     	MVO@ R0,R4
5A97   03F8 00E8                	XORI #232,R0
5A99   0260                     	MVO@ R0,R4
5A9A   03F8 00C8                	XORI #200,R0
5A9C   0260                     	MVO@ R0,R4
5A9D   03F8 0090                	XORI #144,R0
5A9F   0260                     	MVO@ R0,R4
5AA0   03F8 0198                	XORI #408,R0
5AA2   0260                     	MVO@ R0,R4
5AA3   03F8 0140                	XORI #320,R0
5AA5   0260                     	MVO@ R0,R4
5AA6   03F8 0038                	XORI #56,R0
5AA8   0260                     	MVO@ R0,R4
5AA9   03F8 0018                	XORI #24,R0
5AAB   0260                     	MVO@ R0,R4
5AAC   03F8 0040                	XORI #64,R0
5AAE   0260                     	MVO@ R0,R4
5AAF   03F8 0008                	XORI #8,R0
5AB1   0260                     	MVO@ R0,R4
5AB2   03F8 0040                	XORI #64,R0
5AB4   0260                     	MVO@ R0,R4
5AB5   0244 033E                	MVO R4,_screen
                                	;[327]     PRINT AT 20, "IN GAME, PRESS KEYPAD"
                                	SRCFILE "texas.bas",327
5AB7   02B8 0214                	MVII #532,R0
5AB9   0240 033E                	MVO R0,_screen
5ABB   0084                     	MOVR R0,R4
5ABC   02B8 0148                	MVII #328,R0
5ABE   03C0 033F                	XOR _color,R0
5AC0   0260                     	MVO@ R0,R4
5AC1   03F8 0038                	XORI #56,R0
5AC3   0260                     	MVO@ R0,R4
5AC4   03F8 0170                	XORI #368,R0
5AC6   0260                     	MVO@ R0,R4
5AC7   03F8 0138                	XORI #312,R0
5AC9   0260                     	MVO@ R0,R4
5ACA   03F8 0030                	XORI #48,R0
5ACC   0260                     	MVO@ R0,R4
5ACD   03F8 0060                	XORI #96,R0
5ACF   0260                     	MVO@ R0,R4
5AD0   03F8 0040                	XORI #64,R0
5AD2   0260                     	MVO@ R0,R4
5AD3   03F8 0148                	XORI #328,R0
5AD5   0260                     	MVO@ R0,R4
5AD6   03F8 0060                	XORI #96,R0
5AD8   0260                     	MVO@ R0,R4
5AD9   03F8 0180                	XORI #384,R0
5ADB   0260                     	MVO@ R0,R4
5ADC   03F8 0010                	XORI #16,R0
5ADE   0260                     	MVO@ R0,R4
5ADF   03F8 00B8                	XORI #184,R0
5AE1   0260                     	MVO@ R0,R4
5AE2   03F8 00B0                	XORI #176,R0
5AE4   0260                     	MVO@ R0,R4
5AE5   0260                     	MVO@ R0,R4
5AE6   03F8 0198                	XORI #408,R0
5AE8   0260                     	MVO@ R0,R4
5AE9   03F8 0158                	XORI #344,R0
5AEB   0260                     	MVO@ R0,R4
5AEC   03F8 0070                	XORI #112,R0
5AEE   0260                     	MVO@ R0,R4
5AEF   03F8 00E0                	XORI #224,R0
5AF1   0260                     	MVO@ R0,R4
5AF2   03F8 0048                	XORI #72,R0
5AF4   0260                     	MVO@ R0,R4
5AF5   03F8 0088                	XORI #136,R0
5AF7   0260                     	MVO@ R0,R4
5AF8   03F8 0028                	XORI #40,R0
5AFA   0260                     	MVO@ R0,R4
5AFB   0244 033E                	MVO R4,_screen
                                	;[328]     PRINT AT 40, "CLEAR FOR THE MENU"
                                	SRCFILE "texas.bas",328
5AFD   02B8 0228                	MVII #552,R0
5AFF   0240 033E                	MVO R0,_screen
5B01   0084                     	MOVR R0,R4
5B02   02B8 0118                	MVII #280,R0
5B04   03C0 033F                	XOR _color,R0
5B06   0260                     	MVO@ R0,R4
5B07   03F8 0078                	XORI #120,R0
5B09   0260                     	MVO@ R0,R4
5B0A   03F8 0048                	XORI #72,R0
5B0C   0260                     	MVO@ R0,R4
5B0D   03F8 0020                	XORI #32,R0
5B0F   0260                     	MVO@ R0,R4
5B10   03F8 0098                	XORI #152,R0
5B12   0260                     	MVO@ R0,R4
5B13   03F8 0190                	XORI #400,R0
5B15   0260                     	MVO@ R0,R4
5B16   03F8 0130                	XORI #304,R0
5B18   0260                     	MVO@ R0,R4
5B19   03F8 0048                	XORI #72,R0
5B1B   0260                     	MVO@ R0,R4
5B1C   03F8 00E8                	XORI #232,R0
5B1E   0260                     	MVO@ R0,R4
5B1F   03F8 0190                	XORI #400,R0
5B21   0260                     	MVO@ R0,R4
5B22   03F8 01A0                	XORI #416,R0
5B24   0260                     	MVO@ R0,R4
5B25   03F8 00E0                	XORI #224,R0
5B27   0260                     	MVO@ R0,R4
5B28   03F8 0068                	XORI #104,R0
5B2A   0260                     	MVO@ R0,R4
5B2B   03F8 0128                	XORI #296,R0
5B2D   0260                     	MVO@ R0,R4
5B2E   03F8 0168                	XORI #360,R0
5B30   0260                     	MVO@ R0,R4
5B31   03F8 0040                	XORI #64,R0
5B33   0260                     	MVO@ R0,R4
5B34   03F8 0058                	XORI #88,R0
5B36   0260                     	MVO@ R0,R4
5B37   03F8 00D8                	XORI #216,R0
5B39   0260                     	MVO@ R0,R4
5B3A   0244 033E                	MVO R4,_screen
                                	;[329]     PRINT AT 60, "CONNECTING TO FUJINET"
                                	SRCFILE "texas.bas",329
5B3C   02B8 023C                	MVII #572,R0
5B3E   0240 033E                	MVO R0,_screen
5B40   0084                     	MOVR R0,R4
5B41   02B8 0118                	MVII #280,R0
5B43   03C0 033F                	XOR _color,R0
5B45   0260                     	MVO@ R0,R4
5B46   03F8 0060                	XORI #96,R0
5B48   0260                     	MVO@ R0,R4
5B49   03F8 0008                	XORI #8,R0
5B4B   0260                     	MVO@ R0,R4
5B4C   0260                     	MVO@ R0,R4
5B4D   03F8 0058                	XORI #88,R0
5B4F   0260                     	MVO@ R0,R4
5B50   03F8 0030                	XORI #48,R0
5B52   0260                     	MVO@ R0,R4
5B53   03F8 00B8                	XORI #184,R0
5B55   0260                     	MVO@ R0,R4
5B56   03F8 00E8                	XORI #232,R0
5B58   0260                     	MVO@ R0,R4
5B59   03F8 0038                	XORI #56,R0
5B5B   0260                     	MVO@ R0,R4
5B5C   03F8 0048                	XORI #72,R0
5B5E   0260                     	MVO@ R0,R4
5B5F   03F8 0138                	XORI #312,R0
5B61   0260                     	MVO@ R0,R4
5B62   03F8 01A0                	XORI #416,R0
5B64   0260                     	MVO@ R0,R4
5B65   03F8 00D8                	XORI #216,R0
5B67   0260                     	MVO@ R0,R4
5B68   03F8 0178                	XORI #376,R0
5B6A   0260                     	MVO@ R0,R4
5B6B   03F8 0130                	XORI #304,R0
5B6D   0260                     	MVO@ R0,R4
5B6E   03F8 0098                	XORI #152,R0
5B70   0260                     	MVO@ R0,R4
5B71   03F8 00F8                	XORI #248,R0
5B73   0260                     	MVO@ R0,R4
5B74   03F8 0018                	XORI #24,R0
5B76   0260                     	MVO@ R0,R4
5B77   03F8 0038                	XORI #56,R0
5B79   0260                     	MVO@ R0,R4
5B7A   03F8 0058                	XORI #88,R0
5B7C   0260                     	MVO@ R0,R4
5B7D   03F8 0088                	XORI #136,R0
5B7F   0260                     	MVO@ R0,R4
5B80   0244 033E                	MVO R4,_screen
                                	;[330]     GOSUB fn_wait_mailbox
                                	SRCFILE "texas.bas",330
5B82   0004 0150 0149           	CALL label_FN_WAIT_MAILBOX
                                	;[331]     IF fn_ok = 0 THEN
                                	SRCFILE "texas.bas",331
5B85   0280 0125                	MVI var_FN_OK,R0
5B87   0080                     	TSTR R0
5B88   020C 0047                	BNE T103
                                	;[332]         PRINT AT 60, "NO CARTRIDGE MAILBOX"
                                	SRCFILE "texas.bas",332
5B8A   02B8 023C                	MVII #572,R0
5B8C   0240 033E                	MVO R0,_screen
5B8E   0084                     	MOVR R0,R4
5B8F   02B8 0170                	MVII #368,R0
5B91   03C0 033F                	XOR _color,R0
5B93   0260                     	MVO@ R0,R4
5B94   03F8 0008                	XORI #8,R0
5B96   0260                     	MVO@ R0,R4
5B97   03F8 0178                	XORI #376,R0
5B99   0260                     	MVO@ R0,R4
5B9A   03F8 0118                	XORI #280,R0
5B9C   0260                     	MVO@ R0,R4
5B9D   03F8 0010                	XORI #16,R0
5B9F   0260                     	MVO@ R0,R4
5BA0   03F8 0098                	XORI #152,R0
5BA2   0260                     	MVO@ R0,R4
5BA3   03F8 0030                	XORI #48,R0
5BA5   0260                     	MVO@ R0,R4
5BA6   03F8 0030                	XORI #48,R0
5BA8   0260                     	MVO@ R0,R4
5BA9   03F8 00D8                	XORI #216,R0
5BAB   0260                     	MVO@ R0,R4
5BAC   03F8 0068                	XORI #104,R0
5BAE   0260                     	MVO@ R0,R4
5BAF   03F8 0018                	XORI #24,R0
5BB1   0260                     	MVO@ R0,R4
5BB2   03F8 0010                	XORI #16,R0
5BB4   0260                     	MVO@ R0,R4
5BB5   03F8 0128                	XORI #296,R0
5BB7   0260                     	MVO@ R0,R4
5BB8   03F8 0168                	XORI #360,R0
5BBA   0260                     	MVO@ R0,R4
5BBB   03F8 0060                	XORI #96,R0
5BBD   0260                     	MVO@ R0,R4
5BBE   03F8 0040                	XORI #64,R0
5BC0   0260                     	MVO@ R0,R4
5BC1   03F8 0028                	XORI #40,R0
5BC3   0260                     	MVO@ R0,R4
5BC4   03F8 0070                	XORI #112,R0
5BC6   0260                     	MVO@ R0,R4
5BC7   03F8 0068                	XORI #104,R0
5BC9   0260                     	MVO@ R0,R4
5BCA   03F8 00B8                	XORI #184,R0
5BCC   0260                     	MVO@ R0,R4
5BCD   0244 033E                	MVO R4,_screen
                                	;[333]         GOTO halt
                                	SRCFILE "texas.bas",333
5BCF   0200 101C                	B label_HALT
                                	;[334]     END IF
                                	SRCFILE "texas.bas",334
0x5BD1                          T103:
                                	;[335] 
                                	SRCFILE "texas.bas",335
                                	;[336] ' ---------------------------------------------------------------------------
                                	SRCFILE "texas.bas",336
                                	;[337] ' Name: try the lobby appkey first; fall back to the disc letter picker if
                                	SRCFILE "texas.bas",337
                                	;[338] ' the transaction fails or the stored name is empty.
                                	SRCFILE "texas.bas",338
                                	;[339] ' ---------------------------------------------------------------------------
                                	SRCFILE "texas.bas",339
                                	;[340]     ' Every other network call in this game gets an implicit retry via the
                                	SRCFILE "texas.bas",340
                                	;[341]     ' outer poll loop; this one-shot boot-time appkey read didn't, so a
                                	SRCFILE "texas.bas",341
                                	;[342]     ' single cold-connection timeout (the RP2040/ESP32 link needing a
                                	SRCFILE "texas.bas",342
                                	;[343]     ' moment right after the mailbox first comes up -- the same thing
                                	SRCFILE "texas.bas",343
                                	;[344]     ' that made the very first transaction after boot occasionally time
                                	SRCFILE "texas.bas",344
                                	;[345]     ' out earlier in testing) meant falling back to manual name entry for
                                	SRCFILE "texas.bas",345
                                	;[346]     ' the whole session even though a name was genuinely stored. Retry
                                	SRCFILE "texas.bas",346
                                	;[347]     ' once before giving up.
                                	SRCFILE "texas.bas",347
                                	;[348]     gs_i = 0
                                	SRCFILE "texas.bas",348
5BD1   01C0                     	CLRR R0
5BD2   0240 0128                	MVO R0,var_GS_I
                                	;[349]     FOR ak_try = 0 TO 1
                                	SRCFILE "texas.bas",349
5BD4   0240 0118                	MVO R0,var_AK_TRY
0x5BD6                          T104:
                                	;[350]         ak_creator_lo = 1 : ak_creator_hi = 0 : ak_app = 1 : ak_key = 0 : ak_mode = 0
                                	SRCFILE "texas.bas",350
5BD6   02B8 0001                	MVII #1,R0
5BD8   0240 0115                	MVO R0,var_AK_CREATOR_LO
5BDA   01C0                     	CLRR R0
5BDB   0240 0114                	MVO R0,var_AK_CREATOR_HI
5BDD   02B8 0001                	MVII #1,R0
5BDF   0240 0113                	MVO R0,var_AK_APP
5BE1   01C0                     	CLRR R0
5BE2   0240 0116                	MVO R0,var_AK_KEY
5BE4   0240 0117                	MVO R0,var_AK_MODE
                                	;[351]         GOSUB appkey_open
                                	SRCFILE "texas.bas",351
5BE6   0004 0150 037E           	CALL label_APPKEY_OPEN
                                	;[352]         IF fn_ok THEN EXIT FOR
                                	SRCFILE "texas.bas",352
5BE9   0280 0125                	MVI var_FN_OK,R0
5BEB   0080                     	TSTR R0
5BEC   020C 0009                	BNE T106
                                	;[353]     NEXT ak_try
                                	SRCFILE "texas.bas",353
5BEE   0280 0118                	MVI var_AK_TRY,R0
5BF0   0008                     	INCR R0
5BF1   0240 0118                	MVO R0,var_AK_TRY
5BF3   0378 0001                	CMPI #1,R0
5BF5   0226 0020                	BLE T104
0x5BF7                          T106:
                                	;[354]     IF fn_ok THEN
                                	SRCFILE "texas.bas",354
5BF7   0280 0125                	MVI var_FN_OK,R0
5BF9   0080                     	TSTR R0
5BFA   0204 007A                	BEQ T107
                                	;[355]         #fn_src = SC_NAME : ls_max = 9 : GOSUB appkey_read
                                	SRCFILE "texas.bas",355
5BFC   02B8 9100                	MVII #37120,R0
5BFE   0240 030C                	MVO R0,var_&FN_SRC
5C00   02B8 0009                	MVII #9,R0
5C02   0240 013B                	MVO R0,var_LS_MAX
5C04   0004 0150 03A9           	CALL label_APPKEY_READ
                                	;[356]         GOSUB appkey_close
                                	SRCFILE "texas.bas",356
5C07   0004 0154 002D           	CALL label_APPKEY_CLOSE
                                	;[357]         IF fn_len > 0 THEN
                                	SRCFILE "texas.bas",357
5C0A   0280 0124                	MVI var_FN_LEN,R0
5C0C   0378 0000                	CMPI #0,R0
5C0E   0206 0066                	BLE T108
                                	;[358]             ' Validate every character -- the appkey slot (creator=1,
                                	SRCFILE "texas.bas",358
                                	;[359]             ' app=1, key=0) is the *shared* lobby username used by every
                                	SRCFILE "texas.bas",359
                                	;[360]             ' FujiNet client on this server, so it can hold stale or
                                	SRCFILE "texas.bas",360
                                	;[361]             ' outright incompatible data left by other testing (this
                                	SRCFILE "texas.bas",361
                                	;[362]             ' repo's own earlier test runs included). Our name-entry
                                	SRCFILE "texas.bas",362
                                	;[363]             ' screen can only ever produce A-Z/0-9, so anything outside
                                	SRCFILE "texas.bas",363
                                	;[364]             ' that -- a space, punctuation, an '&' or '?' -- is untrusted:
                                	SRCFILE "texas.bas",364
                                	;[365]             ' it goes straight into the /state URL's query string
                                	SRCFILE "texas.bas",365
                                	;[366]             ' unescaped, and a stray reserved character there is exactly
                                	SRCFILE "texas.bas",366
                                	;[367]             ' the kind of thing that gets the request rejected by the
                                	SRCFILE "texas.bas",367
                                	;[368]             ' server (seen as an HTTP 400 page landing in FN_RX, which
                                	SRCFILE "texas.bas",368
                                	;[369]             ' render_game then tries to draw as if it were game data).
                                	SRCFILE "texas.bas",369
                                	;[370]             gs_i = 1
                                	SRCFILE "texas.bas",370
5C10   02B8 0001                	MVII #1,R0
5C12   0240 0128                	MVO R0,var_GS_I
                                	;[371]             FOR gs_j = 0 TO fn_len - 1
                                	SRCFILE "texas.bas",371
5C14   01C0                     	CLRR R0
5C15   0240 0129                	MVO R0,var_GS_J
0x5C17                          T109:
                                	;[372]                 gs_char = PEEK(SC_NAME + gs_j) AND 255
                                	SRCFILE "texas.bas",372
5C17   0281 0129                	MVI var_GS_J,R1
5C19   02F9 9100                	ADDI #37120,R1
5C1B   0288                     	MVI@ R1,R0
5C1C   0240 0127                	MVO R0,var_GS_CHAR
                                	;[373]                 IF gs_char >= 97 AND gs_char <= 122 THEN gs_char = gs_char - 32 ' fold to uppercase for the check
                                	SRCFILE "texas.bas",373
5C1E   0280 0127                	MVI var_GS_CHAR,R0
5C20   0378 0061                	CMPI #97,R0
5C22   02B8 FFFF                	MVII #65535,R0
5C24   020D 0001                	BGE T111
5C26   0008                     	INCR R0
0x5C27                          T111:
5C27   0281 0127                	MVI var_GS_CHAR,R1
5C29   0379 007A                	CMPI #122,R1
5C2B   02B9 FFFF                	MVII #65535,R1
5C2D   0206 0001                	BLE T112
5C2F   0009                     	INCR R1
0x5C30                          T112:
5C30   0188                     	ANDR R1,R0
5C31   0204 0006                	BEQ T110
5C33   0280 0127                	MVI var_GS_CHAR,R0
5C35   0338 0020                	SUBI #32,R0
5C37   0240 0127                	MVO R0,var_GS_CHAR
0x5C39                          T110:
                                	;[374]                 IF (gs_char < 65 OR gs_char > 90) AND (gs_char < 48 OR gs_char > 57) THEN gs_i = 0
                                	SRCFILE "texas.bas",374
5C39   0280 0127                	MVI var_GS_CHAR,R0
5C3B   0378 0041                	CMPI #65,R0
5C3D   02B8 FFFF                	MVII #65535,R0
5C3F   0205 0001                	BLT T114
5C41   0008                     	INCR R0
0x5C42                          T114:
5C42   0281 0127                	MVI var_GS_CHAR,R1
5C44   0379 005A                	CMPI #90,R1
5C46   02B9 FFFF                	MVII #65535,R1
5C48   020E 0001                	BGT T115
5C4A   0009                     	INCR R1
0x5C4B                          T115:
5C4B   0019                     	COMR R1
5C4C   0188                     	ANDR R1,R0
5C4D   0019                     	COMR R1
5C4E   01C8                     	XORR R1,R0
5C4F   0281 0127                	MVI var_GS_CHAR,R1
5C51   0379 0030                	CMPI #48,R1
5C53   02B9 FFFF                	MVII #65535,R1
5C55   0205 0001                	BLT T116
5C57   0009                     	INCR R1
0x5C58                          T116:
5C58   0282 0127                	MVI var_GS_CHAR,R2
5C5A   037A 0039                	CMPI #57,R2
5C5C   02BA FFFF                	MVII #65535,R2
5C5E   020E 0001                	BGT T117
5C60   000A                     	INCR R2
0x5C61                          T117:
5C61   001A                     	COMR R2
5C62   0191                     	ANDR R2,R1
5C63   001A                     	COMR R2
5C64   01D1                     	XORR R2,R1
5C65   0188                     	ANDR R1,R0
5C66   0204 0003                	BEQ T113
5C68   01C0                     	CLRR R0
5C69   0240 0128                	MVO R0,var_GS_I
0x5C6B                          T113:
                                	;[375]             NEXT gs_j
                                	SRCFILE "texas.bas",375
5C6B   0280 0129                	MVI var_GS_J,R0
5C6D   0008                     	INCR R0
5C6E   0240 0129                	MVO R0,var_GS_J
5C70   0281 0124                	MVI var_FN_LEN,R1
5C72   0011                     	DECR R1
5C73   0148                     	CMPR R1,R0
5C74   0226 005E                	BLE T109
                                	;[376]         END IF
                                	SRCFILE "texas.bas",376
0x5C76                          T108:
                                	;[377]     END IF
                                	SRCFILE "texas.bas",377
0x5C76                          T107:
                                	;[378]     IF gs_i = 0 THEN GOSUB name_entry_screen
                                	SRCFILE "texas.bas",378
5C76   0280 0128                	MVI var_GS_I,R0
5C78   0080                     	TSTR R0
5C79   020C 0003                	BNE T118
5C7B   0004 0168 019C           	CALL label_NAME_ENTRY_SCREEN
0x5C7E                          T118:
                                	;[379] 
                                	SRCFILE "texas.bas",379
                                	;[380] ' ---------------------------------------------------------------------------
                                	SRCFILE "texas.bas",380
                                	;[381] ' Room: check the lobby server appkey (creator 1 / app 1 / key
                                	SRCFILE "texas.bas",381
                                	;[382] ' AK_LOBBY_KEY_SERVER). If the lobby wrote a room there, split it into
                                	SRCFILE "texas.bas",382
                                	;[383] ' SC_ENDPT/SC_TABLE and skip straight past table select. Seed the
                                	SRCFILE "texas.bas",383
                                	;[384] ' compiled-in default endpoint first so SC_ENDPT is always valid even if
                                	SRCFILE "texas.bas",384
                                	;[385] ' the appkey is empty or the read fails -- compose_url relies on it from
                                	SRCFILE "texas.bas",385
                                	;[386] ' here on for every request, not just /tables.
                                	SRCFILE "texas.bas",386
                                	;[387] ' ---------------------------------------------------------------------------
                                	SRCFILE "texas.bas",387
                                	;[388]     FOR gs_i = 0 TO LEN_HTTPS - 1
                                	SRCFILE "texas.bas",388
5C7E   01C0                     	CLRR R0
5C7F   0240 0128                	MVO R0,var_GS_I
0x5C81                          T119:
                                	;[389]         POKE (SC_ENDPT + gs_i), PEEK(VARPTR lit_https(0) + gs_i) AND 255
                                	SRCFILE "texas.bas",389
5C81   02BB 56D3                	MVII #label_LIT_HTTPS,R3
5C83   02C3 0128                	ADD var_GS_I,R3
5C85   0298                     	MVI@ R3,R0
5C86   03B8 00FF                	ANDI #255,R0
5C88   0281 0128                	MVI var_GS_I,R1
5C8A   02F9 9110                	ADDI #37136,R1
5C8C   0248                     	MVO@ R0,R1
                                	;[390]     NEXT gs_i
                                	SRCFILE "texas.bas",390
5C8D   0280 0128                	MVI var_GS_I,R0
5C8F   0008                     	INCR R0
5C90   0240 0128                	MVO R0,var_GS_I
5C92   0378 001B                	CMPI #27,R0
5C94   0226 0014                	BLE T119
                                	;[391]     POKE (SC_ENDPT + LEN_HTTPS), 0
                                	SRCFILE "texas.bas",391
5C96   01C0                     	CLRR R0
5C97   0240 912C                	MVO R0,37164
                                	;[392]     POKE SC_TABLE, 0
                                	SRCFILE "texas.bas",392
5C99   0240 9180                	MVO R0,37248
                                	;[393] 
                                	SRCFILE "texas.bas",393
                                	;[394]     FOR ak_try = 0 TO 1
                                	SRCFILE "texas.bas",394
5C9B   0034                     	NOP
5C9C   0240 0118                	MVO R0,var_AK_TRY
0x5C9E                          T120:
                                	;[395]         ak_creator_lo = 1 : ak_creator_hi = 0 : ak_app = 1
                                	SRCFILE "texas.bas",395
5C9E   02B8 0001                	MVII #1,R0
5CA0   0240 0115                	MVO R0,var_AK_CREATOR_LO
5CA2   01C0                     	CLRR R0
5CA3   0240 0114                	MVO R0,var_AK_CREATOR_HI
5CA5   02B8 0001                	MVII #1,R0
5CA7   0240 0113                	MVO R0,var_AK_APP
                                	;[396]         ak_key = AK_LOBBY_KEY_SERVER : ak_mode = 0
                                	SRCFILE "texas.bas",396
5CA9   02B8 0008                	MVII #8,R0
5CAB   0240 0116                	MVO R0,var_AK_KEY
5CAD   01C0                     	CLRR R0
5CAE   0240 0117                	MVO R0,var_AK_MODE
                                	;[397]         GOSUB appkey_open
                                	SRCFILE "texas.bas",397
5CB0   0004 0150 037E           	CALL label_APPKEY_OPEN
                                	;[398]         IF fn_ok THEN EXIT FOR
                                	SRCFILE "texas.bas",398
5CB3   0280 0125                	MVI var_FN_OK,R0
5CB5   0080                     	TSTR R0
5CB6   020C 0009                	BNE T122
                                	;[399]     NEXT ak_try
                                	SRCFILE "texas.bas",399
5CB8   0280 0118                	MVI var_AK_TRY,R0
5CBA   0008                     	INCR R0
5CBB   0240 0118                	MVO R0,var_AK_TRY
5CBD   0378 0001                	CMPI #1,R0
5CBF   0226 0022                	BLE T120
0x5CC1                          T122:
                                	;[400]     IF fn_ok THEN
                                	SRCFILE "texas.bas",400
5CC1   0280 0125                	MVI var_FN_OK,R0
5CC3   0080                     	TSTR R0
5CC4   0204 0034                	BEQ T123
                                	;[401]         #fn_src = SC_ENDPT : ls_max = 65 : GOSUB appkey_read
                                	SRCFILE "texas.bas",401
5CC6   02B8 9110                	MVII #37136,R0
5CC8   0240 030C                	MVO R0,var_&FN_SRC
5CCA   02B8 0041                	MVII #65,R0
5CCC   0240 013B                	MVO R0,var_LS_MAX
5CCE   0004 0150 03A9           	CALL label_APPKEY_READ
                                	;[402]         GOSUB appkey_close
                                	SRCFILE "texas.bas",402
5CD1   0004 0154 002D           	CALL label_APPKEY_CLOSE
                                	;[403]         IF fn_len > 0 THEN
                                	SRCFILE "texas.bas",403
5CD4   0280 0124                	MVI var_FN_LEN,R0
5CD6   0378 0000                	CMPI #0,R0
5CD8   0206 0005                	BLE T124
                                	;[404]             GOSUB split_room_url
                                	SRCFILE "texas.bas",404
5CDA   0004 0158 009A           	CALL label_SPLIT_ROOM_URL
                                	;[405]         ELSE
                                	SRCFILE "texas.bas",405
5CDD   0200 001B                	B T125
0x5CDF                          T124:
                                	;[406]             ' appkey_read always NUL-terminates at fn_len, even when
                                	SRCFILE "texas.bas",406
                                	;[407]             ' empty, which would otherwise wipe out the default just
                                	SRCFILE "texas.bas",407
                                	;[408]             ' seeded above -- restore it.
                                	SRCFILE "texas.bas",408
                                	;[409]             FOR gs_i = 0 TO LEN_HTTPS - 1
                                	SRCFILE "texas.bas",409
5CDF   01C0                     	CLRR R0
5CE0   0240 0128                	MVO R0,var_GS_I
0x5CE2                          T126:
                                	;[410]                 POKE (SC_ENDPT + gs_i), PEEK(VARPTR lit_https(0) + gs_i) AND 255
                                	SRCFILE "texas.bas",410
5CE2   02BB 56D3                	MVII #label_LIT_HTTPS,R3
5CE4   02C3 0128                	ADD var_GS_I,R3
5CE6   0298                     	MVI@ R3,R0
5CE7   03B8 00FF                	ANDI #255,R0
5CE9   0281 0128                	MVI var_GS_I,R1
5CEB   02F9 9110                	ADDI #37136,R1
5CED   0248                     	MVO@ R0,R1
                                	;[411]             NEXT gs_i
                                	SRCFILE "texas.bas",411
5CEE   0280 0128                	MVI var_GS_I,R0
5CF0   0008                     	INCR R0
5CF1   0240 0128                	MVO R0,var_GS_I
5CF3   0378 001B                	CMPI #27,R0
5CF5   0226 0014                	BLE T126
                                	;[412]             POKE (SC_ENDPT + LEN_HTTPS), 0
                                	SRCFILE "texas.bas",412
5CF7   01C0                     	CLRR R0
5CF8   0240 912C                	MVO R0,37164
                                	;[413]         END IF
                                	SRCFILE "texas.bas",413
0x5CFA                          T125:
                                	;[414]     END IF
                                	SRCFILE "texas.bas",414
0x5CFA                          T123:
                                	;[415] 
                                	SRCFILE "texas.bas",415
                                	;[416]     IF (PEEK(SC_TABLE) AND 255) <> 0 THEN GOTO table_joined
                                	SRCFILE "texas.bas",416
5CFA   0280 9180                	MVI 37248,R0
5CFC   03B8 00FF                	ANDI #255,R0
5CFE   020C 02C5                	BNE label_TABLE_JOINED
                                	;[417] 
                                	SRCFILE "texas.bas",417
                                	;[418] ' ===========================================================================
                                	SRCFILE "texas.bas",418
                                	;[419] ' Table select (re-entered after leaving a table)
                                	SRCFILE "texas.bas",419
                                	;[420] ' ===========================================================================
                                	SRCFILE "texas.bas",420
                                	;[421] table_select:
                                	SRCFILE "texas.bas",421
                                	; TABLE_SELECT
0x5D00                          label_TABLE_SELECT:	;[422]     CLS
                                	SRCFILE "texas.bas",422
5D00   0004 0150 0014           	CALL CLRSCR
                                	;[423]     GOSUB fill_bg
                                	SRCFILE "texas.bas",423
5D03   0004 0154 034F           	CALL label_FILL_BG
                                	;[424]     PRINT AT 0 COLOR COL_STATUS, "CHOOSE A TABLE"
                                	SRCFILE "texas.bas",424
5D06   02B8 0200                	MVII #512,R0
5D08   0240 033E                	MVO R0,_screen
5D0A   02B8 0007                	MVII #7,R0
5D0C   0240 033F                	MVO R0,_color
5D0E   0284 033E                	MVI _screen,R4
5D10   02B8 0118                	MVII #280,R0
5D12   03C0 033F                	XOR _color,R0
5D14   0260                     	MVO@ R0,R4
5D15   03F8 0058                	XORI #88,R0
5D17   0260                     	MVO@ R0,R4
5D18   03F8 0038                	XORI #56,R0
5D1A   0260                     	MVO@ R0,R4
5D1B   0260                     	MVO@ R0,R4
5D1C   03F8 00E0                	XORI #224,R0
5D1E   0260                     	MVO@ R0,R4
5D1F   03F8 00B0                	XORI #176,R0
5D21   0260                     	MVO@ R0,R4
5D22   03F8 0128                	XORI #296,R0
5D24   0260                     	MVO@ R0,R4
5D25   03F8 0108                	XORI #264,R0
5D27   0260                     	MVO@ R0,R4
5D28   03F8 0108                	XORI #264,R0
5D2A   0260                     	MVO@ R0,R4
5D2B   03F8 01A0                	XORI #416,R0
5D2D   0260                     	MVO@ R0,R4
5D2E   03F8 00A8                	XORI #168,R0
5D30   0260                     	MVO@ R0,R4
5D31   03F8 0018                	XORI #24,R0
5D33   0260                     	MVO@ R0,R4
5D34   03F8 0070                	XORI #112,R0
5D36   0260                     	MVO@ R0,R4
5D37   03F8 0048                	XORI #72,R0
5D39   0260                     	MVO@ R0,R4
5D3A   0244 033E                	MVO R4,_screen
                                	;[425]     PRINT AT 40, "REFRESHING..."
                                	SRCFILE "texas.bas",425
5D3C   02B8 0228                	MVII #552,R0
5D3E   0240 033E                	MVO R0,_screen
5D40   0084                     	MOVR R0,R4
5D41   02B8 0190                	MVII #400,R0
5D43   03C0 033F                	XOR _color,R0
5D45   0260                     	MVO@ R0,R4
5D46   03F8 00B8                	XORI #184,R0
5D48   0260                     	MVO@ R0,R4
5D49   03F8 0018                	XORI #24,R0
5D4B   0260                     	MVO@ R0,R4
5D4C   03F8 00A0                	XORI #160,R0
5D4E   0260                     	MVO@ R0,R4
5D4F   03F8 00B8                	XORI #184,R0
5D51   0260                     	MVO@ R0,R4
5D52   03F8 00B0                	XORI #176,R0
5D54   0260                     	MVO@ R0,R4
5D55   03F8 00D8                	XORI #216,R0
5D57   0260                     	MVO@ R0,R4
5D58   03F8 0008                	XORI #8,R0
5D5A   0260                     	MVO@ R0,R4
5D5B   03F8 0038                	XORI #56,R0
5D5D   0260                     	MVO@ R0,R4
5D5E   03F8 0048                	XORI #72,R0
5D60   0260                     	MVO@ R0,R4
5D61   03F8 0148                	XORI #328,R0
5D63   0260                     	MVO@ R0,R4
5D64   0260                     	MVO@ R0,R4
5D65   0260                     	MVO@ R0,R4
5D66   0034                     	NOP
5D67   0244 033E                	MVO R4,_screen
                                	;[426] 
                                	SRCFILE "texas.bas",426
                                	;[427]     gs_path = 0 : GOSUB compose_url
                                	SRCFILE "texas.bas",427
5D69   01C0                     	CLRR R0
5D6A   0240 012A                	MVO R0,var_GS_PATH
5D6C   0004 0154 03D9           	CALL label_COMPOSE_URL
                                	;[428]     #net_readlen = TABLES_MAXLEN
                                	SRCFILE "texas.bas",428
5D6F   02B8 0169                	MVII #361,R0
5D71   0240 0312                	MVO R0,var_&NET_READLEN
                                	;[429]     GOSUB api_call
                                	SRCFILE "texas.bas",429
5D73   0004 0150 0332           	CALL label_API_CALL
                                	;[430] 
                                	SRCFILE "texas.bas",430
                                	;[431]     ' As with /state: the mailbox transaction can report success (the
                                	SRCFILE "texas.bas",431
                                	;[432]     ' RP2040 relayed *a* reply) even when the HTTP request itself was
                                	SRCFILE "texas.bas",432
                                	;[433]     ' rejected -- an error page's bytes would otherwise get misread as a
                                	SRCFILE "texas.bas",433
                                	;[434]     ' Tables struct. Validate the response length against what the
                                	SRCFILE "texas.bas",434
                                	;[435]     ' reported count actually implies before trusting it.
                                	SRCFILE "texas.bas",435
                                	;[436]     IF fn_ok = 1 THEN
                                	SRCFILE "texas.bas",436
5D76   0280 0125                	MVI var_FN_OK,R0
5D78   0378 0001                	CMPI #1,R0
5D7A   020C 0015                	BNE T128
                                	;[437]         #tmp_expect = 1 + (PEEK(FN_RX) AND 255) * TABLE_STRIDE
                                	SRCFILE "texas.bas",437
5D7C   0280 9D40                	MVI 40256,R0
5D7E   03B8 00FF                	ANDI #255,R0
                                ;	MULT R0,R4,36
                                	;
5D80   004C                                     SLL     R0,  2
5D81   0084                                     MOVR    R0,  R4
5D82   004C                                     SLL     R0,  2
5D83   0048                                     SLL     R0,  1
5D84   00E0                                     ADDR    R4,  R0
5D85   0008                     	INCR R0
5D86   0240 0319                	MVO R0,var_&TMP_EXPECT
                                	;[438]         IF #net_gotlen < #tmp_expect THEN fn_ok = 0
                                	SRCFILE "texas.bas",438
5D88   0280 0311                	MVI var_&NET_GOTLEN,R0
5D8A   0340 0319                	CMP var_&TMP_EXPECT,R0
5D8C   020D 0003                	BGE T129
5D8E   01C0                     	CLRR R0
5D8F   0240 0125                	MVO R0,var_FN_OK
0x5D91                          T129:
                                	;[439]     END IF
                                	SRCFILE "texas.bas",439
0x5D91                          T128:
                                	;[440] 
                                	SRCFILE "texas.bas",440
                                	;[441]     IF fn_ok = 0 THEN
                                	SRCFILE "texas.bas",441
5D91   0280 0125                	MVI var_FN_OK,R0
5D93   0080                     	TSTR R0
5D94   020C 0091                	BNE T130
                                	;[442]         PRINT AT 40, "SERVER UNREACHABLE  "
                                	SRCFILE "texas.bas",442
5D96   02B8 0228                	MVII #552,R0
5D98   0240 033E                	MVO R0,_screen
5D9A   0084                     	MOVR R0,R4
5D9B   02B8 0198                	MVII #408,R0
5D9D   03C0 033F                	XOR _color,R0
5D9F   0260                     	MVO@ R0,R4
5DA0   03F8 00B0                	XORI #176,R0
5DA2   0260                     	MVO@ R0,R4
5DA3   03F8 00B8                	XORI #184,R0
5DA5   0260                     	MVO@ R0,R4
5DA6   03F8 0020                	XORI #32,R0
5DA8   0260                     	MVO@ R0,R4
5DA9   03F8 0098                	XORI #152,R0
5DAB   0260                     	MVO@ R0,R4
5DAC   03F8 00B8                	XORI #184,R0
5DAE   0260                     	MVO@ R0,R4
5DAF   03F8 0190                	XORI #400,R0
5DB1   0260                     	MVO@ R0,R4
5DB2   03F8 01A8                	XORI #424,R0
5DB4   0260                     	MVO@ R0,R4
5DB5   03F8 00D8                	XORI #216,R0
5DB7   0260                     	MVO@ R0,R4
5DB8   03F8 00E0                	XORI #224,R0
5DBA   0260                     	MVO@ R0,R4
5DBB   03F8 00B8                	XORI #184,R0
5DBD   0260                     	MVO@ R0,R4
5DBE   03F8 0020                	XORI #32,R0
5DC0   0260                     	MVO@ R0,R4
5DC1   03F8 0010                	XORI #16,R0
5DC3   0260                     	MVO@ R0,R4
5DC4   03F8 0058                	XORI #88,R0
5DC6   0260                     	MVO@ R0,R4
5DC7   03F8 0048                	XORI #72,R0
5DC9   0260                     	MVO@ R0,R4
5DCA   03F8 0018                	XORI #24,R0
5DCC   0260                     	MVO@ R0,R4
5DCD   03F8 0070                	XORI #112,R0
5DCF   0260                     	MVO@ R0,R4
5DD0   03F8 0048                	XORI #72,R0
5DD2   0260                     	MVO@ R0,R4
5DD3   03F8 0128                	XORI #296,R0
5DD5   0260                     	MVO@ R0,R4
5DD6   0260                     	MVO@ R0,R4
5DD7   0034                     	NOP
5DD8   0244 033E                	MVO R4,_screen
                                	;[443]         ' TEMP DEBUG: show the exact outgoing URL so a repeat failure is
                                	SRCFILE "texas.bas",443
                                	;[444]         ' diagnosable from a screenshot instead of needing another round trip.
                                	SRCFILE "texas.bas",444
                                	;[445]         #df_src = FN_TX : df_pos = 60 : df_len = 20 : #df_color = COL_STATUS
                                	SRCFILE "texas.bas",445
5DDA   02B8 9C40                	MVII #40000,R0
5DDC   0240 030B                	MVO R0,var_&DF_SRC
5DDE   02B8 003C                	MVII #60,R0
5DE0   0240 0120                	MVO R0,var_DF_POS
5DE2   02B8 0014                	MVII #20,R0
5DE4   0240 011F                	MVO R0,var_DF_LEN
5DE6   02B8 0007                	MVII #7,R0
5DE8   0240 030A                	MVO R0,var_&DF_COLOR
                                	;[446]         GOSUB draw_field
                                	SRCFILE "texas.bas",446
5DEA   0004 0154 0364           	CALL label_DRAW_FIELD
                                	;[447]         #df_src = FN_TX + 20 : df_pos = 80 : df_len = 20 : #df_color = COL_STATUS
                                	SRCFILE "texas.bas",447
5DED   02B8 9C54                	MVII #40020,R0
5DEF   0240 030B                	MVO R0,var_&DF_SRC
5DF1   02B8 0050                	MVII #80,R0
5DF3   0240 0120                	MVO R0,var_DF_POS
5DF5   02B8 0014                	MVII #20,R0
5DF7   0240 011F                	MVO R0,var_DF_LEN
5DF9   02B8 0007                	MVII #7,R0
5DFB   0240 030A                	MVO R0,var_&DF_COLOR
                                	;[448]         GOSUB draw_field
                                	SRCFILE "texas.bas",448
5DFD   0004 0154 0364           	CALL label_DRAW_FIELD
                                	;[449]         #df_src = FN_TX + 40 : df_pos = 100 : df_len = 20 : #df_color = COL_STATUS
                                	SRCFILE "texas.bas",449
5E00   02B8 9C68                	MVII #40040,R0
5E02   0240 030B                	MVO R0,var_&DF_SRC
5E04   02B8 0064                	MVII #100,R0
5E06   0240 0120                	MVO R0,var_DF_POS
5E08   02B8 0014                	MVII #20,R0
5E0A   0240 011F                	MVO R0,var_DF_LEN
5E0C   02B8 0007                	MVII #7,R0
5E0E   0240 030A                	MVO R0,var_&DF_COLOR
                                	;[450]         GOSUB draw_field
                                	SRCFILE "texas.bas",450
5E10   0004 0154 0364           	CALL label_DRAW_FIELD
                                	;[451]         poll_wait = 90
                                	SRCFILE "texas.bas",451
5E13   02B8 005A                	MVII #90,R0
5E15   0240 0151                	MVO R0,var_POLL_WAIT
                                	;[452]         WHILE poll_wait > 0
                                	SRCFILE "texas.bas",452
0x5E17                          T131:
5E17   0280 0151                	MVI var_POLL_WAIT,R0
5E19   0378 0000                	CMPI #0,R0
5E1B   0206 0008                	BLE T132
                                	;[453]             poll_wait = poll_wait - 1
                                	SRCFILE "texas.bas",453
5E1D   0010                     	DECR R0
5E1E   0240 0151                	MVO R0,var_POLL_WAIT
                                	;[454]             WAIT
                                	SRCFILE "texas.bas",454
5E20   0004 016C 001E           	CALL _wait
                                	;[455]         WEND
                                	SRCFILE "texas.bas",455
5E23   0220 000D                	B T131
0x5E25                          T132:
                                	;[456]         GOTO table_select
                                	SRCFILE "texas.bas",456
5E25   0220 0126                	B label_TABLE_SELECT
                                	;[457]     END IF
                                	SRCFILE "texas.bas",457
0x5E27                          T130:
                                	;[458] 
                                	SRCFILE "texas.bas",458
                                	;[459]     tbl_count = PEEK(FN_RX) AND 255
                                	SRCFILE "texas.bas",459
5E27   0280 9D40                	MVI 40256,R0
5E29   0240 0165                	MVO R0,var_TBL_COUNT
                                	;[460]     IF tbl_count > 6 THEN tbl_count = 6
                                	SRCFILE "texas.bas",460
5E2B   0280 0165                	MVI var_TBL_COUNT,R0
5E2D   0378 0006                	CMPI #6,R0
5E2F   0206 0004                	BLE T133
5E31   02B8 0006                	MVII #6,R0
5E33   0240 0165                	MVO R0,var_TBL_COUNT
0x5E35                          T133:
                                	;[461]     IF tbl_count = 0 THEN
                                	SRCFILE "texas.bas",461
5E35   0280 0165                	MVI var_TBL_COUNT,R0
5E37   0080                     	TSTR R0
5E38   020C 0059                	BNE T134
                                	;[462]         PRINT AT 40, "NO TABLES AVAILABLE "
                                	SRCFILE "texas.bas",462
5E3A   02B8 0228                	MVII #552,R0
5E3C   0240 033E                	MVO R0,_screen
5E3E   0084                     	MOVR R0,R4
5E3F   02B8 0170                	MVII #368,R0
5E41   03C0 033F                	XOR _color,R0
5E43   0260                     	MVO@ R0,R4
5E44   03F8 0008                	XORI #8,R0
5E46   0260                     	MVO@ R0,R4
5E47   03F8 0178                	XORI #376,R0
5E49   0260                     	MVO@ R0,R4
5E4A   03F8 01A0                	XORI #416,R0
5E4C   0260                     	MVO@ R0,R4
5E4D   03F8 00A8                	XORI #168,R0
5E4F   0260                     	MVO@ R0,R4
5E50   03F8 0018                	XORI #24,R0
5E52   0260                     	MVO@ R0,R4
5E53   03F8 0070                	XORI #112,R0
5E55   0260                     	MVO@ R0,R4
5E56   03F8 0048                	XORI #72,R0
5E58   0260                     	MVO@ R0,R4
5E59   03F8 00B0                	XORI #176,R0
5E5B   0260                     	MVO@ R0,R4
5E5C   03F8 0198                	XORI #408,R0
5E5E   0260                     	MVO@ R0,R4
5E5F   03F8 0108                	XORI #264,R0
5E61   0260                     	MVO@ R0,R4
5E62   03F8 00B8                	XORI #184,R0
5E64   0260                     	MVO@ R0,R4
5E65   03F8 00B8                	XORI #184,R0
5E67   0260                     	MVO@ R0,R4
5E68   03F8 0040                	XORI #64,R0
5E6A   0260                     	MVO@ R0,R4
5E6B   03F8 0028                	XORI #40,R0
5E6D   0260                     	MVO@ R0,R4
5E6E   03F8 0068                	XORI #104,R0
5E70   0260                     	MVO@ R0,R4
5E71   03F8 0018                	XORI #24,R0
5E73   0260                     	MVO@ R0,R4
5E74   03F8 0070                	XORI #112,R0
5E76   0260                     	MVO@ R0,R4
5E77   03F8 0048                	XORI #72,R0
5E79   0260                     	MVO@ R0,R4
5E7A   03F8 0128                	XORI #296,R0
5E7C   0260                     	MVO@ R0,R4
5E7D   0244 033E                	MVO R4,_screen
                                	;[463]         poll_wait = 90
                                	SRCFILE "texas.bas",463
5E7F   02B8 005A                	MVII #90,R0
5E81   0240 0151                	MVO R0,var_POLL_WAIT
                                	;[464]         WHILE poll_wait > 0
                                	SRCFILE "texas.bas",464
0x5E83                          T135:
5E83   0280 0151                	MVI var_POLL_WAIT,R0
5E85   0378 0000                	CMPI #0,R0
5E87   0206 0008                	BLE T136
                                	;[465]             poll_wait = poll_wait - 1
                                	SRCFILE "texas.bas",465
5E89   0010                     	DECR R0
5E8A   0240 0151                	MVO R0,var_POLL_WAIT
                                	;[466]             WAIT
                                	SRCFILE "texas.bas",466
5E8C   0004 016C 001E           	CALL _wait
                                	;[467]         WEND
                                	SRCFILE "texas.bas",467
5E8F   0220 000D                	B T135
0x5E91                          T136:
                                	;[468]         GOTO table_select
                                	SRCFILE "texas.bas",468
5E91   0220 0192                	B label_TABLE_SELECT
                                	;[469]     END IF
                                	SRCFILE "texas.bas",469
0x5E93                          T134:
                                	;[470] 
                                	SRCFILE "texas.bas",470
                                	;[471]     CLS
                                	SRCFILE "texas.bas",471
5E93   0004 0150 0014           	CALL CLRSCR
                                	;[472]     GOSUB fill_bg
                                	SRCFILE "texas.bas",472
5E96   0004 0154 034F           	CALL label_FILL_BG
                                	;[473]     PRINT AT 0 COLOR COL_STATUS, "CHOOSE A TABLE"
                                	SRCFILE "texas.bas",473
5E99   02B8 0200                	MVII #512,R0
5E9B   0240 033E                	MVO R0,_screen
5E9D   02B8 0007                	MVII #7,R0
5E9F   0240 033F                	MVO R0,_color
5EA1   0284 033E                	MVI _screen,R4
5EA3   02B8 0118                	MVII #280,R0
5EA5   03C0 033F                	XOR _color,R0
5EA7   0260                     	MVO@ R0,R4
5EA8   03F8 0058                	XORI #88,R0
5EAA   0260                     	MVO@ R0,R4
5EAB   03F8 0038                	XORI #56,R0
5EAD   0260                     	MVO@ R0,R4
5EAE   0260                     	MVO@ R0,R4
5EAF   03F8 00E0                	XORI #224,R0
5EB1   0260                     	MVO@ R0,R4
5EB2   03F8 00B0                	XORI #176,R0
5EB4   0260                     	MVO@ R0,R4
5EB5   03F8 0128                	XORI #296,R0
5EB7   0260                     	MVO@ R0,R4
5EB8   03F8 0108                	XORI #264,R0
5EBA   0260                     	MVO@ R0,R4
5EBB   03F8 0108                	XORI #264,R0
5EBD   0260                     	MVO@ R0,R4
5EBE   03F8 01A0                	XORI #416,R0
5EC0   0260                     	MVO@ R0,R4
5EC1   03F8 00A8                	XORI #168,R0
5EC3   0260                     	MVO@ R0,R4
5EC4   03F8 0018                	XORI #24,R0
5EC6   0260                     	MVO@ R0,R4
5EC7   03F8 0070                	XORI #112,R0
5EC9   0260                     	MVO@ R0,R4
5ECA   03F8 0048                	XORI #72,R0
5ECC   0260                     	MVO@ R0,R4
5ECD   0244 033E                	MVO R4,_screen
                                	;[474]     FOR gs_i = 0 TO tbl_count - 1
                                	SRCFILE "texas.bas",474
5ECF   01C0                     	CLRR R0
5ED0   0240 0128                	MVO R0,var_GS_I
0x5ED2                          T137:
                                	;[475]         #tmp_addr = table_addr(gs_i)
                                	SRCFILE "texas.bas",475
5ED2   0280 0128                	MVI var_GS_I,R0
                                ;	MULT R0,R4,36
                                	;
5ED4   004C                                     SLL     R0,  2
5ED5   0084                                     MOVR    R0,  R4
5ED6   004C                                     SLL     R0,  2
5ED7   0048                                     SLL     R0,  1
5ED8   00E0                                     ADDR    R4,  R0
5ED9   02F8 9D41                	ADDI #40257,R0
5EDB   0240 0318                	MVO R0,var_&TMP_ADDR
                                	;[476]         #df_src = #tmp_addr + TBL_NAME : df_pos = 20 + gs_i * 20 + 1 : df_len = 14 : #df_color = COL_NAME
                                	SRCFILE "texas.bas",476
5EDD   02F8 0009                	ADDI #9,R0
5EDF   0240 030B                	MVO R0,var_&DF_SRC
5EE1   0280 0128                	MVI var_GS_I,R0
                                ;	MULT R0,R4,20
                                	;
5EE3   004C                                     SLL     R0,  2
5EE4   0084                                     MOVR    R0,  R4
5EE5   004C                                     SLL     R0,  2
5EE6   00E0                                     ADDR    R4,  R0
5EE7   02F8 0015                	ADDI #21,R0
5EE9   0240 0120                	MVO R0,var_DF_POS
5EEB   02B8 000E                	MVII #14,R0
5EED   0240 011F                	MVO R0,var_DF_LEN
5EEF   02B8 2007                	MVII #8199,R0
5EF1   0240 030A                	MVO R0,var_&DF_COLOR
                                	;[477]         GOSUB draw_field
                                	SRCFILE "texas.bas",477
5EF3   0004 0154 0364           	CALL label_DRAW_FIELD
                                	;[478]         #df_src = #tmp_addr + TBL_PLAYERS : df_pos = 20 + gs_i * 20 + 15 : df_len = 5 : #df_color = COL_NAME
                                	SRCFILE "texas.bas",478
5EF6   0280 0318                	MVI var_&TMP_ADDR,R0
5EF8   02F8 001E                	ADDI #30,R0
5EFA   0240 030B                	MVO R0,var_&DF_SRC
5EFC   0280 0128                	MVI var_GS_I,R0
                                ;	MULT R0,R4,20
                                	;
5EFE   004C                                     SLL     R0,  2
5EFF   0084                                     MOVR    R0,  R4
5F00   004C                                     SLL     R0,  2
5F01   00E0                                     ADDR    R4,  R0
5F02   02F8 0023                	ADDI #35,R0
5F04   0240 0120                	MVO R0,var_DF_POS
5F06   02B8 0005                	MVII #5,R0
5F08   0240 011F                	MVO R0,var_DF_LEN
5F0A   02B8 2007                	MVII #8199,R0
5F0C   0240 030A                	MVO R0,var_&DF_COLOR
                                	;[479]         GOSUB draw_field
                                	SRCFILE "texas.bas",479
5F0E   0004 0154 0364           	CALL label_DRAW_FIELD
                                	;[480]     NEXT gs_i
                                	SRCFILE "texas.bas",480
5F11   0280 0128                	MVI var_GS_I,R0
5F13   0008                     	INCR R0
5F14   0240 0128                	MVO R0,var_GS_I
5F16   0281 0165                	MVI var_TBL_COUNT,R1
5F18   0011                     	DECR R1
5F19   0148                     	CMPR R1,R0
5F1A   0226 0049                	BLE T137
                                	;[481] 
                                	SRCFILE "texas.bas",481
                                	;[482]     tbl_sel = 0
                                	SRCFILE "texas.bas",482
5F1C   01C0                     	CLRR R0
5F1D   0240 0166                	MVO R0,var_TBL_SEL
                                	;[483]     inp_lock = 0
                                	SRCFILE "texas.bas",483
5F1F   0240 0135                	MVO R0,var_INP_LOCK
                                	;[484] tbl_input:
                                	SRCFILE "texas.bas",484
                                	; TBL_INPUT
0x5F21                          label_TBL_INPUT:	;[485]     WAIT
                                	SRCFILE "texas.bas",485
5F21   0004 016C 001E           	CALL _wait
                                	;[486]     GOSUB read_input
                                	SRCFILE "texas.bas",486
5F24   0004 0150 00C7           	CALL label_READ_INPUT
                                	;[487]     FOR gs_i = 0 TO tbl_count - 1
                                	SRCFILE "texas.bas",487
5F27   01C0                     	CLRR R0
5F28   0240 0128                	MVO R0,var_GS_I
0x5F2A                          T138:
                                	;[488]         #gs_c = COL_NAME
                                	SRCFILE "texas.bas",488
5F2A   02B8 2007                	MVII #8199,R0
5F2C   0240 030F                	MVO R0,var_&GS_C
                                	;[489]         IF gs_i = tbl_sel THEN #gs_c = COL_HILITE
                                	SRCFILE "texas.bas",489
5F2E   0280 0128                	MVI var_GS_I,R0
5F30   0340 0166                	CMP var_TBL_SEL,R0
5F32   020C 0004                	BNE T139
5F34   02B8 2006                	MVII #8198,R0
5F36   0240 030F                	MVO R0,var_&GS_C
0x5F38                          T139:
                                	;[490]         #BACKTAB(20 + gs_i * 20) = (62 - 32) * 8 + #gs_c ' '>' cursor glyph
                                	SRCFILE "texas.bas",490
5F38   02B8 0214                	MVII #Q2+20,R0
5F3A   0281 0128                	MVI var_GS_I,R1
                                ;	MULT R1,R4,20
                                	;
5F3C   004D                                     SLL     R1,  2
5F3D   008C                                     MOVR    R1,  R4
5F3E   004D                                     SLL     R1,  2
5F3F   00E1                                     ADDR    R4,  R1
5F40   00C8                     	ADDR R1,R0
5F41   0281 030F                	MVI var_&GS_C,R1
5F43   02F9 00F0                	ADDI #240,R1
5F45   0084                     	MOVR R0,R4
5F46   0261                     	MVO@ R1,R4
                                	;[491]     NEXT gs_i
                                	SRCFILE "texas.bas",491
5F47   0280 0128                	MVI var_GS_I,R0
5F49   0008                     	INCR R0
5F4A   0240 0128                	MVO R0,var_GS_I
5F4C   0281 0165                	MVI var_TBL_COUNT,R1
5F4E   0011                     	DECR R1
5F4F   0148                     	CMPR R1,R0
5F50   0226 0027                	BLE T138
                                	;[492] 
                                	SRCFILE "texas.bas",492
                                	;[493]     IF inp_lock > 0 THEN inp_lock = inp_lock - 1 : GOTO tbl_input
                                	SRCFILE "texas.bas",493
5F52   0280 0135                	MVI var_INP_LOCK,R0
5F54   0378 0000                	CMPI #0,R0
5F56   0206 0005                	BLE T140
5F58   0010                     	DECR R0
5F59   0240 0135                	MVO R0,var_INP_LOCK
5F5B   0220 003B                	B label_TBL_INPUT
0x5F5D                          T140:
                                	;[494] 
                                	SRCFILE "texas.bas",494
                                	;[495]     IF inp_dir AND DISC_DOWN THEN
                                	SRCFILE "texas.bas",495
5F5D   0280 0130                	MVI var_INP_DIR,R0
5F5F   03B8 0001                	ANDI #1,R0
5F61   0204 0017                	BEQ T141
                                	;[496]         tbl_sel = tbl_sel + 1
                                	SRCFILE "texas.bas",496
5F63   0280 0166                	MVI var_TBL_SEL,R0
5F65   0008                     	INCR R0
5F66   0240 0166                	MVO R0,var_TBL_SEL
                                	;[497]         IF tbl_sel >= tbl_count THEN tbl_sel = 0
                                	SRCFILE "texas.bas",497
5F68   0280 0166                	MVI var_TBL_SEL,R0
5F6A   0340 0165                	CMP var_TBL_COUNT,R0
5F6C   0205 0003                	BLT T142
5F6E   01C0                     	CLRR R0
5F6F   0240 0166                	MVO R0,var_TBL_SEL
0x5F71                          T142:
                                	;[498]         inp_lock = 8
                                	SRCFILE "texas.bas",498
5F71   02B8 0008                	MVII #8,R0
5F73   0240 0135                	MVO R0,var_INP_LOCK
                                	;[499]         GOSUB sound_cursor
                                	SRCFILE "texas.bas",499
5F75   0004 0154 0272           	CALL label_SOUND_CURSOR
                                	;[500]         GOTO tbl_input
                                	SRCFILE "texas.bas",500
5F78   0220 0058                	B label_TBL_INPUT
                                	;[501]     END IF
                                	SRCFILE "texas.bas",501
0x5F7A                          T141:
                                	;[502]     IF inp_dir AND DISC_UP THEN
                                	SRCFILE "texas.bas",502
5F7A   0280 0130                	MVI var_INP_DIR,R0
5F7C   03B8 0004                	ANDI #4,R0
5F7E   0204 0017                	BEQ T143
                                	;[503]         IF tbl_sel = 0 THEN tbl_sel = tbl_count
                                	SRCFILE "texas.bas",503
5F80   0280 0166                	MVI var_TBL_SEL,R0
5F82   0080                     	TSTR R0
5F83   020C 0004                	BNE T144
5F85   0280 0165                	MVI var_TBL_COUNT,R0
5F87   0240 0166                	MVO R0,var_TBL_SEL
0x5F89                          T144:
                                	;[504]         tbl_sel = tbl_sel - 1
                                	SRCFILE "texas.bas",504
5F89   0280 0166                	MVI var_TBL_SEL,R0
5F8B   0010                     	DECR R0
5F8C   0240 0166                	MVO R0,var_TBL_SEL
                                	;[505]         inp_lock = 8
                                	SRCFILE "texas.bas",505
5F8E   02B8 0008                	MVII #8,R0
5F90   0240 0135                	MVO R0,var_INP_LOCK
                                	;[506]         GOSUB sound_cursor
                                	SRCFILE "texas.bas",506
5F92   0004 0154 0272           	CALL label_SOUND_CURSOR
                                	;[507]         GOTO tbl_input
                                	SRCFILE "texas.bas",507
5F95   0220 0075                	B label_TBL_INPUT
                                	;[508]     END IF
                                	SRCFILE "texas.bas",508
0x5F97                          T143:
                                	;[509]     IF inp_btn_hit = 0 THEN GOTO tbl_input
                                	SRCFILE "texas.bas",509
5F97   0280 012E                	MVI var_INP_BTN_HIT,R0
5F99   0080                     	TSTR R0
5F9A   0224 007A                	BEQ label_TBL_INPUT
                                	;[510]     GOSUB sound_select
                                	SRCFILE "texas.bas",510
5F9C   0004 0154 0253           	CALL label_SOUND_SELECT
                                	;[511] 
                                	SRCFILE "texas.bas",511
                                	;[512]     #tmp_addr = table_addr(tbl_sel)
                                	SRCFILE "texas.bas",512
5F9F   0280 0166                	MVI var_TBL_SEL,R0
                                ;	MULT R0,R4,36
                                	;
5FA1   004C                                     SLL     R0,  2
5FA2   0084                                     MOVR    R0,  R4
5FA3   004C                                     SLL     R0,  2
5FA4   0048                                     SLL     R0,  1
5FA5   00E0                                     ADDR    R4,  R0
5FA6   02F8 9D41                	ADDI #40257,R0
5FA8   0240 0318                	MVO R0,var_&TMP_ADDR
                                	;[513]     FOR gs_i = 0 TO 8
                                	SRCFILE "texas.bas",513
5FAA   01C0                     	CLRR R0
5FAB   0240 0128                	MVO R0,var_GS_I
0x5FAD                          T146:
                                	;[514]         POKE (SC_TABLE + gs_i), PEEK(#tmp_addr + TBL_ID + gs_i) AND 255
                                	SRCFILE "texas.bas",514
5FAD   0281 0318                	MVI var_&TMP_ADDR,R1
5FAF   02C1 0128                	ADD var_GS_I,R1
5FB1   0288                     	MVI@ R1,R0
5FB2   03B8 00FF                	ANDI #255,R0
5FB4   0281 0128                	MVI var_GS_I,R1
5FB6   02F9 9180                	ADDI #37248,R1
5FB8   0248                     	MVO@ R0,R1
                                	;[515]     NEXT gs_i
                                	SRCFILE "texas.bas",515
5FB9   0280 0128                	MVI var_GS_I,R0
5FBB   0008                     	INCR R0
5FBC   0240 0128                	MVO R0,var_GS_I
5FBE   0378 0008                	CMPI #8,R0
5FC0   0226 0014                	BLE T146
                                	;[516] 
                                	SRCFILE "texas.bas",516
                                	;[517]     ' Update the lobby server appkey so a reboot without going back
                                	SRCFILE "texas.bas",517
                                	;[518]     ' through the lobby rejoins this table.
                                	SRCFILE "texas.bas",518
                                	;[519]     GOSUB write_room_appkey
                                	SRCFILE "texas.bas",519
5FC2   0004 0158 01F6           	CALL label_WRITE_ROOM_APPKEY
                                	;[520] 
                                	SRCFILE "texas.bas",520
                                	;[521] table_joined:
                                	SRCFILE "texas.bas",521
                                	; TABLE_JOINED
0x5FC5                          label_TABLE_JOINED:	;[522] ' ===========================================================================
                                	SRCFILE "texas.bas",522
                                	;[523] ' Main game loop
                                	SRCFILE "texas.bas",523
                                	;[524] ' ===========================================================================
                                	SRCFILE "texas.bas",524
                                	;[525]     GOSUB sound_join
                                	SRCFILE "texas.bas",525
5FC5   0004 0154 013F           	CALL label_SOUND_JOIN
                                	;[526]     has_move = 0
                                	SRCFILE "texas.bas",526
5FC8   01C0                     	CLRR R0
5FC9   0240 012B                	MVO R0,var_HAS_MOVE
                                	;[527]     poll_wait = 0
                                	SRCFILE "texas.bas",527
5FCB   0240 0151                	MVO R0,var_POLL_WAIT
                                	;[528]     force_redraw = 0
                                	SRCFILE "texas.bas",528
5FCD   0034                     	NOP
5FCE   0240 0126                	MVO R0,var_FORCE_REDRAW
                                	;[529]     prev_round = 255      ' sentinel: forces a full CLS on the first render_game
                                	SRCFILE "texas.bas",529
5FD0   02B8 00FF                	MVII #255,R0
5FD2   0240 0154                	MVO R0,var_PREV_ROUND
                                	;[530]     prev_playercount = 255
                                	SRCFILE "texas.bas",530
5FD4   0240 0153                	MVO R0,var_PREV_PLAYERCOUNT
                                	;[531]     #prev_pot = 65535
                                	SRCFILE "texas.bas",531
5FD6   02B8 FFFF                	MVII #65535,R0
5FD8   0240 0314                	MVO R0,var_&PREV_POT
                                	;[532]     #prev_purse = 65535
                                	SRCFILE "texas.bas",532
5FDA   0240 0315                	MVO R0,var_&PREV_PURSE
                                	;[533]     #prev_result_hash = 65535 ' sentinel: max possible real hash is 20*255=5100
                                	SRCFILE "texas.bas",533
5FDC   0034                     	NOP
5FDD   0240 0316                	MVO R0,var_&PREV_RESULT_HASH
                                	;[534]     first_poll = 1 ' arm the baseline on the first poll instead of showing it --
                                	SRCFILE "texas.bas",534
5FDF   02B8 0001                	MVII #1,R0
5FE1   0240 0122                	MVO R0,var_FIRST_POLL
                                	;[535]                     ' lastResult can already hold a message from a hand that
                                	SRCFILE "texas.bas",535
                                	;[536]                     ' finished before we joined/sat down, which isn't "new"
                                	SRCFILE "texas.bas",536
                                	;[537]     prev_community = 0
                                	SRCFILE "texas.bas",537
5FE3   01C0                     	CLRR R0
5FE4   0240 0152                	MVO R0,var_PREV_COMMUNITY
                                	;[538]     FOR gs_i = 0 TO 7
                                	SRCFILE "texas.bas",538
5FE6   0240 0128                	MVO R0,var_GS_I
0x5FE8                          T147:
                                	;[539]         prev_bet(gs_i) = 255
                                	SRCFILE "texas.bas",539
5FE8   02B8 00FF                	MVII #255,R0
5FEA   02BB 0176                	MVII #array_PREV_BET,R3
5FEC   02C3 0128                	ADD var_GS_I,R3
5FEE   0258                     	MVO@ R0,R3
                                	;[540]         prev_cards(gs_i) = 0
                                	SRCFILE "texas.bas",540
5FEF   01C0                     	CLRR R0
5FF0   02FB 0008                	ADDI #(array_PREV_CARDS-array_PREV_BET) AND $FFFF,R3
5FF2   0258                     	MVO@ R0,R3
                                	;[541]     NEXT gs_i
                                	SRCFILE "texas.bas",541
5FF3   0280 0128                	MVI var_GS_I,R0
5FF5   0008                     	INCR R0
5FF6   0240 0128                	MVO R0,var_GS_I
5FF8   0378 0007                	CMPI #7,R0
5FFA   0226 0013                	BLE T147
                                	;[542] 
                                	SRCFILE "texas.bas",542
                                	;[543] game_loop:
                                	SRCFILE "texas.bas",543
                                	; GAME_LOOP
0x5FFC                          label_GAME_LOOP:	;[544]     WAIT
                                	SRCFILE "texas.bas",544
5FFC   0004 016C 001E           	CALL _wait
                                	;[545]     GOSUB read_input
                                	SRCFILE "texas.bas",545
5FFF   0004 0150 00C7           	CALL label_READ_INPUT
                                	;[546] 
                                	SRCFILE "texas.bas",546
                                	;[547]     IF poll_wait > 0 THEN
                                	SRCFILE "texas.bas",547
6002   0280 0151                	MVI var_POLL_WAIT,R0
6004   0378 0000                	CMPI #0,R0
6006   0206 0005                	BLE T148
                                	;[548]         poll_wait = poll_wait - 1
                                	SRCFILE "texas.bas",548
6008   0010                     	DECR R0
6009   0240 0151                	MVO R0,var_POLL_WAIT
                                	;[549]         GOTO input_check
                                	SRCFILE "texas.bas",549
600B   0200 0151                	B label_INPUT_CHECK
                                	;[550]     END IF
                                	SRCFILE "texas.bas",550
0x600D                          T148:
                                	;[551] 
                                	SRCFILE "texas.bas",551
                                	;[552]     IF has_move THEN
                                	SRCFILE "texas.bas",552
600D   0280 012B                	MVI var_HAS_MOVE,R0
600F   0080                     	TSTR R0
6010   0204 0006                	BEQ T149
                                	;[553]         gs_path = 2
                                	SRCFILE "texas.bas",553
6012   02B8 0002                	MVII #2,R0
6014   0240 012A                	MVO R0,var_GS_PATH
                                	;[554]     ELSE
                                	SRCFILE "texas.bas",554
6016   0200 0004                	B T150
0x6018                          T149:
                                	;[555]         gs_path = 1
                                	SRCFILE "texas.bas",555
6018   02B8 0001                	MVII #1,R0
601A   0240 012A                	MVO R0,var_GS_PATH
                                	;[556]     END IF
                                	SRCFILE "texas.bas",556
0x601C                          T150:
                                	;[557]     GOSUB compose_url
                                	SRCFILE "texas.bas",557
601C   0004 0154 03D9           	CALL label_COMPOSE_URL
                                	;[558]     #net_readlen = GAME_MAXLEN
                                	SRCFILE "texas.bas",558
601F   02B8 01AD                	MVII #429,R0
6021   0240 0312                	MVO R0,var_&NET_READLEN
                                	;[559]     GOSUB api_call
                                	SRCFILE "texas.bas",559
6023   0004 0150 0332           	CALL label_API_CALL
                                	;[560]     has_move = 0
                                	SRCFILE "texas.bas",560
6026   01C0                     	CLRR R0
6027   0240 012B                	MVO R0,var_HAS_MOVE
                                	;[561] 
                                	SRCFILE "texas.bas",561
                                	;[562]     ' A short read means FN_RX beyond #net_gotlen still holds stale bytes
                                	SRCFILE "texas.bas",562
                                	;[563]     ' from a previous, larger response -- render_game trusts fixed offsets
                                	SRCFILE "texas.bas",563
                                	;[564]     ' deep into the buffer, so rendering it would show corrupted-looking
                                	SRCFILE "texas.bas",564
                                	;[565]     ' data (a garbage pot/bet value, or a stray card glyph) instead of
                                	SRCFILE "texas.bas",565
                                	;[566]     ' just skipping this poll. GAME_MINLEN alone isn't tight enough: it's
                                	SRCFILE "texas.bas",566
                                	;[567]     ' only the 0-player floor, so a 7-8 player game's response could land
                                	SRCFILE "texas.bas",567
                                	;[568]     ' anywhere from 165 bytes up to its true ~400 bytes and still pass
                                	SRCFILE "texas.bas",568
                                	;[569]     ' that check while genuinely truncated partway through the player
                                	SRCFILE "texas.bas",569
                                	;[570]     ' array. playerCount (offset 164) is read from before where any
                                	SRCFILE "texas.bas",570
                                	;[571]     ' truncation could have happened, so it's safe to use here to compute
                                	SRCFILE "texas.bas",571
                                	;[572]     ' the *exact* expected length for this specific response.
                                	SRCFILE "texas.bas",572
                                	;[573]     ' A malformed request (e.g. a stray character somewhere it shouldn't
                                	SRCFILE "texas.bas",573
                                	;[574]     ' be) can get rejected by the server with an HTTP error page instead
                                	SRCFILE "texas.bas",574
                                	;[575]     ' of a Game struct -- our mailbox transaction still reports "OK" (the
                                	SRCFILE "texas.bas",575
                                	;[576]     ' RP2040 got *a* reply, just not the one we wanted), so round/
                                	SRCFILE "texas.bas",576
                                	;[577]     ' playerCount are the cheapest smoke test: neither should ever be
                                	SRCFILE "texas.bas",577
                                	;[578]     ' implausible for a real response, and checking them here means a
                                	SRCFILE "texas.bas",578
                                	;[579]     ' bogus response gets treated as a failed poll instead of being
                                	SRCFILE "texas.bas",579
                                	;[580]     ' handed to render_game as if it were valid.
                                	SRCFILE "texas.bas",580
                                	;[581]     IF fn_ok = 1 AND #net_gotlen >= GAME_MINLEN THEN
                                	SRCFILE "texas.bas",581
6029   0280 0125                	MVI var_FN_OK,R0
602B   0378 0001                	CMPI #1,R0
602D   02B8 FFFF                	MVII #65535,R0
602F   0204 0001                	BEQ T152
6031   0008                     	INCR R0
0x6032                          T152:
6032   0281 0311                	MVI var_&NET_GOTLEN,R1
6034   0379 00A5                	CMPI #165,R1
6036   02B9 FFFF                	MVII #65535,R1
6038   020D 0001                	BGE T153
603A   0009                     	INCR R1
0x603B                          T153:
603B   0188                     	ANDR R1,R0
603C   0204 001F                	BEQ T151
                                	;[582]         IF (PEEK(FN_RX + GAME_ROUND) AND 255) > 5 OR (PEEK(FN_RX + GAME_PLAYERCOUNT) AND 255) > 8 THEN fn_ok = 0
                                	SRCFILE "texas.bas",582
603E   0280 9D91                	MVI 40337,R0
6040   03B8 00FF                	ANDI #255,R0
6042   0378 0005                	CMPI #5,R0
6044   02B8 FFFF                	MVII #65535,R0
6046   020E 0001                	BGT T155
6048   0008                     	INCR R0
0x6049                          T155:
6049   0281 9DE4                	MVI 40420,R1
604B   03B9 00FF                	ANDI #255,R1
604D   0379 0008                	CMPI #8,R1
604F   02B9 FFFF                	MVII #65535,R1
6051   020E 0001                	BGT T156
6053   0009                     	INCR R1
0x6054                          T156:
6054   0019                     	COMR R1
6055   0188                     	ANDR R1,R0
6056   0019                     	COMR R1
6057   01C8                     	XORR R1,R0
6058   0204 0003                	BEQ T154
605A   01C0                     	CLRR R0
605B   0240 0125                	MVO R0,var_FN_OK
0x605D                          T154:
                                	;[583]     END IF
                                	SRCFILE "texas.bas",583
0x605D                          T151:
                                	;[584] 
                                	SRCFILE "texas.bas",584
                                	;[585]     IF fn_ok = 1 AND #net_gotlen >= GAME_MINLEN THEN
                                	SRCFILE "texas.bas",585
605D   0280 0125                	MVI var_FN_OK,R0
605F   0378 0001                	CMPI #1,R0
6061   02B8 FFFF                	MVII #65535,R0
6063   0204 0001                	BEQ T158
6065   0008                     	INCR R0
0x6066                          T158:
6066   0281 0311                	MVI var_&NET_GOTLEN,R1
6068   0379 00A5                	CMPI #165,R1
606A   02B9 FFFF                	MVII #65535,R1
606C   020D 0001                	BGE T159
606E   0009                     	INCR R1
0x606F                          T159:
606F   0188                     	ANDR R1,R0
6070   0204 0016                	BEQ T157
                                	;[586]         #tmp_expect = GAME_PLAYERS + (PEEK(FN_RX + GAME_PLAYERCOUNT) AND 255) * PLAYER_STRIDE
                                	SRCFILE "texas.bas",586
6072   0280 9DE4                	MVI 40420,R0
6074   03B8 00FF                	ANDI #255,R0
                                ;	MULT R0,R4,33
                                	;
6076   0084                                     MOVR    R0,  R4
6077   004C                                     SLL     R0,  2
6078   004C                                     SLL     R0,  2
6079   00C0                     		ADDR	R0,	R0
607A   00E0                                     ADDR    R4,  R0
607B   02F8 00A5                	ADDI #165,R0
607D   0240 0319                	MVO R0,var_&TMP_EXPECT
                                	;[587]         IF #net_gotlen < #tmp_expect THEN fn_ok = 0
                                	SRCFILE "texas.bas",587
607F   0280 0311                	MVI var_&NET_GOTLEN,R0
6081   0340 0319                	CMP var_&TMP_EXPECT,R0
6083   020D 0003                	BGE T160
6085   01C0                     	CLRR R0
6086   0240 0125                	MVO R0,var_FN_OK
0x6088                          T160:
                                	;[588]     END IF
                                	SRCFILE "texas.bas",588
0x6088                          T157:
                                	;[589] 
                                	SRCFILE "texas.bas",589
                                	;[590]     IF fn_ok = 0 OR #net_gotlen < GAME_MINLEN THEN
                                	SRCFILE "texas.bas",590
6088   0280 0125                	MVI var_FN_OK,R0
608A   0080                     	TSTR R0
608B   02B8 FFFF                	MVII #65535,R0
608D   0204 0001                	BEQ T162
608F   0008                     	INCR R0
0x6090                          T162:
6090   0281 0311                	MVI var_&NET_GOTLEN,R1
6092   0379 00A5                	CMPI #165,R1
6094   02B9 FFFF                	MVII #65535,R1
6096   0205 0001                	BLT T163
6098   0009                     	INCR R1
0x6099                          T163:
6099   0019                     	COMR R1
609A   0188                     	ANDR R1,R0
609B   0019                     	COMR R1
609C   01C8                     	XORR R1,R0
609D   0204 0006                	BEQ T161
                                	;[591]         poll_wait = 30
                                	SRCFILE "texas.bas",591
609F   02B8 001E                	MVII #30,R0
60A1   0240 0151                	MVO R0,var_POLL_WAIT
                                	;[592]         GOTO input_check
                                	SRCFILE "texas.bas",592
60A3   0200 00B9                	B label_INPUT_CHECK
                                	;[593]     END IF
                                	SRCFILE "texas.bas",593
0x60A5                          T161:
                                	;[594] 
                                	SRCFILE "texas.bas",594
                                	;[595]     ' Render *before* checking for a new result message: this is the one
                                	SRCFILE "texas.bas",595
                                	;[596]     ' poll whose response actually carries the showdown's revealed hands
                                	SRCFILE "texas.bas",596
                                	;[597]     ' (masked "????" flips to the real hole cards only for this response --
                                	SRCFILE "texas.bas",597
                                	;[598]     ' by the next poll the server has usually already started a new hand
                                	SRCFILE "texas.bas",598
                                	;[599]     ' and reset them). Rendering first means the reveal lands on screen
                                	SRCFILE "texas.bas",599
                                	;[600]     ' before the message overlay below covers the bottom two rows; doing
                                	SRCFILE "texas.bas",600
                                	;[601]     ' it the other way around (as before) meant the reveal was drawn *at
                                	SRCFILE "texas.bas",601
                                	;[602]     ' the earliest* 4 seconds later, by which point it was already gone,
                                	SRCFILE "texas.bas",602
                                	;[603]     ' so it never actually appeared.
                                	SRCFILE "texas.bas",603
                                	;[604]     GOSUB render_game
                                	SRCFILE "texas.bas",604
60A5   0004 0160 017C           	CALL label_RENDER_GAME
                                	;[605] 
                                	SRCFILE "texas.bas",605
                                	;[606]     ' The server sends a one-shot message (e.g. "Fry BOT won with Pair,
                                	SRCFILE "texas.bas",606
                                	;[607]     ' Sixes") in lastResult at the end of a round/hand, but it's normally
                                	SRCFILE "texas.bas",607
                                	;[608]     ' only shown in the single-line status row -- easy to miss entirely
                                	SRCFILE "texas.bas",608
                                	;[609]     ' since bots move fast and the round can already have advanced past
                                	SRCFILE "texas.bas",609
                                	;[610]     ' it by the next poll. Detect a new (changed, non-empty) message via
                                	SRCFILE "texas.bas",610
                                	;[611]     ' a cheap byte-sum "hash" and, when one shows up, black out the
                                	SRCFILE "texas.bas",611
                                	;[612]     ' bottom two rows to display it prominently and hold it there for a
                                	SRCFILE "texas.bas",612
                                	;[613]     ' few seconds before resuming play.
                                	SRCFILE "texas.bas",613
                                	;[614]     #tmp_hash = 0
                                	SRCFILE "texas.bas",614
60A8   01C0                     	CLRR R0
60A9   0240 031A                	MVO R0,var_&TMP_HASH
                                	;[615]     FOR gs_i = 0 TO 19
                                	SRCFILE "texas.bas",615
60AB   0240 0128                	MVO R0,var_GS_I
0x60AD                          T164:
                                	;[616]         #tmp_hash = #tmp_hash + (PEEK(FN_RX + GAME_LASTRESULT + gs_i) AND 255)
                                	SRCFILE "texas.bas",616
60AD   0281 0128                	MVI var_GS_I,R1
60AF   02F9 9D40                	ADDI #40256,R1
60B1   0288                     	MVI@ R1,R0
60B2   03B8 00FF                	ANDI #255,R0
60B4   02C0 031A                	ADD var_&TMP_HASH,R0
60B6   0240 031A                	MVO R0,var_&TMP_HASH
                                	;[617]     NEXT gs_i
                                	SRCFILE "texas.bas",617
60B8   0280 0128                	MVI var_GS_I,R0
60BA   0008                     	INCR R0
60BB   0240 0128                	MVO R0,var_GS_I
60BD   0378 0013                	CMPI #19,R0
60BF   0226 0013                	BLE T164
                                	;[618]     IF first_poll THEN
                                	SRCFILE "texas.bas",618
60C1   0280 0122                	MVI var_FIRST_POLL,R0
60C3   0080                     	TSTR R0
60C4   0204 0009                	BEQ T165
                                	;[619]         first_poll = 0
                                	SRCFILE "texas.bas",619
60C6   01C0                     	CLRR R0
60C7   0240 0122                	MVO R0,var_FIRST_POLL
                                	;[620]         #prev_result_hash = #tmp_hash ' arm the baseline silently; whatever's
                                	SRCFILE "texas.bas",620
60C9   0280 031A                	MVI var_&TMP_HASH,R0
60CB   0240 0316                	MVO R0,var_&PREV_RESULT_HASH
                                	;[621]                                         ' already there predates us sitting down
                                	SRCFILE "texas.bas",621
                                	;[622]     ELSEIF (PEEK(FN_RX + GAME_LASTRESULT) AND 255) <> 0 AND #tmp_hash <> #prev_result_hash THEN
                                	SRCFILE "texas.bas",622
60CD   0200 004D                	B T166
0x60CF                          T165:
60CF   0280 9D40                	MVI 40256,R0
60D1   03B8 00FF                	ANDI #255,R0
60D3   02B8 FFFF                	MVII #65535,R0
60D5   020C 0001                	BNE T168
60D7   0008                     	INCR R0
0x60D8                          T168:
60D8   0281 031A                	MVI var_&TMP_HASH,R1
60DA   0341 0316                	CMP var_&PREV_RESULT_HASH,R1
60DC   02B9 FFFF                	MVII #65535,R1
60DE   020C 0001                	BNE T169
60E0   0009                     	INCR R1
0x60E1                          T169:
60E1   0188                     	ANDR R1,R0
60E2   0204 0038                	BEQ T167
                                	;[623]         #prev_result_hash = #tmp_hash
                                	SRCFILE "texas.bas",623
60E4   0280 031A                	MVI var_&TMP_HASH,R0
60E6   0240 0316                	MVO R0,var_&PREV_RESULT_HASH
                                	;[624]         FOR gs_i = STATUS_ROW - ROWCELLS TO STATUS_ROW + ROWCELLS - 1
                                	SRCFILE "texas.bas",624
60E8   02B8 00C8                	MVII #200,R0
60EA   0240 0128                	MVO R0,var_GS_I
0x60EC                          T170:
                                	;[625]             #BACKTAB(gs_i) = COL_STATUS
                                	SRCFILE "texas.bas",625
60EC   02B8 0007                	MVII #7,R0
60EE   02BB 0200                	MVII #Q2,R3
60F0   02C3 0128                	ADD var_GS_I,R3
60F2   0258                     	MVO@ R0,R3
                                	;[626]         NEXT gs_i
                                	SRCFILE "texas.bas",626
60F3   0280 0128                	MVI var_GS_I,R0
60F5   0008                     	INCR R0
60F6   0240 0128                	MVO R0,var_GS_I
60F8   0378 00EF                	CMPI #239,R0
60FA   0226 000F                	BLE T170
                                	;[627]         #df_src = FN_RX + GAME_LASTRESULT : df_pos = STATUS_ROW - ROWCELLS : df_len = 2 * ROWCELLS : #df_color = COL_STATUS
                                	SRCFILE "texas.bas",627
60FC   02B8 9D40                	MVII #40256,R0
60FE   0240 030B                	MVO R0,var_&DF_SRC
6100   02B8 00C8                	MVII #200,R0
6102   0240 0120                	MVO R0,var_DF_POS
6104   02B8 0028                	MVII #40,R0
6106   0240 011F                	MVO R0,var_DF_LEN
6108   02B8 0007                	MVII #7,R0
610A   0240 030A                	MVO R0,var_&DF_COLOR
                                	;[628]         GOSUB draw_field
                                	SRCFILE "texas.bas",628
610C   0004 0154 0364           	CALL label_DRAW_FIELD
                                	;[629]         GOSUB sound_gamedone
                                	SRCFILE "texas.bas",629
610F   0004 0154 018C           	CALL label_SOUND_GAMEDONE
                                	;[630]         force_redraw = 1 ' restore the felt background under row 10 once play resumes
                                	SRCFILE "texas.bas",630
6112   02B8 0001                	MVII #1,R0
6114   0240 0126                	MVO R0,var_FORCE_REDRAW
                                	;[631]         poll_wait = 240
                                	SRCFILE "texas.bas",631
6116   02B8 00F0                	MVII #240,R0
6118   0240 0151                	MVO R0,var_POLL_WAIT
                                	;[632]         GOTO input_check
                                	SRCFILE "texas.bas",632
611A   0200 0042                	B label_INPUT_CHECK
                                	;[633]     END IF
                                	SRCFILE "texas.bas",633
0x611C                          T166:
0x611C                          T167:
                                	;[634]     poll_wait = 20
                                	SRCFILE "texas.bas",634
611C   02B8 0014                	MVII #20,R0
611E   0240 0151                	MVO R0,var_POLL_WAIT
                                	;[635] 
                                	SRCFILE "texas.bas",635
                                	;[636]     IF active_player = 0 AND (PEEK(FN_RX + GAME_VIEWING) AND 255) = 0 THEN
                                	SRCFILE "texas.bas",636
6120   0280 9D94                	MVI 40340,R0
6122   03B8 00FF                	ANDI #255,R0
6124   0378 00FF                	CMPI #255,R0
6126   02B8 FFFF                	MVII #65535,R0
6128   0204 0001                	BEQ T172
612A   0008                     	INCR R0
0x612B                          T172:
612B   02BD FF00                	MVII #65280,R5
612D   01E4                     	CLRR R4
612E   0006                     	CLRC
612F   0070                     	RRC R0,1
6130   0204 0007                	BEQ T174
0x6132                          T173:
6132   0209 0001                	BNC T175
6134   00EC                     	ADDR R5,R4
0x6135                          T175:
6135   00ED                     	ADDR R5,R5
6136   0078                     	SARC R0,1
6137   022C 0006                	BNE T173
0x6139                          T174:
6139   0209 0001                	BNC T176
613B   00EC                     	ADDR R5,R4
0x613C                          T176:
613C   00A0                     	MOVR R4,R0
613D   0281 9D94                	MVI 40340,R1
613F   03B9 00FF                	ANDI #255,R1
6141   00C8                     	ADDR R1,R0
6142   02B8 FFFF                	MVII #65535,R0
6144   0204 0001                	BEQ T177
6146   0008                     	INCR R0
0x6147                          T177:
6147   0281 9D96                	MVI 40342,R1
6149   03B9 00FF                	ANDI #255,R1
614B   02B9 FFFF                	MVII #65535,R1
614D   0204 0001                	BEQ T178
614F   0009                     	INCR R1
0x6150                          T178:
6150   0188                     	ANDR R1,R0
6151   0204 000B                	BEQ T171
                                	;[637]         GOSUB move_ui
                                	SRCFILE "texas.bas",637
6153   0004 0164 02CD           	CALL label_MOVE_UI
                                	;[638]         IF has_move THEN poll_wait = 0
                                	SRCFILE "texas.bas",638
6156   0280 012B                	MVI var_HAS_MOVE,R0
6158   0080                     	TSTR R0
6159   0204 0003                	BEQ T179
615B   01C0                     	CLRR R0
615C   0240 0151                	MVO R0,var_POLL_WAIT
0x615E                          T179:
                                	;[639]     END IF
                                	SRCFILE "texas.bas",639
0x615E                          T171:
                                	;[640] 
                                	SRCFILE "texas.bas",640
                                	;[641] input_check:
                                	SRCFILE "texas.bas",641
                                	; INPUT_CHECK
0x615E                          label_INPUT_CHECK:	;[642]     IF inp_key_hit = 10 THEN GOSUB ingame_menu
                                	SRCFILE "texas.bas",642
615E   0280 0133                	MVI var_INP_KEY_HIT,R0
6160   0378 000A                	CMPI #10,R0
6162   020C 0003                	BNE T180
6164   0004 0168 0040           	CALL label_INGAME_MENU
0x6167                          T180:
                                	;[643]     IF inp_key_hit = 11 THEN GOSUB show_purses
                                	SRCFILE "texas.bas",643
6167   0280 0133                	MVI var_INP_KEY_HIT,R0
6169   0378 000B                	CMPI #11,R0
616B   020C 0003                	BNE T181
616D   0004 0164 00BF           	CALL label_SHOW_PURSES
0x6170                          T181:
                                	;[644]     IF want_leave THEN
                                	SRCFILE "texas.bas",644
6170   0280 0168                	MVI var_WANT_LEAVE,R0
6172   0080                     	TSTR R0
6173   0204 0005                	BEQ T182
                                	;[645]         want_leave = 0
                                	SRCFILE "texas.bas",645
6175   01C0                     	CLRR R0
6176   0240 0168                	MVO R0,var_WANT_LEAVE
                                	;[646]         GOTO table_select
                                	SRCFILE "texas.bas",646
6178   0220 0479                	B label_TABLE_SELECT
                                	;[647]     END IF
                                	SRCFILE "texas.bas",647
0x617A                          T182:
                                	;[648] 
                                	SRCFILE "texas.bas",648
                                	;[649]     GOTO game_loop
                                	SRCFILE "texas.bas",649
617A   0220 017F                	B label_GAME_LOOP
                                	;[650] 
                                	SRCFILE "texas.bas",650
                                	;[651] ' ===========================================================================
                                	SRCFILE "texas.bas",651
                                	;[652] ' render_game: redraw the table from the Game struct in FN_RX.
                                	SRCFILE "texas.bas",652
                                	;[653] '
                                	SRCFILE "texas.bas",653
                                	;[654] ' IntyBASIC/the STIC have no true page-flip (unlike the C clients' Apple2/
                                	SRCFILE "texas.bas",654
                                	;[655] ' C64 double buffer or CoCo/MSX's SINGLE_BUFFER differential-only mode) --
                                	SRCFILE "texas.bas",655
                                	;[656] ' BACKTAB is read live every frame, so a CLS visibly blanks the screen for
                                	SRCFILE "texas.bas",656
                                	;[657] ' a frame before the redraw lands. Since state only changes ~once per poll
                                	SRCFILE "texas.bas",657
                                	;[658] ' (not per frame), the fix that matters is simply not clearing the whole
                                	SRCFILE "texas.bas",658
                                	;[659] ' screen on every poll: a full CLS only happens on the first render after
                                	SRCFILE "texas.bas",659
                                	;[660] ' entering the game, or when the player count or hand round regresses
                                	SRCFILE "texas.bas",660
                                	;[661] ' (i.e. a new hand started) -- both mean the previous frame's layout is no
                                	SRCFILE "texas.bas",661
                                	;[662] ' longer valid. Every other poll only touches the specific cells whose
                                	SRCFILE "texas.bas",662
                                	;[663] ' values can actually change (pot digits, bet digits, name/card cells,
                                	SRCFILE "texas.bas",663
                                	;[664] ' community board, street label, status row), matching the CoCo/MSX
                                	SRCFILE "texas.bas",664
                                	;[665] ' approach since we're in the same no-real-double-buffer boat they were.
                                	SRCFILE "texas.bas",665
                                	;[666] '
                                	SRCFILE "texas.bas",666
                                	;[667] ' Center layout (all inside the c6-13 corridor no seat's art reaches):
                                	SRCFILE "texas.bas",667
                                	;[668] '   row 3   cells  66-73   street label
                                	SRCFILE "texas.bas",668
                                	;[669] '   row 4-5 cells  87-91   community cards (tops r4, suit bottoms r5)
                                	SRCFILE "texas.bas",669
                                	;[670] '   row 6   cells 127-131  "$" + 4-digit pot
                                	SRCFILE "texas.bas",670
                                	;[671] '   row 7   cells 147-151  "P" + 4-digit purse
                                	SRCFILE "texas.bas",671
                                	;[672] ' ---------------------------------------------------------------------------
                                	SRCFILE "texas.bas",672
                                	;[673] render_game: PROCEDURE
                                	SRCFILE "texas.bas",673
                                	; RENDER_GAME
0x617C                          label_RENDER_GAME:	PROC
617C   0275                     	BEGIN
                                	;[674]     round = PEEK(FN_RX + GAME_ROUND) AND 255
                                	SRCFILE "texas.bas",674
617D   0280 9D91                	MVI 40337,R0
617F   0240 0155                	MVO R0,var_ROUND
                                	;[675]     tmp_pc = PEEK(FN_RX + GAME_PLAYERCOUNT) AND 255
                                	SRCFILE "texas.bas",675
6181   0280 9DE4                	MVI 40420,R0
6183   0240 0167                	MVO R0,var_TMP_PC
                                	;[676] 
                                	SRCFILE "texas.bas",676
                                	;[677]     IF (tmp_pc <> prev_playercount) OR (round < prev_round) OR force_redraw THEN
                                	SRCFILE "texas.bas",677
6185   0280 0167                	MVI var_TMP_PC,R0
6187   0340 0153                	CMP var_PREV_PLAYERCOUNT,R0
6189   02B8 FFFF                	MVII #65535,R0
618B   020C 0001                	BNE T184
618D   0008                     	INCR R0
0x618E                          T184:
618E   0281 0155                	MVI var_ROUND,R1
6190   0341 0154                	CMP var_PREV_ROUND,R1
6192   02B9 FFFF                	MVII #65535,R1
6194   0205 0001                	BLT T185
6196   0009                     	INCR R1
0x6197                          T185:
6197   0019                     	COMR R1
6198   0188                     	ANDR R1,R0
6199   0019                     	COMR R1
619A   01C8                     	XORR R1,R0
619B   0284 0126                	MVI var_FORCE_REDRAW,R4
619D   001C                     	COMR R4
619E   01A0                     	ANDR R4,R0
619F   03C0 0126                	XOR var_FORCE_REDRAW,R0
61A1   0204 0050                	BEQ T183
                                	;[678]         CLS
                                	SRCFILE "texas.bas",678
61A3   0004 0150 0014           	CALL CLRSCR
                                	;[679]         GOSUB fill_bg
                                	SRCFILE "texas.bas",679
61A6   0004 0154 034F           	CALL label_FILL_BG
                                	;[680]         ' Center block, rows 6-7: pot ("$" + value) and your own purse ("P"
                                	SRCFILE "texas.bas",680
                                	;[681]         ' + value) stacked directly beneath it, both pushed down two rows
                                	SRCFILE "texas.bas",681
                                	;[682]         ' from where 5 Card Stud kept them so the community board and its
                                	SRCFILE "texas.bas",682
                                	;[683]         ' street label own rows 3-5 above.
                                	SRCFILE "texas.bas",683
                                	;[684]         PRINT AT 127 COLOR COL_NAME, "$"
                                	SRCFILE "texas.bas",684
61A9   02B8 027F                	MVII #639,R0
61AB   0240 033E                	MVO R0,_screen
61AD   02B8 2007                	MVII #8199,R0
61AF   0240 033F                	MVO R0,_color
61B1   0284 033E                	MVI _screen,R4
61B3   02B8 0020                	MVII #32,R0
61B5   03C0 033F                	XOR _color,R0
61B7   0260                     	MVO@ R0,R4
61B8   0244 033E                	MVO R4,_screen
                                	;[685]         PRINT AT 147 COLOR COL_NAME, "P"
                                	SRCFILE "texas.bas",685
61BA   02B8 0293                	MVII #659,R0
61BC   0240 033E                	MVO R0,_screen
61BE   02B8 2007                	MVII #8199,R0
61C0   0240 033F                	MVO R0,_color
61C2   0284 033E                	MVI _screen,R4
61C4   02B8 0180                	MVII #384,R0
61C6   03C0 033F                	XOR _color,R0
61C8   0260                     	MVO@ R0,R4
61C9   0244 033E                	MVO R4,_screen
                                	;[686]         #prev_pot = 65535   ' force the pot to redraw too on a full layout reset
                                	SRCFILE "texas.bas",686
61CB   02B8 FFFF                	MVII #65535,R0
61CD   0240 0314                	MVO R0,var_&PREV_POT
                                	;[687]         #prev_purse = 65535 ' likewise for purse
                                	SRCFILE "texas.bas",687
61CF   0240 0315                	MVO R0,var_&PREV_PURSE
                                	;[688]         street_redraw = 1   ' the CLS wiped the label; force_redraw is consumed
                                	SRCFILE "texas.bas",688
61D1   02B8 0001                	MVII #1,R0
61D3   0240 0163                	MVO R0,var_STREET_REDRAW
                                	;[689]                             ' right below, so capture the need-to-redraw here
                                	SRCFILE "texas.bas",689
                                	;[690]         force_redraw = 0
                                	SRCFILE "texas.bas",690
61D5   01C0                     	CLRR R0
61D6   0240 0126                	MVO R0,var_FORCE_REDRAW
                                	;[691]         ' A new hand means every seat's hand -- and the community board --
                                	SRCFILE "texas.bas",691
                                	;[692]         ' is starting over. Without this, a seat that had cards last hand
                                	SRCFILE "texas.bas",692
                                	;[693]         ' would treat this hand's first cards as "already dealt" and skip
                                	SRCFILE "texas.bas",693
                                	;[694]         ' animating them, and the next flop would land silently.
                                	SRCFILE "texas.bas",694
                                	;[695]         IF round < prev_round THEN
                                	SRCFILE "texas.bas",695
61D8   0280 0155                	MVI var_ROUND,R0
61DA   0340 0154                	CMP var_PREV_ROUND,R0
61DC   020D 0015                	BGE T186
                                	;[696]             FOR gs_i = 0 TO 7
                                	SRCFILE "texas.bas",696
61DE   01C0                     	CLRR R0
61DF   0240 0128                	MVO R0,var_GS_I
0x61E1                          T187:
                                	;[697]                 prev_cards(gs_i) = 0
                                	SRCFILE "texas.bas",697
61E1   01C0                     	CLRR R0
61E2   02BB 017E                	MVII #array_PREV_CARDS,R3
61E4   02C3 0128                	ADD var_GS_I,R3
61E6   0258                     	MVO@ R0,R3
                                	;[698]             NEXT gs_i
                                	SRCFILE "texas.bas",698
61E7   0280 0128                	MVI var_GS_I,R0
61E9   0008                     	INCR R0
61EA   0240 0128                	MVO R0,var_GS_I
61EC   0378 0007                	CMPI #7,R0
61EE   0226 000E                	BLE T187
                                	;[699]             prev_community = 0
                                	SRCFILE "texas.bas",699
61F0   01C0                     	CLRR R0
61F1   0240 0152                	MVO R0,var_PREV_COMMUNITY
                                	;[700]         END IF
                                	SRCFILE "texas.bas",700
0x61F3                          T186:
                                	;[701]     END IF
                                	SRCFILE "texas.bas",701
0x61F3                          T183:
                                	;[702] 
                                	SRCFILE "texas.bas",702
                                	;[703]     ' prev_playercount=255 is the boot sentinel (first render ever) -- skip
                                	SRCFILE "texas.bas",703
                                	;[704]     ' the join/leave cue then, there's nothing to compare against yet.
                                	SRCFILE "texas.bas",704
                                	;[705]     IF prev_playercount <> 255 THEN
                                	SRCFILE "texas.bas",705
61F3   0280 0153                	MVI var_PREV_PLAYERCOUNT,R0
61F5   0378 00FF                	CMPI #255,R0
61F7   0204 0012                	BEQ T188
                                	;[706]         IF tmp_pc > prev_playercount THEN GOSUB sound_player_join
                                	SRCFILE "texas.bas",706
61F9   0280 0167                	MVI var_TMP_PC,R0
61FB   0340 0153                	CMP var_PREV_PLAYERCOUNT,R0
61FD   0206 0003                	BLE T189
61FF   0004 0154 01D7           	CALL label_SOUND_PLAYER_JOIN
0x6202                          T189:
                                	;[707]         IF tmp_pc < prev_playercount THEN GOSUB sound_player_left
                                	SRCFILE "texas.bas",707
6202   0280 0167                	MVI var_TMP_PC,R0
6204   0340 0153                	CMP var_PREV_PLAYERCOUNT,R0
6206   020D 0003                	BGE T190
6208   0004 0154 0215           	CALL label_SOUND_PLAYER_LEFT
0x620B                          T190:
                                	;[708]     END IF
                                	SRCFILE "texas.bas",708
0x620B                          T188:
                                	;[709]     IF round < prev_round THEN GOSUB sound_deal
                                	SRCFILE "texas.bas",709
620B   0280 0155                	MVI var_ROUND,R0
620D   0340 0154                	CMP var_PREV_ROUND,R0
620F   020D 0003                	BGE T191
6211   0004 0154 01C6           	CALL label_SOUND_DEAL
0x6214                          T191:
                                	;[710]     IF round <> prev_round THEN street_redraw = 1
                                	SRCFILE "texas.bas",710
6214   0280 0155                	MVI var_ROUND,R0
6216   0340 0154                	CMP var_PREV_ROUND,R0
6218   0204 0004                	BEQ T192
621A   02B8 0001                	MVII #1,R0
621C   0240 0163                	MVO R0,var_STREET_REDRAW
0x621E                          T192:
                                	;[711] 
                                	SRCFILE "texas.bas",711
                                	;[712]     prev_playercount = tmp_pc
                                	SRCFILE "texas.bas",712
621E   0280 0167                	MVI var_TMP_PC,R0
6220   0240 0153                	MVO R0,var_PREV_PLAYERCOUNT
                                	;[713]     prev_round = round
                                	SRCFILE "texas.bas",713
6222   0280 0155                	MVI var_ROUND,R0
6224   0240 0154                	MVO R0,var_PREV_ROUND
                                	;[714] 
                                	SRCFILE "texas.bas",714
                                	;[715]     ' Street label, row 3 centered above the community board. street_names
                                	SRCFILE "texas.bas",715
                                	;[716]     ' is 8 space-padded bytes per round value (round already validated <= 5
                                	SRCFILE "texas.bas",716
                                	;[717]     ' before render_game runs), so drawing it both writes the new label and
                                	SRCFILE "texas.bas",717
                                	;[718]     ' blanks the remainder of the field -- no stale text possible.
                                	SRCFILE "texas.bas",718
                                	;[719]     IF street_redraw THEN
                                	SRCFILE "texas.bas",719
6226   0280 0163                	MVI var_STREET_REDRAW,R0
6228   0080                     	TSTR R0
6229   0204 001B                	BEQ T193
                                	;[720]         #df_src = VARPTR street_names(0) + round * 8
                                	SRCFILE "texas.bas",720
622B   02B8 571F                	MVII #label_STREET_NAMES,R0
622D   0281 0155                	MVI var_ROUND,R1
622F   004D                     	SLL R1,2
6230   00C9                     	ADDR R1,R1
6231   00C8                     	ADDR R1,R0
6232   0240 030B                	MVO R0,var_&DF_SRC
                                	;[721]         df_pos = 66 : df_len = 8 : #df_color = COL_NAME
                                	SRCFILE "texas.bas",721
6234   02B8 0042                	MVII #66,R0
6236   0240 0120                	MVO R0,var_DF_POS
6238   02B8 0008                	MVII #8,R0
623A   0240 011F                	MVO R0,var_DF_LEN
623C   02B8 2007                	MVII #8199,R0
623E   0240 030A                	MVO R0,var_&DF_COLOR
                                	;[722]         GOSUB draw_field
                                	SRCFILE "texas.bas",722
6240   0004 0154 0364           	CALL label_DRAW_FIELD
                                	;[723]         street_redraw = 0
                                	SRCFILE "texas.bas",723
6243   01C0                     	CLRR R0
6244   0240 0163                	MVO R0,var_STREET_REDRAW
                                	;[724]     END IF
                                	SRCFILE "texas.bas",724
0x6246                          T193:
                                	;[725] 
                                	SRCFILE "texas.bas",725
                                	;[726]     ' Real hardware/accurate emulation only guarantees a BACKTAB write is
                                	SRCFILE "texas.bas",726
                                	;[727]     ' tear-free if it lands within the vblank window; a full-table redraw
                                	SRCFILE "texas.bas",727
                                	;[728]     ' (dozens of cells plus several PRINT calls, each involving a slow
                                	SRCFILE "texas.bas",728
                                	;[729]     ' division loop for the digits) can run long enough to spill into
                                	SRCFILE "texas.bas",729
                                	;[730]     ' active display, and a live screenshot can catch that half-written
                                	SRCFILE "texas.bas",730
                                	;[731]     ' state -- seen as a stray non-digit glyph where only a digit could
                                	SRCFILE "texas.bas",731
                                	;[732]     ' ever legitimately be. Skipping the PRINT entirely when the value
                                	SRCFILE "texas.bas",732
                                	;[733]     ' hasn't changed since the last poll is what keeps the common-case
                                	SRCFILE "texas.bas",733
                                	;[734]     ' redraw (most fields static from one poll to the next) small enough
                                	SRCFILE "texas.bas",734
                                	;[735]     ' to actually fit in one vblank, rather than trying to chase tearing
                                	SRCFILE "texas.bas",735
                                	;[736]     ' after the fact.
                                	SRCFILE "texas.bas",736
                                	;[737]     #tmp_num = u16be(FN_RX + GAME_POT)
                                	SRCFILE "texas.bas",737
6246   0280 9D93                	MVI 40339,R0
6248   03B8 00FF                	ANDI #255,R0
624A   0040                     	SWAP R0
624B   03B8 FF00                	ANDI #65280,R0
624D   0281 9D92                	MVI 40338,R1
624F   03B9 00FF                	ANDI #255,R1
6251   00C8                     	ADDR R1,R0
6252   0240 031B                	MVO R0,var_&TMP_NUM
                                	;[738]     IF #tmp_num <> #prev_pot THEN
                                	SRCFILE "texas.bas",738
6254   0340 0314                	CMP var_&PREV_POT,R0
6256   0204 002F                	BEQ T194
                                	;[739]         IF #tmp_num > #prev_pot AND #prev_pot <> 65535 THEN GOSUB sound_chip
                                	SRCFILE "texas.bas",739
6258   0340 0314                	CMP var_&PREV_POT,R0
625A   02B8 FFFF                	MVII #65535,R0
625C   020E 0001                	BGT T196
625E   0008                     	INCR R0
0x625F                          T196:
625F   0281 0314                	MVI var_&PREV_POT,R1
6261   0379 FFFF                	CMPI #65535,R1
6263   02B9 FFFF                	MVII #65535,R1
6265   020C 0001                	BNE T197
6267   0009                     	INCR R1
0x6268                          T197:
6268   0188                     	ANDR R1,R0
6269   0204 0003                	BEQ T195
626B   0004 0154 0282           	CALL label_SOUND_CHIP
0x626E                          T195:
                                	;[740]         PRINT AT 128 COLOR COL_NAME, <.4>#tmp_num
                                	SRCFILE "texas.bas",740
626E   02B8 0280                	MVII #640,R0
6270   0240 033E                	MVO R0,_screen
6272   02B8 2007                	MVII #8199,R0
6274   0240 033F                	MVO R0,_color
6276   0280 031B                	MVI var_&TMP_NUM,R0
6278   02BA 0004                	MVII #4,R2
627A   0283 033F                	MVI _color,R3
627C   0284 033E                	MVI _screen,R4
627E   0004 016C 01CE           	CALL PRNUM16.b
6281   0244 033E                	MVO R4,_screen
                                	;[741]         #prev_pot = #tmp_num
                                	SRCFILE "texas.bas",741
6283   0280 031B                	MVI var_&TMP_NUM,R0
6285   0240 0314                	MVO R0,var_&PREV_POT
                                	;[742]     END IF
                                	SRCFILE "texas.bas",742
0x6287                          T194:
                                	;[743] 
                                	SRCFILE "texas.bas",743
                                	;[744]     ' Your own purse (wire index 0 is always you, per the server's rotation
                                	SRCFILE "texas.bas",744
                                	;[745]     ' -- see state.bas), directly under the pot.
                                	SRCFILE "texas.bas",745
                                	;[746]     #tmp_num = u16be(player_addr(0) + PL_PURSE)
                                	SRCFILE "texas.bas",746
6287   0280 9DFA                	MVI 40442,R0
6289   03B8 00FF                	ANDI #255,R0
628B   0040                     	SWAP R0
628C   03B8 FF00                	ANDI #65280,R0
628E   0281 9DF9                	MVI 40441,R1
6290   03B9 00FF                	ANDI #255,R1
6292   00C8                     	ADDR R1,R0
6293   0240 031B                	MVO R0,var_&TMP_NUM
                                	;[747]     IF #tmp_num <> #prev_purse THEN
                                	SRCFILE "texas.bas",747
6295   0340 0315                	CMP var_&PREV_PURSE,R0
6297   0204 0019                	BEQ T198
                                	;[748]         PRINT AT 148 COLOR COL_NAME, <.4>#tmp_num
                                	SRCFILE "texas.bas",748
6299   02B8 0294                	MVII #660,R0
629B   0240 033E                	MVO R0,_screen
629D   02B8 2007                	MVII #8199,R0
629F   0240 033F                	MVO R0,_color
62A1   0280 031B                	MVI var_&TMP_NUM,R0
62A3   02BA 0004                	MVII #4,R2
62A5   0283 033F                	MVI _color,R3
62A7   0284 033E                	MVI _screen,R4
62A9   0004 016C 01CE           	CALL PRNUM16.b
62AC   0244 033E                	MVO R4,_screen
                                	;[749]         #prev_purse = #tmp_num
                                	SRCFILE "texas.bas",749
62AE   0280 031B                	MVI var_&TMP_NUM,R0
62B0   0240 0315                	MVO R0,var_&PREV_PURSE
                                	;[750]     END IF
                                	SRCFILE "texas.bas",750
0x62B2                          T198:
                                	;[751] 
                                	SRCFILE "texas.bas",751
                                	;[752]     ' Community board: up to 5 cards, drawn every poll exactly like the
                                	SRCFILE "texas.bas",752
                                	;[753]     ' seat hands below (so the flop/turn/river land in place without a
                                	SRCFILE "texas.bas",753
                                	;[754]     ' CLS); only the deal click is gated on prev_community. The scan bound
                                	SRCFILE "texas.bas",754
                                	;[755]     ' is 5 slots (offsets 87-96 -- byte 97 is the field's NUL, never a 6th
                                	SRCFILE "texas.bas",755
                                	;[756]     ' card), and cards fill contiguously from index 0, so the count dealt
                                	SRCFILE "texas.bas",756
                                	;[757]     ' is 1 + the highest nonzero index.
                                	SRCFILE "texas.bas",757
                                	;[758]     deal_count = 0
                                	SRCFILE "texas.bas",758
62B2   01C0                     	CLRR R0
62B3   0240 011C                	MVO R0,var_DEAL_COUNT
                                	;[759]     FOR mv_sel = 0 TO 4
                                	SRCFILE "texas.bas",759
62B5   0240 0147                	MVO R0,var_MV_SEL
0x62B7                          T199:
                                	;[760]         card = PEEK(FN_RX + GAME_COMMUNITY + mv_sel * 2) AND 255
                                	SRCFILE "texas.bas",760
62B7   0281 0147                	MVI var_MV_SEL,R1
62B9   0049                     	SLL R1,1
62BA   02F9 9D97                	ADDI #40343,R1
62BC   0288                     	MVI@ R1,R0
62BD   0240 0119                	MVO R0,var_CARD
                                	;[761]         IF card <> 0 THEN deal_count = mv_sel + 1
                                	SRCFILE "texas.bas",761
62BF   0280 0119                	MVI var_CARD,R0
62C1   0080                     	TSTR R0
62C2   0204 0005                	BEQ T200
62C4   0280 0147                	MVI var_MV_SEL,R0
62C6   0008                     	INCR R0
62C7   0240 011C                	MVO R0,var_DEAL_COUNT
0x62C9                          T200:
                                	;[762]     NEXT mv_sel
                                	SRCFILE "texas.bas",762
62C9   0280 0147                	MVI var_MV_SEL,R0
62CB   0008                     	INCR R0
62CC   0240 0147                	MVO R0,var_MV_SEL
62CE   0378 0004                	CMPI #4,R0
62D0   0226 001A                	BLE T199
                                	;[763]     ' The board can shrink without an intervening CLS: the server sends a
                                	SRCFILE "texas.bas",763
                                	;[764]     ' masked "??" board in some transitional states (seen live: one card
                                	SRCFILE "texas.bas",764
                                	;[765]     ' back drawn at pre-flop right after joining a table mid-hand), and
                                	SRCFILE "texas.bas",765
                                	;[766]     ' once the wire reverts to empty the draw loop below simply stops at
                                	SRCFILE "texas.bas",766
                                	;[767]     ' deal_count -- nothing else ever touches the leftover cells. Blank
                                	SRCFILE "texas.bas",767
                                	;[768]     ' any cell we drew last poll that has no card this poll back to felt
                                	SRCFILE "texas.bas",768
                                	;[769]     ' (same bare color-word idiom as fill_bg).
                                	SRCFILE "texas.bas",769
                                	;[770]     IF deal_count < prev_community THEN
                                	SRCFILE "texas.bas",770
62D2   0280 011C                	MVI var_DEAL_COUNT,R0
62D4   0340 0152                	CMP var_PREV_COMMUNITY,R0
62D6   020D 0017                	BGE T201
                                	;[771]         FOR mv_sel = deal_count TO prev_community - 1
                                	SRCFILE "texas.bas",771
62D8   0240 0147                	MVO R0,var_MV_SEL
0x62DA                          T202:
                                	;[772]             #BACKTAB(87 + mv_sel) = COL_NAME
                                	SRCFILE "texas.bas",772
62DA   02B8 2007                	MVII #8199,R0
62DC   02BB 0257                	MVII #Q2+87,R3
62DE   02C3 0147                	ADD var_MV_SEL,R3
62E0   0258                     	MVO@ R0,R3
                                	;[773]             #BACKTAB(107 + mv_sel) = COL_NAME
                                	SRCFILE "texas.bas",773
62E1   02FB 0014                	ADDI #20,R3
62E3   0258                     	MVO@ R0,R3
                                	;[774]         NEXT mv_sel
                                	SRCFILE "texas.bas",774
62E4   0280 0147                	MVI var_MV_SEL,R0
62E6   0008                     	INCR R0
62E7   0240 0147                	MVO R0,var_MV_SEL
62E9   0281 0152                	MVI var_PREV_COMMUNITY,R1
62EB   0011                     	DECR R1
62EC   0148                     	CMPR R1,R0
62ED   0226 0014                	BLE T202
                                	;[775]     END IF
                                	SRCFILE "texas.bas",775
0x62EF                          T201:
                                	;[776]     FOR mv_sel = 0 TO deal_count - 1
                                	SRCFILE "texas.bas",776
62EF   01C0                     	CLRR R0
62F0   0240 0147                	MVO R0,var_MV_SEL
0x62F2                          T203:
                                	;[777]         card = PEEK(FN_RX + GAME_COMMUNITY + mv_sel * 2) AND 255
                                	SRCFILE "texas.bas",777
62F2   0281 0147                	MVI var_MV_SEL,R1
62F4   0049                     	SLL R1,1
62F5   02F9 9D97                	ADDI #40343,R1
62F7   0288                     	MVI@ R1,R0
62F8   0240 0119                	MVO R0,var_CARD
                                	;[778]         suit = PEEK(FN_RX + GAME_COMMUNITY + mv_sel * 2 + 1) AND 255
                                	SRCFILE "texas.bas",778
62FA   0281 0147                	MVI var_MV_SEL,R1
62FC   0049                     	SLL R1,1
62FD   02F9 9D98                	ADDI #40344,R1
62FF   0288                     	MVI@ R1,R0
6300   0240 0164                	MVO R0,var_SUIT
                                	;[779]         IF mv_sel >= prev_community THEN GOSUB sound_deal
                                	SRCFILE "texas.bas",779
6302   0280 0147                	MVI var_MV_SEL,R0
6304   0340 0152                	CMP var_PREV_COMMUNITY,R0
6306   0205 0003                	BLT T204
6308   0004 0154 01C6           	CALL label_SOUND_DEAL
0x630B                          T204:
                                	;[780]         conv_in = card : GOSUB card_from_ascii : card = conv_out
                                	SRCFILE "texas.bas",780
630B   0280 0119                	MVI var_CARD,R0
630D   0240 011A                	MVO R0,var_CONV_IN
630F   0004 0164 014D           	CALL label_CARD_FROM_ASCII
6312   0280 011B                	MVI var_CONV_OUT,R0
6314   0240 0119                	MVO R0,var_CARD
                                	;[781]         conv_in = suit : GOSUB suit_from_ascii : suit = conv_out
                                	SRCFILE "texas.bas",781
6316   0280 0164                	MVI var_SUIT,R0
6318   0240 011A                	MVO R0,var_CONV_IN
631A   0004 0164 01EE           	CALL label_SUIT_FROM_ASCII
631D   0280 011B                	MVI var_CONV_OUT,R0
631F   0240 0164                	MVO R0,var_SUIT
                                	;[782]         p = 87 + mv_sel
                                	SRCFILE "texas.bas",782
6321   0280 0147                	MVI var_MV_SEL,R0
6323   02F8 0057                	ADDI #87,R0
6325   0240 014E                	MVO R0,var_P
                                	;[783]         GOSUB print_card
                                	SRCFILE "texas.bas",783
6327   0004 0154 005E           	CALL label_PRINT_CARD
                                	;[784]     NEXT mv_sel
                                	SRCFILE "texas.bas",784
632A   0280 0147                	MVI var_MV_SEL,R0
632C   0008                     	INCR R0
632D   0240 0147                	MVO R0,var_MV_SEL
632F   0281 011C                	MVI var_DEAL_COUNT,R1
6331   0011                     	DECR R1
6332   0148                     	CMPR R1,R0
6333   0226 0042                	BLE T203
                                	;[785]     prev_community = deal_count
                                	SRCFILE "texas.bas",785
6335   0280 011C                	MVI var_DEAL_COUNT,R0
6337   0240 0152                	MVO R0,var_PREV_COMMUNITY
                                	;[786]     ' Same one-vblank-budget reasoning as the per-seat WAIT below: yield a
                                	SRCFILE "texas.bas",786
                                	;[787]     ' frame after the board so a flop's 5 fresh cells plus the seat loop's
                                	SRCFILE "texas.bas",787
                                	;[788]     ' first seat can't pile into the same vblank.
                                	SRCFILE "texas.bas",788
                                	;[789]     WAIT
                                	SRCFILE "texas.bas",789
6339   0004 016C 001E           	CALL _wait
                                	;[790] 
                                	SRCFILE "texas.bas",790
                                	;[791]     gs_j = tmp_pc - 2
                                	SRCFILE "texas.bas",791
633C   0280 0167                	MVI var_TMP_PC,R0
633E   0338 0002                	SUBI #2,R0
6340   0240 0129                	MVO R0,var_GS_J
                                	;[792]     IF gs_j < 0 THEN gs_j = 0
                                	SRCFILE "texas.bas",792
6342   0280 0129                	MVI var_GS_J,R0
6344   0378 0000                	CMPI #0,R0
6346   020D 0003                	BGE T205
6348   01C0                     	CLRR R0
6349   0240 0129                	MVO R0,var_GS_J
0x634B                          T205:
                                	;[793]     IF gs_j > 6 THEN gs_j = 6
                                	SRCFILE "texas.bas",793
634B   0280 0129                	MVI var_GS_J,R0
634D   0378 0006                	CMPI #6,R0
634F   0206 0004                	BLE T206
6351   02B8 0006                	MVII #6,R0
6353   0240 0129                	MVO R0,var_GS_J
0x6355                          T206:
                                	;[794] 
                                	SRCFILE "texas.bas",794
                                	;[795]     FOR gs_i = 0 TO tmp_pc - 1
                                	SRCFILE "texas.bas",795
6355   01C0                     	CLRR R0
6356   0240 0128                	MVO R0,var_GS_I
0x6358                          T207:
                                	;[796]         sel_seat = PEEK(VARPTR seatmap(0) + gs_j * 8 + gs_i) AND 255
                                	SRCFILE "texas.bas",796
6358   02B9 5699                	MVII #label_SEATMAP,R1
635A   0282 0129                	MVI var_GS_J,R2
635C   004E                     	SLL R2,2
635D   00D2                     	ADDR R2,R2
635E   00D1                     	ADDR R2,R1
635F   02C1 0128                	ADD var_GS_I,R1
6361   0288                     	MVI@ R1,R0
6362   0240 0157                	MVO R0,var_SEL_SEAT
                                	;[797]         IF sel_seat <> 255 THEN
                                	SRCFILE "texas.bas",797
6364   0280 0157                	MVI var_SEL_SEAT,R0
6366   0378 00FF                	CMPI #255,R0
6368   0204 0146                	BEQ T208
                                	;[798]             sel_i = PEEK(VARPTR seat_name_off(0) + sel_seat) AND 255
                                	SRCFILE "texas.bas",798
636A   02BB 5691                	MVII #label_SEAT_NAME_OFF,R3
636C   00C3                     	ADDR R0,R3
636D   0298                     	MVI@ R3,R0
636E   0240 0156                	MVO R0,var_SEL_I
                                	;[799] 
                                	SRCFILE "texas.bas",799
                                	;[800]             #gs_c = COL_NAME
                                	SRCFILE "texas.bas",800
6370   02B8 2007                	MVII #8199,R0
6372   0240 030F                	MVO R0,var_&GS_C
                                	;[801]             IF gs_i = active_player THEN #gs_c = COL_HILITE
                                	SRCFILE "texas.bas",801
6374   0280 9D94                	MVI 40340,R0
6376   03B8 00FF                	ANDI #255,R0
6378   0378 00FF                	CMPI #255,R0
637A   02B8 FFFF                	MVII #65535,R0
637C   0204 0001                	BEQ T210
637E   0008                     	INCR R0
0x637F                          T210:
637F   02BD FF00                	MVII #65280,R5
6381   01E4                     	CLRR R4
6382   0006                     	CLRC
6383   0070                     	RRC R0,1
6384   0204 0007                	BEQ T212
0x6386                          T211:
6386   0209 0001                	BNC T213
6388   00EC                     	ADDR R5,R4
0x6389                          T213:
6389   00ED                     	ADDR R5,R5
638A   0078                     	SARC R0,1
638B   022C 0006                	BNE T211
0x638D                          T212:
638D   0209 0001                	BNC T214
638F   00EC                     	ADDR R5,R4
0x6390                          T214:
6390   00A0                     	MOVR R4,R0
6391   0281 9D94                	MVI 40340,R1
6393   03B9 00FF                	ANDI #255,R1
6395   00C8                     	ADDR R1,R0
6396   0281 0128                	MVI var_GS_I,R1
6398   0148                     	CMPR R1,R0
6399   020C 0004                	BNE T209
639B   02B8 2006                	MVII #8198,R0
639D   0240 030F                	MVO R0,var_&GS_C
0x639F                          T209:
                                	;[802] 
                                	SRCFILE "texas.bas",802
                                	;[803]             #tmp_addr = player_addr(gs_i)
                                	SRCFILE "texas.bas",803
639F   0280 0128                	MVI var_GS_I,R0
                                ;	MULT R0,R4,33
                                	;
63A1   0084                                     MOVR    R0,  R4
63A2   004C                                     SLL     R0,  2
63A3   004C                                     SLL     R0,  2
63A4   00C0                     		ADDR	R0,	R0
63A5   00E0                                     ADDR    R4,  R0
63A6   02F8 9DE5                	ADDI #40421,R0
63A8   0240 0318                	MVO R0,var_&TMP_ADDR
                                	;[804]             #df_src = #tmp_addr + PL_NAME : df_pos = sel_i : df_len = 4 : #df_color = #gs_c
                                	SRCFILE "texas.bas",804
63AA   0240 030B                	MVO R0,var_&DF_SRC
63AC   0280 0156                	MVI var_SEL_I,R0
63AE   0240 0120                	MVO R0,var_DF_POS
63B0   02B8 0004                	MVII #4,R0
63B2   0240 011F                	MVO R0,var_DF_LEN
63B4   0280 030F                	MVI var_&GS_C,R0
63B6   0240 030A                	MVO R0,var_&DF_COLOR
                                	;[805]             GOSUB draw_field
                                	SRCFILE "texas.bas",805
63B8   0004 0154 0364           	CALL label_DRAW_FIELD
                                	;[806] 
                                	SRCFILE "texas.bas",806
                                	;[807]             #tmp_num = u16be(#tmp_addr + PL_BET)
                                	SRCFILE "texas.bas",807
63BB   0281 0318                	MVI var_&TMP_ADDR,R1
63BD   02F9 000B                	ADDI #11,R1
63BF   0288                     	MVI@ R1,R0
63C0   03B8 00FF                	ANDI #255,R0
63C2   0040                     	SWAP R0
63C3   03B8 FF00                	ANDI #65280,R0
63C5   0281 0318                	MVI var_&TMP_ADDR,R1
63C7   02F9 000A                	ADDI #10,R1
63C9   0289                     	MVI@ R1,R1
63CA   03B9 00FF                	ANDI #255,R1
63CC   00C8                     	ADDR R1,R0
63CD   0240 031B                	MVO R0,var_&TMP_NUM
                                	;[808]             ' Clamp to 99: the bet field is 2 cells wide (a 3-digit PRINT
                                	SRCFILE "texas.bas",808
                                	;[809]             ' would spill a digit past it -- for the right-edge seats,
                                	SRCFILE "texas.bas",809
                                	;[810]             ' whose bet sits in the row's last 2 columns, that digit wraps
                                	SRCFILE "texas.bas",810
                                	;[811]             ' to the next row on top of another seat's card cell), and it
                                	SRCFILE "texas.bas",811
                                	;[812]             ' keeps the value inside prev_bet's 8-bit range for the
                                	SRCFILE "texas.bas",812
                                	;[813]             ' change-detection compare. Hold'em raises pass 100 routinely,
                                	SRCFILE "texas.bas",813
                                	;[814]             ' unlike 5 Card Stud where this was only latent.
                                	SRCFILE "texas.bas",814
                                	;[815]             IF #tmp_num > 99 THEN #tmp_num = 99
                                	SRCFILE "texas.bas",815
63CF   0378 0063                	CMPI #99,R0
63D1   0206 0004                	BLE T215
63D3   02B8 0063                	MVII #99,R0
63D5   0240 031B                	MVO R0,var_&TMP_NUM
0x63D7                          T215:
                                	;[816]             IF #tmp_num <> prev_bet(sel_seat) THEN
                                	SRCFILE "texas.bas",816
63D7   0280 031B                	MVI var_&TMP_NUM,R0
63D9   02BB 0176                	MVII #array_PREV_BET,R3
63DB   02C3 0157                	ADD var_SEL_SEAT,R3
63DD   0358                     	CMP@ R3,R0
63DE   0204 001E                	BEQ T216
                                	;[817]                 PRINT AT sel_i + 4 COLOR #gs_c, <2>#tmp_num
                                	SRCFILE "texas.bas",817
63E0   0280 0156                	MVI var_SEL_I,R0
63E2   02F8 0204                	ADDI #516,R0
63E4   0240 033E                	MVO R0,_screen
63E6   0280 030F                	MVI var_&GS_C,R0
63E8   0240 033F                	MVO R0,_color
63EA   0280 031B                	MVI var_&TMP_NUM,R0
63EC   02BA 0002                	MVII #2,R2
63EE   0283 033F                	MVI _color,R3
63F0   0284 033E                	MVI _screen,R4
63F2   0004 016C 01D1           	CALL PRNUM16.z
63F5   0244 033E                	MVO R4,_screen
                                	;[818]                 prev_bet(sel_seat) = #tmp_num
                                	SRCFILE "texas.bas",818
63F7   0280 031B                	MVI var_&TMP_NUM,R0
63F9   02BB 0176                	MVII #array_PREV_BET,R3
63FB   02C3 0157                	ADD var_SEL_SEAT,R3
63FD   0258                     	MVO@ R0,R3
                                	;[819]             END IF
                                	SRCFILE "texas.bas",819
0x63FE                          T216:
                                	;[820] 
                                	SRCFILE "texas.bas",820
                                	;[821]             ' Hole cards (2 in Hold'em) fill the hand contiguously from
                                	SRCFILE "texas.bas",821
                                	;[822]             ' index 0 (never a gap), so the count currently dealt is just
                                	SRCFILE "texas.bas",822
                                	;[823]             ' 1 + the highest nonzero index. Comparing that against what
                                	SRCFILE "texas.bas",823
                                	;[824]             ' this seat showed last poll (prev_cards) is what tells a
                                	SRCFILE "texas.bas",824
                                	;[825]             ' genuinely new card apart from one we've already drawn on
                                	SRCFILE "texas.bas",825
                                	;[826]             ' every previous poll.
                                	SRCFILE "texas.bas",826
                                	;[827]             deal_count = 0
                                	SRCFILE "texas.bas",827
63FE   01C0                     	CLRR R0
63FF   0240 011C                	MVO R0,var_DEAL_COUNT
                                	;[828]             FOR mv_sel = 0 TO 1
                                	SRCFILE "texas.bas",828
6401   0240 0147                	MVO R0,var_MV_SEL
0x6403                          T217:
                                	;[829]                 card = PEEK(#tmp_addr + PL_HAND + mv_sel * 2) AND 255
                                	SRCFILE "texas.bas",829
6403   0281 0318                	MVI var_&TMP_ADDR,R1
6405   02F9 0016                	ADDI #22,R1
6407   0282 0147                	MVI var_MV_SEL,R2
6409   004A                     	SLL R2,1
640A   00D1                     	ADDR R2,R1
640B   0288                     	MVI@ R1,R0
640C   0240 0119                	MVO R0,var_CARD
                                	;[830]                 IF card <> 0 THEN deal_count = mv_sel + 1
                                	SRCFILE "texas.bas",830
640E   0280 0119                	MVI var_CARD,R0
6410   0080                     	TSTR R0
6411   0204 0005                	BEQ T218
6413   0280 0147                	MVI var_MV_SEL,R0
6415   0008                     	INCR R0
6416   0240 011C                	MVO R0,var_DEAL_COUNT
0x6418                          T218:
                                	;[831]             NEXT mv_sel
                                	SRCFILE "texas.bas",831
6418   0280 0147                	MVI var_MV_SEL,R0
641A   0008                     	INCR R0
641B   0240 0147                	MVO R0,var_MV_SEL
641D   0378 0001                	CMPI #1,R0
641F   0226 001D                	BLE T217
                                	;[832] 
                                	SRCFILE "texas.bas",832
                                	;[833]             ' Same shrink-without-CLS gap as the community board above: a
                                	SRCFILE "texas.bas",833
                                	;[834]             ' fold shrinks "????" (2 backs) to "??" (1 back), and the
                                	SRCFILE "texas.bas",834
                                	;[835]             ' draw loop below would leave the second back on screen
                                	SRCFILE "texas.bas",835
                                	;[836]             ' forever. Blank the cells this seat showed last poll but not
                                	SRCFILE "texas.bas",836
                                	;[837]             ' this one.
                                	SRCFILE "texas.bas",837
                                	;[838]             IF deal_count < prev_cards(sel_seat) THEN
                                	SRCFILE "texas.bas",838
6421   0280 011C                	MVI var_DEAL_COUNT,R0
6423   02BB 017E                	MVII #array_PREV_CARDS,R3
6425   02C3 0157                	ADD var_SEL_SEAT,R3
6427   0358                     	CMP@ R3,R0
6428   020D 002A                	BGE T219
                                	;[839]                 FOR mv_sel = deal_count TO prev_cards(sel_seat) - 1
                                	SRCFILE "texas.bas",839
642A   0240 0147                	MVO R0,var_MV_SEL
0x642C                          T220:
                                	;[840]                     #BACKTAB(sel_i + 20 + mv_sel) = COL_NAME
                                	SRCFILE "texas.bas",840
642C   02B8 0200                	MVII #Q2,R0
642E   0281 0156                	MVI var_SEL_I,R1
6430   02F9 0014                	ADDI #20,R1
6432   02C1 0147                	ADD var_MV_SEL,R1
6434   00C8                     	ADDR R1,R0
6435   02B9 2007                	MVII #8199,R1
6437   0084                     	MOVR R0,R4
6438   0261                     	MVO@ R1,R4
                                	;[841]                     #BACKTAB(sel_i + 40 + mv_sel) = COL_NAME
                                	SRCFILE "texas.bas",841
6439   02B8 0200                	MVII #Q2,R0
643B   0281 0156                	MVI var_SEL_I,R1
643D   02F9 0028                	ADDI #40,R1
643F   02C1 0147                	ADD var_MV_SEL,R1
6441   00C8                     	ADDR R1,R0
6442   02B9 2007                	MVII #8199,R1
6444   0084                     	MOVR R0,R4
6445   0261                     	MVO@ R1,R4
                                	;[842]                 NEXT mv_sel
                                	SRCFILE "texas.bas",842
6446   0280 0147                	MVI var_MV_SEL,R0
6448   0008                     	INCR R0
6449   0240 0147                	MVO R0,var_MV_SEL
644B   02BB 017E                	MVII #array_PREV_CARDS,R3
644D   02C3 0157                	ADD var_SEL_SEAT,R3
644F   0299                     	MVI@ R3,R1
6450   0011                     	DECR R1
6451   0148                     	CMPR R1,R0
6452   0226 0027                	BLE T220
                                	;[843]             END IF
                                	SRCFILE "texas.bas",843
0x6454                          T219:
                                	;[844] 
                                	SRCFILE "texas.bas",844
                                	;[845]             FOR mv_sel = 0 TO deal_count - 1
                                	SRCFILE "texas.bas",845
6454   01C0                     	CLRR R0
6455   0240 0147                	MVO R0,var_MV_SEL
0x6457                          T221:
                                	;[846]                 card = PEEK(#tmp_addr + PL_HAND + mv_sel * 2) AND 255
                                	SRCFILE "texas.bas",846
6457   0281 0318                	MVI var_&TMP_ADDR,R1
6459   02F9 0016                	ADDI #22,R1
645B   0282 0147                	MVI var_MV_SEL,R2
645D   004A                     	SLL R2,1
645E   00D1                     	ADDR R2,R1
645F   0288                     	MVI@ R1,R0
6460   0240 0119                	MVO R0,var_CARD
                                	;[847]                 suit = PEEK(#tmp_addr + PL_HAND + mv_sel * 2 + 1) AND 255
                                	SRCFILE "texas.bas",847
6462   0281 0318                	MVI var_&TMP_ADDR,R1
6464   02F9 0016                	ADDI #22,R1
6466   0282 0147                	MVI var_MV_SEL,R2
6468   004A                     	SLL R2,1
6469   00D1                     	ADDR R2,R1
646A   0009                     	INCR R1
646B   0288                     	MVI@ R1,R0
646C   0240 0164                	MVO R0,var_SUIT
                                	;[848]                 ' A card index this seat hasn't shown before is a fresh
                                	SRCFILE "texas.bas",848
                                	;[849]                 ' deal -- the click (and its own built-in pause) stands in
                                	SRCFILE "texas.bas",849
                                	;[850]                 ' for the "card landing on the table" beat, instead of
                                	SRCFILE "texas.bas",850
                                	;[851]                 ' every new card just popping in silently and instantly
                                	SRCFILE "texas.bas",851
                                	;[852]                 ' like the C clients' animated deal never happens here.
                                	SRCFILE "texas.bas",852
                                	;[853]                 IF mv_sel >= prev_cards(sel_seat) THEN GOSUB sound_deal
                                	SRCFILE "texas.bas",853
646E   0280 0147                	MVI var_MV_SEL,R0
6470   02BB 017E                	MVII #array_PREV_CARDS,R3
6472   02C3 0157                	ADD var_SEL_SEAT,R3
6474   0358                     	CMP@ R3,R0
6475   0205 0003                	BLT T222
6477   0004 0154 01C6           	CALL label_SOUND_DEAL
0x647A                          T222:
                                	;[854]                 ' card=0/suit=0 after conversion (an unrecognized wire
                                	SRCFILE "texas.bas",854
                                	;[855]                 ' char, e.g. "??" for a folded/masked hand) is itself a
                                	SRCFILE "texas.bas",855
                                	;[856]                 ' valid "hidden" input to print_card -- draws the card-
                                	SRCFILE "texas.bas",856
                                	;[857]                 ' back glyph, which is what keeps a folded/masked card
                                	SRCFILE "texas.bas",857
                                	;[858]                 ' from leaving stale rank art on screen instead of just
                                	SRCFILE "texas.bas",858
                                	;[859]                 ' going quiet. The showdown flip needs no code at all:
                                	SRCFILE "texas.bas",859
                                	;[860]                 ' the server swaps "????" for the real chars in this
                                	SRCFILE "texas.bas",860
                                	;[861]                 ' response and this same loop redraws whatever arrives.
                                	SRCFILE "texas.bas",861
                                	;[862]                 conv_in = card : GOSUB card_from_ascii : card = conv_out
                                	SRCFILE "texas.bas",862
647A   0280 0119                	MVI var_CARD,R0
647C   0240 011A                	MVO R0,var_CONV_IN
647E   0004 0164 014D           	CALL label_CARD_FROM_ASCII
6481   0280 011B                	MVI var_CONV_OUT,R0
6483   0240 0119                	MVO R0,var_CARD
                                	;[863]                 conv_in = suit : GOSUB suit_from_ascii : suit = conv_out
                                	SRCFILE "texas.bas",863
6485   0280 0164                	MVI var_SUIT,R0
6487   0240 011A                	MVO R0,var_CONV_IN
6489   0004 0164 01EE           	CALL label_SUIT_FROM_ASCII
648C   0280 011B                	MVI var_CONV_OUT,R0
648E   0240 0164                	MVO R0,var_SUIT
                                	;[864]                 p = sel_i + 20 + mv_sel
                                	SRCFILE "texas.bas",864
6490   0280 0156                	MVI var_SEL_I,R0
6492   02F8 0014                	ADDI #20,R0
6494   02C0 0147                	ADD var_MV_SEL,R0
6496   0240 014E                	MVO R0,var_P
                                	;[865]                 GOSUB print_card
                                	SRCFILE "texas.bas",865
6498   0004 0154 005E           	CALL label_PRINT_CARD
                                	;[866]             NEXT mv_sel
                                	SRCFILE "texas.bas",866
649B   0280 0147                	MVI var_MV_SEL,R0
649D   0008                     	INCR R0
649E   0240 0147                	MVO R0,var_MV_SEL
64A0   0281 011C                	MVI var_DEAL_COUNT,R1
64A2   0011                     	DECR R1
64A3   0148                     	CMPR R1,R0
64A4   0226 004E                	BLE T221
                                	;[867]             prev_cards(sel_seat) = deal_count
                                	SRCFILE "texas.bas",867
64A6   0280 011C                	MVI var_DEAL_COUNT,R0
64A8   02BB 017E                	MVII #array_PREV_CARDS,R3
64AA   02C3 0157                	ADD var_SEL_SEAT,R3
64AC   0258                     	MVO@ R0,R3
                                	;[868] 
                                	SRCFILE "texas.bas",868
                                	;[869]             ' One seat's worth of pokes (name + bet digits + 2 cards) is
                                	SRCFILE "texas.bas",869
                                	;[870]             ' small enough to reliably land within a single vblank; the
                                	SRCFILE "texas.bas",870
                                	;[871]             ' full ~8-seat redraw as one unbroken burst isn't, and that's
                                	SRCFILE "texas.bas",871
                                	;[872]             ' what let a screenshot catch a genuinely half-written frame
                                	SRCFILE "texas.bas",872
                                	;[873]             ' (garbage that looked like data corruption but wasn't -- nothing
                                	SRCFILE "texas.bas",873
                                	;[874]             ' in FN_RX was wrong, the *display* was mid-update). Yielding a
                                	SRCFILE "texas.bas",874
                                	;[875]             ' frame between seats bounds the tear to at most one seat's
                                	SRCFILE "texas.bas",875
                                	;[876]             ' fields at a time instead of the whole table, at the cost of
                                	SRCFILE "texas.bas",876
                                	;[877]             ' a full new-hand redraw taking up to ~8 extra frames (moot;
                                	SRCFILE "texas.bas",877
                                	;[878]             ' that only happens once per hand, not every poll).
                                	SRCFILE "texas.bas",878
                                	;[879]             WAIT
                                	SRCFILE "texas.bas",879
64AD   0004 016C 001E           	CALL _wait
                                	;[880]         END IF
                                	SRCFILE "texas.bas",880
0x64B0                          T208:
                                	;[881]     NEXT gs_i
                                	SRCFILE "texas.bas",881
64B0   0280 0128                	MVI var_GS_I,R0
64B2   0008                     	INCR R0
64B3   0240 0128                	MVO R0,var_GS_I
64B5   0281 0167                	MVI var_TMP_PC,R1
64B7   0011                     	DECR R1
64B8   0148                     	CMPR R1,R0
64B9   0226 0162                	BLE T207
                                	;[882] 
                                	SRCFILE "texas.bas",882
                                	;[883]     GOSUB draw_status
                                	SRCFILE "texas.bas",883
64BB   0004 0164 0223           	CALL label_DRAW_STATUS
                                	;[884] END
                                	SRCFILE "texas.bas",884
64BE   02B7                     	RETURN
                                	ENDP
                                	;[885] 
                                	SRCFILE "texas.bas",885
                                	;[886] ' ---------------------------------------------------------------------------
                                	SRCFILE "texas.bas",886
                                	;[887] ' show_purses: while KEYPAD ENTER is held, overwrite every seated player's
                                	SRCFILE "texas.bas",887
                                	;[888] ' name cells with their purse value instead. Reuses tmp_pc/seatmap/
                                	SRCFILE "texas.bas",888
                                	;[889] ' seat_name_off exactly as render_game's own seat loop does -- tmp_pc is a
                                	SRCFILE "texas.bas",889
                                	;[890] ' global left holding the last poll's player count, so this works between
                                	SRCFILE "texas.bas",890
                                	;[891] ' polls without needing a fresh network round-trip. Releasing the key just
                                	SRCFILE "texas.bas",891
                                	;[892] ' asks for a full redraw on the next poll (the same trick the win-message
                                	SRCFILE "texas.bas",892
                                	;[893] ' overlay uses) rather than restoring each name field by hand here.
                                	SRCFILE "texas.bas",893
                                	;[894] ' ---------------------------------------------------------------------------
                                	SRCFILE "texas.bas",894
                                	;[895] show_purses: PROCEDURE
                                	SRCFILE "texas.bas",895
                                	; SHOW_PURSES
0x64BF                          label_SHOW_PURSES:	PROC
64BF   0275                     	BEGIN
                                	;[896]     gs_j = tmp_pc - 2
                                	SRCFILE "texas.bas",896
64C0   0280 0167                	MVI var_TMP_PC,R0
64C2   0338 0002                	SUBI #2,R0
64C4   0240 0129                	MVO R0,var_GS_J
                                	;[897]     IF gs_j < 0 THEN gs_j = 0
                                	SRCFILE "texas.bas",897
64C6   0280 0129                	MVI var_GS_J,R0
64C8   0378 0000                	CMPI #0,R0
64CA   020D 0003                	BGE T223
64CC   01C0                     	CLRR R0
64CD   0240 0129                	MVO R0,var_GS_J
0x64CF                          T223:
                                	;[898]     IF gs_j > 6 THEN gs_j = 6
                                	SRCFILE "texas.bas",898
64CF   0280 0129                	MVI var_GS_J,R0
64D1   0378 0006                	CMPI #6,R0
64D3   0206 0004                	BLE T224
64D5   02B8 0006                	MVII #6,R0
64D7   0240 0129                	MVO R0,var_GS_J
0x64D9                          T224:
                                	;[899] 
                                	SRCFILE "texas.bas",899
                                	;[900]     FOR gs_i = 0 TO tmp_pc - 1
                                	SRCFILE "texas.bas",900
64D9   01C0                     	CLRR R0
64DA   0240 0128                	MVO R0,var_GS_I
0x64DC                          T225:
                                	;[901]         sel_seat = PEEK(VARPTR seatmap(0) + gs_j * 8 + gs_i) AND 255
                                	SRCFILE "texas.bas",901
64DC   02B9 5699                	MVII #label_SEATMAP,R1
64DE   0282 0129                	MVI var_GS_J,R2
64E0   004E                     	SLL R2,2
64E1   00D2                     	ADDR R2,R2
64E2   00D1                     	ADDR R2,R1
64E3   02C1 0128                	ADD var_GS_I,R1
64E5   0288                     	MVI@ R1,R0
64E6   0240 0157                	MVO R0,var_SEL_SEAT
                                	;[902]         IF sel_seat <> 255 THEN
                                	SRCFILE "texas.bas",902
64E8   0280 0157                	MVI var_SEL_SEAT,R0
64EA   0378 00FF                	CMPI #255,R0
64EC   0204 0043                	BEQ T226
                                	;[903]             sel_i = PEEK(VARPTR seat_name_off(0) + sel_seat) AND 255
                                	SRCFILE "texas.bas",903
64EE   02BB 5691                	MVII #label_SEAT_NAME_OFF,R3
64F0   00C3                     	ADDR R0,R3
64F1   0298                     	MVI@ R3,R0
64F2   0240 0156                	MVO R0,var_SEL_I
                                	;[904]             #tmp_addr = player_addr(gs_i)
                                	SRCFILE "texas.bas",904
64F4   0280 0128                	MVI var_GS_I,R0
                                ;	MULT R0,R4,33
                                	;
64F6   0084                                     MOVR    R0,  R4
64F7   004C                                     SLL     R0,  2
64F8   004C                                     SLL     R0,  2
64F9   00C0                     		ADDR	R0,	R0
64FA   00E0                                     ADDR    R4,  R0
64FB   02F8 9DE5                	ADDI #40421,R0
64FD   0240 0318                	MVO R0,var_&TMP_ADDR
                                	;[905]             #tmp_num = u16be(#tmp_addr + PL_PURSE)
                                	SRCFILE "texas.bas",905
64FF   0081                     	MOVR R0,R1
6500   02F9 0015                	ADDI #21,R1
6502   0288                     	MVI@ R1,R0
6503   03B8 00FF                	ANDI #255,R0
6505   0040                     	SWAP R0
6506   03B8 FF00                	ANDI #65280,R0
6508   0281 0318                	MVI var_&TMP_ADDR,R1
650A   02F9 0014                	ADDI #20,R1
650C   0289                     	MVI@ R1,R1
650D   03B9 00FF                	ANDI #255,R1
650F   00C8                     	ADDR R1,R0
6510   0240 031B                	MVO R0,var_&TMP_NUM
                                	;[906]             IF #tmp_num > 9999 THEN #tmp_num = 9999
                                	SRCFILE "texas.bas",906
6512   0378 270F                	CMPI #9999,R0
6514   0206 0004                	BLE T227
6516   02B8 270F                	MVII #9999,R0
6518   0240 031B                	MVO R0,var_&TMP_NUM
0x651A                          T227:
                                	;[907]             PRINT AT sel_i COLOR COL_HILITE, <.4>#tmp_num
                                	SRCFILE "texas.bas",907
651A   0280 0156                	MVI var_SEL_I,R0
651C   02F8 0200                	ADDI #512,R0
651E   0240 033E                	MVO R0,_screen
6520   02B8 2006                	MVII #8198,R0
6522   0240 033F                	MVO R0,_color
6524   0280 031B                	MVI var_&TMP_NUM,R0
6526   02BA 0004                	MVII #4,R2
6528   0283 033F                	MVI _color,R3
652A   0284 033E                	MVI _screen,R4
652C   0004 016C 01CE           	CALL PRNUM16.b
652F   0244 033E                	MVO R4,_screen
                                	;[908]         END IF
                                	SRCFILE "texas.bas",908
0x6531                          T226:
                                	;[909]     NEXT gs_i
                                	SRCFILE "texas.bas",909
6531   0280 0128                	MVI var_GS_I,R0
6533   0008                     	INCR R0
6534   0240 0128                	MVO R0,var_GS_I
6536   0281 0167                	MVI var_TMP_PC,R1
6538   0011                     	DECR R1
6539   0148                     	CMPR R1,R0
653A   0226 005F                	BLE T225
                                	;[910] 
                                	SRCFILE "texas.bas",910
                                	;[911] sp_wait:
                                	SRCFILE "texas.bas",911
                                	; SP_WAIT
0x653C                          label_SP_WAIT:	;[912]     WAIT
                                	SRCFILE "texas.bas",912
653C   0004 016C 001E           	CALL _wait
                                	;[913]     GOSUB read_input
                                	SRCFILE "texas.bas",913
653F   0004 0150 00C7           	CALL label_READ_INPUT
                                	;[914]     IF inp_key = 11 THEN GOTO sp_wait ' level, not an edge -- this is hold-to-view
                                	SRCFILE "texas.bas",914
6542   0280 0132                	MVI var_INP_KEY,R0
6544   0378 000B                	CMPI #11,R0
6546   0224 000B                	BEQ label_SP_WAIT
                                	;[915] 
                                	SRCFILE "texas.bas",915
                                	;[916]     force_redraw = 1 ' restore names (and everything else) on the next poll
                                	SRCFILE "texas.bas",916
6548   02B8 0001                	MVII #1,R0
654A   0240 0126                	MVO R0,var_FORCE_REDRAW
                                	;[917] END
                                	SRCFILE "texas.bas",917
654C   02B7                     	RETURN
                                	ENDP
                                	;[918] 
                                	SRCFILE "texas.bas",918
                                	;[919] ' ---------------------------------------------------------------------------
                                	SRCFILE "texas.bas",919
                                	;[920] ' card_from_ascii / suit_from_ascii: translate the wire's lowercase ASCII
                                	SRCFILE "texas.bas",920
                                	;[921] ' rank/suit chars (conv_in) into print_card's expected numeric codes
                                	SRCFILE "texas.bas",921
                                	;[922] ' (conv_out; 0 = unrecognized/blank).
                                	SRCFILE "texas.bas",922
                                	;[923] ' ---------------------------------------------------------------------------
                                	SRCFILE "texas.bas",923
                                	;[924] card_from_ascii: PROCEDURE
                                	SRCFILE "texas.bas",924
                                	; CARD_FROM_ASCII
0x654D                          label_CARD_FROM_ASCII:	PROC
654D   0275                     	BEGIN
                                	;[925]     IF conv_in = 50 THEN
                                	SRCFILE "texas.bas",925
654E   0280 011A                	MVI var_CONV_IN,R0
6550   0378 0032                	CMPI #50,R0
6552   020C 0006                	BNE T229
                                	;[926]         conv_out = 2
                                	SRCFILE "texas.bas",926
6554   02B8 0002                	MVII #2,R0
6556   0240 011B                	MVO R0,var_CONV_OUT
                                	;[927]     ELSEIF conv_in = 51 THEN
                                	SRCFILE "texas.bas",927
6558   0200 0093                	B T230
0x655A                          T229:
655A   0280 011A                	MVI var_CONV_IN,R0
655C   0378 0033                	CMPI #51,R0
655E   020C 0006                	BNE T231
                                	;[928]         conv_out = 3
                                	SRCFILE "texas.bas",928
6560   02B8 0003                	MVII #3,R0
6562   0240 011B                	MVO R0,var_CONV_OUT
                                	;[929]     ELSEIF conv_in = 52 THEN
                                	SRCFILE "texas.bas",929
6564   0200 0087                	B T230
0x6566                          T231:
6566   0280 011A                	MVI var_CONV_IN,R0
6568   0378 0034                	CMPI #52,R0
656A   020C 0006                	BNE T232
                                	;[930]         conv_out = 4
                                	SRCFILE "texas.bas",930
656C   02B8 0004                	MVII #4,R0
656E   0240 011B                	MVO R0,var_CONV_OUT
                                	;[931]     ELSEIF conv_in = 53 THEN
                                	SRCFILE "texas.bas",931
6570   0200 007B                	B T230
0x6572                          T232:
6572   0280 011A                	MVI var_CONV_IN,R0
6574   0378 0035                	CMPI #53,R0
6576   020C 0006                	BNE T233
                                	;[932]         conv_out = 5
                                	SRCFILE "texas.bas",932
6578   02B8 0005                	MVII #5,R0
657A   0240 011B                	MVO R0,var_CONV_OUT
                                	;[933]     ELSEIF conv_in = 54 THEN
                                	SRCFILE "texas.bas",933
657C   0200 006F                	B T230
0x657E                          T233:
657E   0280 011A                	MVI var_CONV_IN,R0
6580   0378 0036                	CMPI #54,R0
6582   020C 0006                	BNE T234
                                	;[934]         conv_out = 6
                                	SRCFILE "texas.bas",934
6584   02B8 0006                	MVII #6,R0
6586   0240 011B                	MVO R0,var_CONV_OUT
                                	;[935]     ELSEIF conv_in = 55 THEN
                                	SRCFILE "texas.bas",935
6588   0200 0063                	B T230
0x658A                          T234:
658A   0280 011A                	MVI var_CONV_IN,R0
658C   0378 0037                	CMPI #55,R0
658E   020C 0006                	BNE T235
                                	;[936]         conv_out = 7
                                	SRCFILE "texas.bas",936
6590   02B8 0007                	MVII #7,R0
6592   0240 011B                	MVO R0,var_CONV_OUT
                                	;[937]     ELSEIF conv_in = 56 THEN
                                	SRCFILE "texas.bas",937
6594   0200 0057                	B T230
0x6596                          T235:
6596   0280 011A                	MVI var_CONV_IN,R0
6598   0378 0038                	CMPI #56,R0
659A   020C 0006                	BNE T236
                                	;[938]         conv_out = 8
                                	SRCFILE "texas.bas",938
659C   02B8 0008                	MVII #8,R0
659E   0240 011B                	MVO R0,var_CONV_OUT
                                	;[939]     ELSEIF conv_in = 57 THEN
                                	SRCFILE "texas.bas",939
65A0   0200 004B                	B T230
0x65A2                          T236:
65A2   0280 011A                	MVI var_CONV_IN,R0
65A4   0378 0039                	CMPI #57,R0
65A6   020C 0006                	BNE T237
                                	;[940]         conv_out = 9
                                	SRCFILE "texas.bas",940
65A8   02B8 0009                	MVII #9,R0
65AA   0240 011B                	MVO R0,var_CONV_OUT
                                	;[941]     ELSEIF conv_in = 116 THEN
                                	SRCFILE "texas.bas",941
65AC   0200 003F                	B T230
0x65AE                          T237:
65AE   0280 011A                	MVI var_CONV_IN,R0
65B0   0378 0074                	CMPI #116,R0
65B2   020C 0006                	BNE T238
                                	;[942]         conv_out = 10
                                	SRCFILE "texas.bas",942
65B4   02B8 000A                	MVII #10,R0
65B6   0240 011B                	MVO R0,var_CONV_OUT
                                	;[943]     ELSEIF conv_in = 106 THEN
                                	SRCFILE "texas.bas",943
65B8   0200 0033                	B T230
0x65BA                          T238:
65BA   0280 011A                	MVI var_CONV_IN,R0
65BC   0378 006A                	CMPI #106,R0
65BE   020C 0006                	BNE T239
                                	;[944]         conv_out = 11
                                	SRCFILE "texas.bas",944
65C0   02B8 000B                	MVII #11,R0
65C2   0240 011B                	MVO R0,var_CONV_OUT
                                	;[945]     ELSEIF conv_in = 113 THEN
                                	SRCFILE "texas.bas",945
65C4   0200 0027                	B T230
0x65C6                          T239:
65C6   0280 011A                	MVI var_CONV_IN,R0
65C8   0378 0071                	CMPI #113,R0
65CA   020C 0006                	BNE T240
                                	;[946]         conv_out = 12
                                	SRCFILE "texas.bas",946
65CC   02B8 000C                	MVII #12,R0
65CE   0240 011B                	MVO R0,var_CONV_OUT
                                	;[947]     ELSEIF conv_in = 107 THEN
                                	SRCFILE "texas.bas",947
65D0   0200 001B                	B T230
0x65D2                          T240:
65D2   0280 011A                	MVI var_CONV_IN,R0
65D4   0378 006B                	CMPI #107,R0
65D6   020C 0006                	BNE T241
                                	;[948]         conv_out = 13
                                	SRCFILE "texas.bas",948
65D8   02B8 000D                	MVII #13,R0
65DA   0240 011B                	MVO R0,var_CONV_OUT
                                	;[949]     ELSEIF conv_in = 97 THEN
                                	SRCFILE "texas.bas",949
65DC   0200 000F                	B T230
0x65DE                          T241:
65DE   0280 011A                	MVI var_CONV_IN,R0
65E0   0378 0061                	CMPI #97,R0
65E2   020C 0006                	BNE T242
                                	;[950]         conv_out = 14
                                	SRCFILE "texas.bas",950
65E4   02B8 000E                	MVII #14,R0
65E6   0240 011B                	MVO R0,var_CONV_OUT
                                	;[951]     ELSE
                                	SRCFILE "texas.bas",951
65E8   0200 0003                	B T230
0x65EA                          T242:
                                	;[952]         conv_out = 0
                                	SRCFILE "texas.bas",952
65EA   01C0                     	CLRR R0
65EB   0240 011B                	MVO R0,var_CONV_OUT
                                	;[953]     END IF
                                	SRCFILE "texas.bas",953
0x65ED                          T230:
                                	;[954] END
                                	SRCFILE "texas.bas",954
65ED   02B7                     	RETURN
                                	ENDP
                                	;[955] 
                                	SRCFILE "texas.bas",955
                                	;[956] suit_from_ascii: PROCEDURE
                                	SRCFILE "texas.bas",956
                                	; SUIT_FROM_ASCII
0x65EE                          label_SUIT_FROM_ASCII:	PROC
65EE   0275                     	BEGIN
                                	;[957]     IF conv_in = 100 THEN
                                	SRCFILE "texas.bas",957
65EF   0280 011A                	MVI var_CONV_IN,R0
65F1   0378 0064                	CMPI #100,R0
65F3   020C 0006                	BNE T243
                                	;[958]         conv_out = DIAMONDS
                                	SRCFILE "texas.bas",958
65F5   02B8 0001                	MVII #1,R0
65F7   0240 011B                	MVO R0,var_CONV_OUT
                                	;[959]     ELSEIF conv_in = 104 THEN
                                	SRCFILE "texas.bas",959
65F9   0200 0027                	B T244
0x65FB                          T243:
65FB   0280 011A                	MVI var_CONV_IN,R0
65FD   0378 0068                	CMPI #104,R0
65FF   020C 0006                	BNE T245
                                	;[960]         conv_out = HEARTS
                                	SRCFILE "texas.bas",960
6601   02B8 0002                	MVII #2,R0
6603   0240 011B                	MVO R0,var_CONV_OUT
                                	;[961]     ELSEIF conv_in = 99 THEN
                                	SRCFILE "texas.bas",961
6605   0200 001B                	B T244
0x6607                          T245:
6607   0280 011A                	MVI var_CONV_IN,R0
6609   0378 0063                	CMPI #99,R0
660B   020C 0006                	BNE T246
                                	;[962]         conv_out = CLUBS
                                	SRCFILE "texas.bas",962
660D   02B8 0003                	MVII #3,R0
660F   0240 011B                	MVO R0,var_CONV_OUT
                                	;[963]     ELSEIF conv_in = 115 THEN
                                	SRCFILE "texas.bas",963
6611   0200 000F                	B T244
0x6613                          T246:
6613   0280 011A                	MVI var_CONV_IN,R0
6615   0378 0073                	CMPI #115,R0
6617   020C 0006                	BNE T247
                                	;[964]         conv_out = SPADES
                                	SRCFILE "texas.bas",964
6619   02B8 0004                	MVII #4,R0
661B   0240 011B                	MVO R0,var_CONV_OUT
                                	;[965]     ELSE
                                	SRCFILE "texas.bas",965
661D   0200 0003                	B T244
0x661F                          T247:
                                	;[966]         conv_out = 0
                                	SRCFILE "texas.bas",966
661F   01C0                     	CLRR R0
6620   0240 011B                	MVO R0,var_CONV_OUT
                                	;[967]     END IF
                                	SRCFILE "texas.bas",967
0x6622                          T244:
                                	;[968] END
                                	SRCFILE "texas.bas",968
6622   02B7                     	RETURN
                                	ENDP
                                	;[969] 
                                	SRCFILE "texas.bas",969
                                	;[970] ' ---------------------------------------------------------------------------
                                	SRCFILE "texas.bas",970
                                	;[971] ' draw_status: status row (row 11). Your turn is handled separately by
                                	SRCFILE "texas.bas",971
                                	;[972] ' move_ui (which overwrites this row); otherwise show "WAIT <name>" while
                                	SRCFILE "texas.bas",972
                                	;[973] ' someone else acts, or the truncated lastResult otherwise.
                                	SRCFILE "texas.bas",973
                                	;[974] ' ---------------------------------------------------------------------------
                                	SRCFILE "texas.bas",974
                                	;[975] draw_status: PROCEDURE
                                	SRCFILE "texas.bas",975
                                	; DRAW_STATUS
0x6623                          label_DRAW_STATUS:	PROC
6623   0275                     	BEGIN
                                	;[976]     IF active_player > 0 THEN
                                	SRCFILE "texas.bas",976
6624   0280 9D94                	MVI 40340,R0
6626   03B8 00FF                	ANDI #255,R0
6628   0378 00FF                	CMPI #255,R0
662A   02B8 FFFF                	MVII #65535,R0
662C   0204 0001                	BEQ T249
662E   0008                     	INCR R0
0x662F                          T249:
662F   02BD FF00                	MVII #65280,R5
6631   01E4                     	CLRR R4
6632   0006                     	CLRC
6633   0070                     	RRC R0,1
6634   0204 0007                	BEQ T251
0x6636                          T250:
6636   0209 0001                	BNC T252
6638   00EC                     	ADDR R5,R4
0x6639                          T252:
6639   00ED                     	ADDR R5,R5
663A   0078                     	SARC R0,1
663B   022C 0006                	BNE T250
0x663D                          T251:
663D   0209 0001                	BNC T253
663F   00EC                     	ADDR R5,R4
0x6640                          T253:
6640   00A0                     	MOVR R4,R0
6641   0281 9D94                	MVI 40340,R1
6643   03B9 00FF                	ANDI #255,R1
6645   00C8                     	ADDR R1,R0
6646   0378 0000                	CMPI #0,R0
6648   0206 006F                	BLE T248
                                	;[977]         PRINT AT STATUS_ROW COLOR COL_STATUS, "WAIT "
                                	SRCFILE "texas.bas",977
664A   02B8 02DC                	MVII #732,R0
664C   0240 033E                	MVO R0,_screen
664E   02B8 0007                	MVII #7,R0
6650   0240 033F                	MVO R0,_color
6652   0284 033E                	MVI _screen,R4
6654   02B8 01B8                	MVII #440,R0
6656   03C0 033F                	XOR _color,R0
6658   0260                     	MVO@ R0,R4
6659   03F8 00B0                	XORI #176,R0
665B   0260                     	MVO@ R0,R4
665C   03F8 0040                	XORI #64,R0
665E   0260                     	MVO@ R0,R4
665F   03F8 00E8                	XORI #232,R0
6661   0260                     	MVO@ R0,R4
6662   03F8 01A0                	XORI #416,R0
6664   0260                     	MVO@ R0,R4
6665   0244 033E                	MVO R4,_screen
                                	;[978]         #tmp_addr = player_addr(active_player)
                                	SRCFILE "texas.bas",978
6667   0280 9D94                	MVI 40340,R0
6669   03B8 00FF                	ANDI #255,R0
666B   0378 00FF                	CMPI #255,R0
666D   02B8 FFFF                	MVII #65535,R0
666F   0204 0001                	BEQ T254
6671   0008                     	INCR R0
0x6672                          T254:
6672   02BD FF00                	MVII #65280,R5
6674   01E4                     	CLRR R4
6675   0006                     	CLRC
6676   0070                     	RRC R0,1
6677   0204 0007                	BEQ T256
0x6679                          T255:
6679   0209 0001                	BNC T257
667B   00EC                     	ADDR R5,R4
0x667C                          T257:
667C   00ED                     	ADDR R5,R5
667D   0078                     	SARC R0,1
667E   022C 0006                	BNE T255
0x6680                          T256:
6680   0209 0001                	BNC T258
6682   00EC                     	ADDR R5,R4
0x6683                          T258:
6683   00A0                     	MOVR R4,R0
6684   0281 9D94                	MVI 40340,R1
6686   03B9 00FF                	ANDI #255,R1
                                ;	MULT R1,R4,33
                                	;
6688   008C                                     MOVR    R1,  R4
6689   004D                                     SLL     R1,  2
668A   004D                                     SLL     R1,  2
668B   00C9                     		ADDR	R1,	R1
668C   00E1                                     ADDR    R4,  R1
668D   00C8                     	ADDR R1,R0
668E   02F8 9DE5                	ADDI #40421,R0
6690   0240 0318                	MVO R0,var_&TMP_ADDR
                                	;[979]         #df_src = #tmp_addr + PL_NAME : df_pos = STATUS_ROW + 5 : df_len = 4 : #df_color = COL_STATUS
                                	SRCFILE "texas.bas",979
6692   0240 030B                	MVO R0,var_&DF_SRC
6694   02B8 00E1                	MVII #225,R0
6696   0240 0120                	MVO R0,var_DF_POS
6698   02B8 0004                	MVII #4,R0
669A   0240 011F                	MVO R0,var_DF_LEN
669C   02B8 0007                	MVII #7,R0
669E   0240 030A                	MVO R0,var_&DF_COLOR
                                	;[980]         GOSUB draw_field
                                	SRCFILE "texas.bas",980
66A0   0004 0154 0364           	CALL label_DRAW_FIELD
                                	;[981]         ' "WAIT <name>" only fills 9 of the row's 20 cells -- without a
                                	SRCFILE "texas.bas",981
                                	;[982]         ' full CLS between polls, blank out the rest so a previous,
                                	SRCFILE "texas.bas",982
                                	;[983]         ' longer status line (the lastResult branch below, or a move
                                	SRCFILE "texas.bas",983
                                	;[984]         ' menu) can't leave stale characters past column 8.
                                	SRCFILE "texas.bas",984
                                	;[985]         FOR gs_i = STATUS_ROW + 9 TO STATUS_ROW + ROWCELLS - 1
                                	SRCFILE "texas.bas",985
66A3   02B8 00E5                	MVII #229,R0
66A5   0240 0128                	MVO R0,var_GS_I
0x66A7                          T259:
                                	;[986]             #BACKTAB(gs_i) = COL_STATUS
                                	SRCFILE "texas.bas",986
66A7   02B8 0007                	MVII #7,R0
66A9   02BB 0200                	MVII #Q2,R3
66AB   02C3 0128                	ADD var_GS_I,R3
66AD   0258                     	MVO@ R0,R3
                                	;[987]         NEXT gs_i
                                	SRCFILE "texas.bas",987
66AE   0280 0128                	MVI var_GS_I,R0
66B0   0008                     	INCR R0
66B1   0240 0128                	MVO R0,var_GS_I
66B3   0378 00EF                	CMPI #239,R0
66B5   0226 000F                	BLE T259
                                	;[988]     ELSE
                                	SRCFILE "texas.bas",988
66B7   0200 0013                	B T260
0x66B9                          T248:
                                	;[989]         #df_src = FN_RX + GAME_LASTRESULT : df_pos = STATUS_ROW : df_len = ROWCELLS : #df_color = COL_STATUS
                                	SRCFILE "texas.bas",989
66B9   02B8 9D40                	MVII #40256,R0
66BB   0240 030B                	MVO R0,var_&DF_SRC
66BD   02B8 00DC                	MVII #220,R0
66BF   0240 0120                	MVO R0,var_DF_POS
66C1   02B8 0014                	MVII #20,R0
66C3   0240 011F                	MVO R0,var_DF_LEN
66C5   02B8 0007                	MVII #7,R0
66C7   0240 030A                	MVO R0,var_&DF_COLOR
                                	;[990]         GOSUB draw_field
                                	SRCFILE "texas.bas",990
66C9   0004 0154 0364           	CALL label_DRAW_FIELD
                                	;[991]     END IF
                                	SRCFILE "texas.bas",991
0x66CC                          T260:
                                	;[992] END
                                	SRCFILE "texas.bas",992
66CC   02B7                     	RETURN
                                	ENDP
                                	;[993] 
                                	SRCFILE "texas.bas",993
                                	;[994] ' ===========================================================================
                                	SRCFILE "texas.bas",994
                                	;[995] ' move_ui: your turn. List valid moves on the status row, disc left/right
                                	SRCFILE "texas.bas",995
                                	;[996] ' to choose, action button to submit. Sets has_move + mvcode_a/mvcode_b.
                                	SRCFILE "texas.bas",996
                                	;[997] ' ===========================================================================
                                	SRCFILE "texas.bas",997
                                	;[998] move_ui: PROCEDURE
                                	SRCFILE "texas.bas",998
                                	; MOVE_UI
0x66CD                          label_MOVE_UI:	PROC
66CD   0275                     	BEGIN
                                	;[999]     mv_count = PEEK(FN_RX + GAME_VALIDMOVECOUNT) AND 255
                                	SRCFILE "texas.bas",999
66CE   0280 9DA2                	MVI 40354,R0
66D0   0240 0143                	MVO R0,var_MV_COUNT
                                	;[1000]     IF mv_count > 5 THEN mv_count = 5
                                	SRCFILE "texas.bas",1000
66D2   0280 0143                	MVI var_MV_COUNT,R0
66D4   0378 0005                	CMPI #5,R0
66D6   0206 0004                	BLE T261
66D8   02B8 0005                	MVII #5,R0
66DA   0240 0143                	MVO R0,var_MV_COUNT
0x66DC                          T261:
                                	;[1001]     IF mv_count = 0 THEN RETURN
                                	SRCFILE "texas.bas",1001
66DC   0280 0143                	MVI var_MV_COUNT,R0
66DE   0080                     	TSTR R0
66DF   020C 0001                	BNE T262
66E1   02B7                     	RETURN
0x66E2                          T262:
                                	;[1002] 
                                	SRCFILE "texas.bas",1002
                                	;[1003]     mv_sel = 0
                                	SRCFILE "texas.bas",1003
66E2   01C0                     	CLRR R0
66E3   0240 0147                	MVO R0,var_MV_SEL
                                	;[1004]     IF mv_count > 1 THEN mv_sel = 1 ' default to the second move (not Fold), matching the C client
                                	SRCFILE "texas.bas",1004
66E5   0280 0143                	MVI var_MV_COUNT,R0
66E7   0378 0001                	CMPI #1,R0
66E9   0206 0004                	BLE T263
66EB   02B8 0001                	MVII #1,R0
66ED   0240 0147                	MVO R0,var_MV_SEL
0x66EF                          T263:
                                	;[1005]     GOSUB sound_myturn
                                	SRCFILE "texas.bas",1005
66EF   0004 0154 016C           	CALL label_SOUND_MYTURN
                                	;[1006] 
                                	SRCFILE "texas.bas",1006
                                	;[1007]     ' Without a per-poll CLS, the status row can be carrying over a
                                	SRCFILE "texas.bas",1007
                                	;[1008]     ' previous, wider draw_status message (lastResult fills all 20
                                	SRCFILE "texas.bas",1008
                                	;[1009]     ' cells) -- move_ui only pokes the exact columns its move names
                                	SRCFILE "texas.bas",1009
                                	;[1010]     ' occupy, so blank the whole row once up front rather than leaving
                                	SRCFILE "texas.bas",1010
                                	;[1011]     ' stale text past the last move.
                                	SRCFILE "texas.bas",1011
                                	;[1012]     FOR gs_i = STATUS_ROW TO STATUS_ROW + ROWCELLS - 1
                                	SRCFILE "texas.bas",1012
66F2   02B8 00DC                	MVII #220,R0
66F4   0240 0128                	MVO R0,var_GS_I
0x66F6                          T264:
                                	;[1013]         #BACKTAB(gs_i) = COL_STATUS
                                	SRCFILE "texas.bas",1013
66F6   02B8 0007                	MVII #7,R0
66F8   02BB 0200                	MVII #Q2,R3
66FA   02C3 0128                	ADD var_GS_I,R3
66FC   0258                     	MVO@ R0,R3
                                	;[1014]     NEXT gs_i
                                	SRCFILE "texas.bas",1014
66FD   0280 0128                	MVI var_GS_I,R0
66FF   0008                     	INCR R0
6700   0240 0128                	MVO R0,var_GS_I
6702   0378 00EF                	CMPI #239,R0
6704   0226 000F                	BLE T264
                                	;[1015]     ' Stopwatch icon (cardbot's 7th/last glyph, screen code 276 -- the
                                	SRCFILE "texas.bas",1015
                                	;[1016]     ' only one of that set that's a clock face) in the last 3 columns of
                                	SRCFILE "texas.bas",1016
                                	;[1017]     ' the move row, poked directly rather than through print_card since
                                	SRCFILE "texas.bas",1017
                                	;[1018]     ' this isn't a playing card.
                                	SRCFILE "texas.bas",1018
                                	;[1019]     #BACKTAB(STATUS_ROW + 17) = 276 * 8 + COL_STATUS
                                	SRCFILE "texas.bas",1019
6706   02B8 08A7                	MVII #2215,R0
6708   0240 02ED                	MVO R0,Q2+237
                                	;[1020] 
                                	SRCFILE "texas.bas",1020
                                	;[1021]     ' moveTime (server-computed, already net of a network round-trip
                                	SRCFILE "texas.bas",1021
                                	;[1022]     ' grace period -- see gameLogic.go) is our countdown's starting
                                	SRCFILE "texas.bas",1022
                                	;[1023]     ' point; we count it down locally frame-by-frame rather than
                                	SRCFILE "texas.bas",1023
                                	;[1024]     ' re-polling the server every second.
                                	SRCFILE "texas.bas",1024
                                	;[1025]     mv_timeleft = PEEK(FN_RX + GAME_MOVETIME) AND 255
                                	SRCFILE "texas.bas",1025
670A   0280 9D95                	MVI 40341,R0
670C   0240 0148                	MVO R0,var_MV_TIMELEFT
                                	;[1026]     mv_framecount = 0
                                	SRCFILE "texas.bas",1026
670E   01C0                     	CLRR R0
670F   0240 0144                	MVO R0,var_MV_FRAMECOUNT
                                	;[1027]     PRINT AT STATUS_ROW + 18 COLOR COL_STATUS, <2>mv_timeleft
                                	SRCFILE "texas.bas",1027
6711   02B8 02EE                	MVII #750,R0
6713   0240 033E                	MVO R0,_screen
6715   02B8 0007                	MVII #7,R0
6717   0240 033F                	MVO R0,_color
6719   0280 0148                	MVI var_MV_TIMELEFT,R0
671B   02BA 0002                	MVII #2,R2
671D   0283 033F                	MVI _color,R3
671F   0284 033E                	MVI _screen,R4
6721   0004 016C 01D1           	CALL PRNUM16.z
6724   0244 033E                	MVO R4,_screen
                                	;[1028] 
                                	SRCFILE "texas.bas",1028
                                	;[1029]     ' Columns 0-16 are the move menu's budget (the stopwatch + timer own
                                	SRCFILE "texas.bas",1029
                                	;[1030]     ' 17-19). 5 Card Stud's fixed 5-col spacing with a clamp at 12 let a
                                	SRCFILE "texas.bas",1030
                                	;[1031]     ' 4th move overwrite half the 3rd ("RAIS"/"ALL-" rendering as
                                	SRCFILE "texas.bas",1031
                                	;[1032]     ' "RAALL-") -- rare there, but Hold'em offers FOLD/CHECK/RAISE/ALL-IN
                                	SRCFILE "texas.bas",1032
                                	;[1033]     ' routinely, so scale the spacing to the move count instead and show
                                	SRCFILE "texas.bas",1033
                                	;[1034]     ' as many name chars as fit in it: 1-3 moves get 5 cols / 4 chars
                                	SRCFILE "texas.bas",1034
                                	;[1035]     ' (unchanged), 4 get 4/3, 5 get 3/2. Never overlaps, never reaches
                                	SRCFILE "texas.bas",1035
                                	;[1036]     ' the timer.
                                	SRCFILE "texas.bas",1036
                                	;[1037]     mv_gap = 16 / mv_count
                                	SRCFILE "texas.bas",1037
6726   02B8 0010                	MVII #16,R0
6728   0284 0143                	MVI var_MV_COUNT,R4
672A   0085                     	MOVR R0,R5
672B   00A4                     	TSTR R4
672C   0204 0006                	BEQ T265
672E   02B8 FFFF                	MVII #65535,R0
0x6730                          T266:
6730   0008                     	INCR R0
6731   0125                     	SUBR R4,R5
6732   0221 0003                	BC T266
0x6734                          T265:
6734   0240 0145                	MVO R0,var_MV_GAP
                                	;[1038]     IF mv_gap > 5 THEN mv_gap = 5
                                	SRCFILE "texas.bas",1038
6736   0280 0145                	MVI var_MV_GAP,R0
6738   0378 0005                	CMPI #5,R0
673A   0206 0004                	BLE T267
673C   02B8 0005                	MVII #5,R0
673E   0240 0145                	MVO R0,var_MV_GAP
0x6740                          T267:
                                	;[1039]     mv_len = mv_gap - 1
                                	SRCFILE "texas.bas",1039
6740   0280 0145                	MVI var_MV_GAP,R0
6742   0010                     	DECR R0
6743   0240 0146                	MVO R0,var_MV_LEN
                                	;[1040]     IF mv_len > 4 THEN mv_len = 4
                                	SRCFILE "texas.bas",1040
6745   0280 0146                	MVI var_MV_LEN,R0
6747   0378 0004                	CMPI #4,R0
6749   0206 0004                	BLE T268
674B   02B8 0004                	MVII #4,R0
674D   0240 0146                	MVO R0,var_MV_LEN
0x674F                          T268:
                                	;[1041] 
                                	SRCFILE "texas.bas",1041
                                	;[1042]     inp_lock = 0
                                	SRCFILE "texas.bas",1042
674F   01C0                     	CLRR R0
6750   0240 0135                	MVO R0,var_INP_LOCK
                                	;[1043] mu_loop:
                                	SRCFILE "texas.bas",1043
                                	; MU_LOOP
0x6752                          label_MU_LOOP:	;[1044]     gs_j = 0
                                	SRCFILE "texas.bas",1044
6752   01C0                     	CLRR R0
6753   0240 0129                	MVO R0,var_GS_J
                                	;[1045]     FOR gs_i = 0 TO mv_count - 1
                                	SRCFILE "texas.bas",1045
6755   0240 0128                	MVO R0,var_GS_I
0x6757                          T269:
                                	;[1046]         mv_col(gs_i) = gs_j
                                	SRCFILE "texas.bas",1046
6757   0280 0129                	MVI var_GS_J,R0
6759   02BB 0169                	MVII #array_MV_COL,R3
675B   02C3 0128                	ADD var_GS_I,R3
675D   0258                     	MVO@ R0,R3
                                	;[1047]         #gs_c = COL_STATUS
                                	SRCFILE "texas.bas",1047
675E   02B8 0007                	MVII #7,R0
6760   0240 030F                	MVO R0,var_&GS_C
                                	;[1048]         IF gs_i = mv_sel THEN #gs_c = COL_HILITE
                                	SRCFILE "texas.bas",1048
6762   0280 0128                	MVI var_GS_I,R0
6764   0340 0147                	CMP var_MV_SEL,R0
6766   020C 0004                	BNE T270
6768   02B8 2006                	MVII #8198,R0
676A   0240 030F                	MVO R0,var_&GS_C
0x676C                          T270:
                                	;[1049]         #tmp_addr = move_addr(gs_i)
                                	SRCFILE "texas.bas",1049
676C   0280 0128                	MVI var_GS_I,R0
                                ;	MULT R0,R4,13
                                	;
676E   0084                                     MOVR    R0,  R4
676F   004C                                     SLL     R0,  2
6770   00C4                                     ADDR    R0,  R4
6771   0048                                     SLL     R0,  1
6772   00E0                                     ADDR    R4,  R0
6773   02F8 9DA3                	ADDI #40355,R0
6775   0240 0318                	MVO R0,var_&TMP_ADDR
                                	;[1050]         #df_src = #tmp_addr + MOVE_NAME : df_pos = STATUS_ROW + gs_j : df_len = mv_len : #df_color = #gs_c
                                	SRCFILE "texas.bas",1050
6777   02F8 0003                	ADDI #3,R0
6779   0240 030B                	MVO R0,var_&DF_SRC
677B   0280 0129                	MVI var_GS_J,R0
677D   02F8 00DC                	ADDI #220,R0
677F   0240 0120                	MVO R0,var_DF_POS
6781   0280 0146                	MVI var_MV_LEN,R0
6783   0240 011F                	MVO R0,var_DF_LEN
6785   0280 030F                	MVI var_&GS_C,R0
6787   0240 030A                	MVO R0,var_&DF_COLOR
                                	;[1051]         GOSUB draw_field
                                	SRCFILE "texas.bas",1051
6789   0004 0154 0364           	CALL label_DRAW_FIELD
                                	;[1052]         gs_j = gs_j + mv_gap
                                	SRCFILE "texas.bas",1052
678C   0280 0129                	MVI var_GS_J,R0
678E   02C0 0145                	ADD var_MV_GAP,R0
6790   0240 0129                	MVO R0,var_GS_J
                                	;[1053]     NEXT gs_i
                                	SRCFILE "texas.bas",1053
6792   0280 0128                	MVI var_GS_I,R0
6794   0008                     	INCR R0
6795   0240 0128                	MVO R0,var_GS_I
6797   0281 0143                	MVI var_MV_COUNT,R1
6799   0011                     	DECR R1
679A   0148                     	CMPR R1,R0
679B   0226 0045                	BLE T269
                                	;[1054] 
                                	SRCFILE "texas.bas",1054
                                	;[1055]     WAIT
                                	SRCFILE "texas.bas",1055
679D   0004 016C 001E           	CALL _wait
                                	;[1056]     GOSUB read_input
                                	SRCFILE "texas.bas",1056
67A0   0004 0150 00C7           	CALL label_READ_INPUT
                                	;[1057] 
                                	SRCFILE "texas.bas",1057
                                	;[1058]     mv_framecount = mv_framecount + 1
                                	SRCFILE "texas.bas",1058
67A3   0280 0144                	MVI var_MV_FRAMECOUNT,R0
67A5   0008                     	INCR R0
67A6   0240 0144                	MVO R0,var_MV_FRAMECOUNT
                                	;[1059]     IF mv_framecount >= 60 THEN
                                	SRCFILE "texas.bas",1059
67A8   0280 0144                	MVI var_MV_FRAMECOUNT,R0
67AA   0378 003C                	CMPI #60,R0
67AC   0205 0026                	BLT T271
                                	;[1060]         mv_framecount = 0
                                	SRCFILE "texas.bas",1060
67AE   01C0                     	CLRR R0
67AF   0240 0144                	MVO R0,var_MV_FRAMECOUNT
                                	;[1061]         IF mv_timeleft > 0 THEN mv_timeleft = mv_timeleft - 1
                                	SRCFILE "texas.bas",1061
67B1   0280 0148                	MVI var_MV_TIMELEFT,R0
67B3   0378 0000                	CMPI #0,R0
67B5   0206 0003                	BLE T272
67B7   0010                     	DECR R0
67B8   0240 0148                	MVO R0,var_MV_TIMELEFT
0x67BA                          T272:
                                	;[1062]         PRINT AT STATUS_ROW + 18 COLOR COL_STATUS, <2>mv_timeleft
                                	SRCFILE "texas.bas",1062
67BA   02B8 02EE                	MVII #750,R0
67BC   0240 033E                	MVO R0,_screen
67BE   02B8 0007                	MVII #7,R0
67C0   0240 033F                	MVO R0,_color
67C2   0280 0148                	MVI var_MV_TIMELEFT,R0
67C4   02BA 0002                	MVII #2,R2
67C6   0283 033F                	MVI _color,R3
67C8   0284 033E                	MVI _screen,R4
67CA   0004 016C 01D1           	CALL PRNUM16.z
67CD   0244 033E                	MVO R4,_screen
                                	;[1063]         ' Timed out -- submit whatever's currently highlighted (the
                                	SRCFILE "texas.bas",1063
                                	;[1064]         ' default move if the player never touched the disc, matching
                                	SRCFILE "texas.bas",1064
                                	;[1065]         ' the C clients' timeout behavior of submitting the highlighted
                                	SRCFILE "texas.bas",1065
                                	;[1066]         ' selection rather than always folding).
                                	SRCFILE "texas.bas",1066
                                	;[1067]         IF mv_timeleft = 0 THEN GOTO mu_confirm
                                	SRCFILE "texas.bas",1067
67CF   0280 0148                	MVI var_MV_TIMELEFT,R0
67D1   0080                     	TSTR R0
67D2   0204 0054                	BEQ label_MU_CONFIRM
                                	;[1068]     END IF
                                	SRCFILE "texas.bas",1068
0x67D4                          T271:
                                	;[1069] 
                                	SRCFILE "texas.bas",1069
                                	;[1070]     IF inp_lock > 0 THEN inp_lock = inp_lock - 1 : GOTO mu_loop
                                	SRCFILE "texas.bas",1070
67D4   0280 0135                	MVI var_INP_LOCK,R0
67D6   0378 0000                	CMPI #0,R0
67D8   0206 0005                	BLE T274
67DA   0010                     	DECR R0
67DB   0240 0135                	MVO R0,var_INP_LOCK
67DD   0220 008C                	B label_MU_LOOP
0x67DF                          T274:
                                	;[1071] 
                                	SRCFILE "texas.bas",1071
                                	;[1072]     IF inp_dir AND DISC_RIGHT THEN
                                	SRCFILE "texas.bas",1072
67DF   0280 0130                	MVI var_INP_DIR,R0
67E1   03B8 0002                	ANDI #2,R0
67E3   0204 0017                	BEQ T275
                                	;[1073]         mv_sel = mv_sel + 1
                                	SRCFILE "texas.bas",1073
67E5   0280 0147                	MVI var_MV_SEL,R0
67E7   0008                     	INCR R0
67E8   0240 0147                	MVO R0,var_MV_SEL
                                	;[1074]         IF mv_sel >= mv_count THEN mv_sel = 0
                                	SRCFILE "texas.bas",1074
67EA   0280 0147                	MVI var_MV_SEL,R0
67EC   0340 0143                	CMP var_MV_COUNT,R0
67EE   0205 0003                	BLT T276
67F0   01C0                     	CLRR R0
67F1   0240 0147                	MVO R0,var_MV_SEL
0x67F3                          T276:
                                	;[1075]         inp_lock = 8
                                	SRCFILE "texas.bas",1075
67F3   02B8 0008                	MVII #8,R0
67F5   0240 0135                	MVO R0,var_INP_LOCK
                                	;[1076]         GOSUB sound_cursor
                                	SRCFILE "texas.bas",1076
67F7   0004 0154 0272           	CALL label_SOUND_CURSOR
                                	;[1077]         GOTO mu_loop
                                	SRCFILE "texas.bas",1077
67FA   0220 00A9                	B label_MU_LOOP
                                	;[1078]     END IF
                                	SRCFILE "texas.bas",1078
0x67FC                          T275:
                                	;[1079]     IF inp_dir AND DISC_LEFT THEN
                                	SRCFILE "texas.bas",1079
67FC   0280 0130                	MVI var_INP_DIR,R0
67FE   03B8 0008                	ANDI #8,R0
6800   0204 0017                	BEQ T277
                                	;[1080]         IF mv_sel = 0 THEN mv_sel = mv_count
                                	SRCFILE "texas.bas",1080
6802   0280 0147                	MVI var_MV_SEL,R0
6804   0080                     	TSTR R0
6805   020C 0004                	BNE T278
6807   0280 0143                	MVI var_MV_COUNT,R0
6809   0240 0147                	MVO R0,var_MV_SEL
0x680B                          T278:
                                	;[1081]         mv_sel = mv_sel - 1
                                	SRCFILE "texas.bas",1081
680B   0280 0147                	MVI var_MV_SEL,R0
680D   0010                     	DECR R0
680E   0240 0147                	MVO R0,var_MV_SEL
                                	;[1082]         inp_lock = 8
                                	SRCFILE "texas.bas",1082
6810   02B8 0008                	MVII #8,R0
6812   0240 0135                	MVO R0,var_INP_LOCK
                                	;[1083]         GOSUB sound_cursor
                                	SRCFILE "texas.bas",1083
6814   0004 0154 0272           	CALL label_SOUND_CURSOR
                                	;[1084]         GOTO mu_loop
                                	SRCFILE "texas.bas",1084
6817   0220 00C6                	B label_MU_LOOP
                                	;[1085]     END IF
                                	SRCFILE "texas.bas",1085
0x6819                          T277:
                                	;[1086]     ' Bail to the in-game menu without moving. The edge isn't consumed by
                                	SRCFILE "texas.bas",1086
                                	;[1087]     ' returning -- input_check runs next and sees the same inp_key_hit, which
                                	SRCFILE "texas.bas",1087
                                	;[1088]     ' is what actually opens the menu.
                                	SRCFILE "texas.bas",1088
                                	;[1089]     IF inp_key_hit = 10 THEN RETURN
                                	SRCFILE "texas.bas",1089
6819   0280 0133                	MVI var_INP_KEY_HIT,R0
681B   0378 000A                	CMPI #10,R0
681D   020C 0001                	BNE T279
681F   02B7                     	RETURN
0x6820                          T279:
                                	;[1090]     IF inp_btn_hit = 0 THEN GOTO mu_loop
                                	SRCFILE "texas.bas",1090
6820   0280 012E                	MVI var_INP_BTN_HIT,R0
6822   0080                     	TSTR R0
6823   0224 00D2                	BEQ label_MU_LOOP
                                	;[1091]     GOSUB sound_select
                                	SRCFILE "texas.bas",1091
6825   0004 0154 0253           	CALL label_SOUND_SELECT
                                	;[1092] 
                                	SRCFILE "texas.bas",1092
                                	;[1093] mu_confirm:
                                	SRCFILE "texas.bas",1093
                                	; MU_CONFIRM
0x6828                          label_MU_CONFIRM:	;[1094]     #tmp_addr = move_addr(mv_sel)
                                	SRCFILE "texas.bas",1094
6828   0280 0147                	MVI var_MV_SEL,R0
                                ;	MULT R0,R4,13
                                	;
682A   0084                                     MOVR    R0,  R4
682B   004C                                     SLL     R0,  2
682C   00C4                                     ADDR    R0,  R4
682D   0048                                     SLL     R0,  1
682E   00E0                                     ADDR    R4,  R0
682F   02F8 9DA3                	ADDI #40355,R0
6831   0240 0318                	MVO R0,var_&TMP_ADDR
                                	;[1095]     mvcode_a = PEEK(#tmp_addr + MOVE_CODE) AND 255
                                	SRCFILE "texas.bas",1095
6833   0081                     	MOVR R0,R1
6834   0288                     	MVI@ R1,R0
6835   0240 0141                	MVO R0,var_MVCODE_A
                                	;[1096]     mvcode_b = PEEK(#tmp_addr + MOVE_CODE + 1) AND 255
                                	SRCFILE "texas.bas",1096
6837   0009                     	INCR R1
6838   0288                     	MVI@ R1,R0
6839   0240 0142                	MVO R0,var_MVCODE_B
                                	;[1097]     has_move = 1
                                	SRCFILE "texas.bas",1097
683B   02B8 0001                	MVII #1,R0
683D   0240 012B                	MVO R0,var_HAS_MOVE
                                	;[1098] END
                                	SRCFILE "texas.bas",1098
683F   02B7                     	RETURN
                                	ENDP
                                	;[1099] 
                                	SRCFILE "texas.bas",1099
                                	;[1100] ' ===========================================================================
                                	SRCFILE "texas.bas",1100
                                	;[1101] ' ingame_menu: keypad CLEAR overlay. Disc up/down to choose, action button
                                	SRCFILE "texas.bas",1101
                                	;[1102] ' to confirm, matching every other screen's controls (Clear itself also
                                	SRCFILE "texas.bas",1102
                                	;[1103] ' cancels, for a quick way back in without touching the disc). Defaults
                                	SRCFILE "texas.bas",1103
                                	;[1104] ' to RESUME so an accidental Clear press can't quit a hand by surprise.
                                	SRCFILE "texas.bas",1104
                                	;[1105] ' ===========================================================================
                                	SRCFILE "texas.bas",1105
                                	;[1106] ingame_menu: PROCEDURE
                                	SRCFILE "texas.bas",1106
                                	; INGAME_MENU
0x6840                          label_INGAME_MENU:	PROC
6840   0275                     	BEGIN
                                	;[1107]     im_sel = 0
                                	SRCFILE "texas.bas",1107
6841   01C0                     	CLRR R0
6842   0240 012C                	MVO R0,var_IM_SEL
                                	;[1108]     inp_lock = 0
                                	SRCFILE "texas.bas",1108
6844   0240 0135                	MVO R0,var_INP_LOCK
                                	;[1109] im_loop:
                                	SRCFILE "texas.bas",1109
                                	; IM_LOOP
0x6846                          label_IM_LOOP:	;[1110]     PRINT AT 80 COLOR COL_STATUS, "                    "
                                	SRCFILE "texas.bas",1110
6846   02B8 0250                	MVII #592,R0
6848   0240 033E                	MVO R0,_screen
684A   02B8 0007                	MVII #7,R0
684C   0240 033F                	MVO R0,_color
684E   0284 033E                	MVI _screen,R4
6850   0260                     	MVO@ R0,R4
6851   0260                     	MVO@ R0,R4
6852   0260                     	MVO@ R0,R4
6853   0260                     	MVO@ R0,R4
6854   0034                     	NOP
6855   0260                     	MVO@ R0,R4
6856   0260                     	MVO@ R0,R4
6857   0260                     	MVO@ R0,R4
6858   0260                     	MVO@ R0,R4
6859   0034                     	NOP
685A   0260                     	MVO@ R0,R4
685B   0260                     	MVO@ R0,R4
685C   0260                     	MVO@ R0,R4
685D   0260                     	MVO@ R0,R4
685E   0034                     	NOP
685F   0260                     	MVO@ R0,R4
6860   0260                     	MVO@ R0,R4
6861   0260                     	MVO@ R0,R4
6862   0260                     	MVO@ R0,R4
6863   0034                     	NOP
6864   0260                     	MVO@ R0,R4
6865   0260                     	MVO@ R0,R4
6866   0260                     	MVO@ R0,R4
6867   0260                     	MVO@ R0,R4
6868   0034                     	NOP
6869   0244 033E                	MVO R4,_screen
                                	;[1111]     PRINT AT 100 COLOR COL_STATUS, "                    "
                                	SRCFILE "texas.bas",1111
686B   02B8 0264                	MVII #612,R0
686D   0240 033E                	MVO R0,_screen
686F   02B8 0007                	MVII #7,R0
6871   0240 033F                	MVO R0,_color
6873   0284 033E                	MVI _screen,R4
6875   0260                     	MVO@ R0,R4
6876   0260                     	MVO@ R0,R4
6877   0260                     	MVO@ R0,R4
6878   0260                     	MVO@ R0,R4
6879   0034                     	NOP
687A   0260                     	MVO@ R0,R4
687B   0260                     	MVO@ R0,R4
687C   0260                     	MVO@ R0,R4
687D   0260                     	MVO@ R0,R4
687E   0034                     	NOP
687F   0260                     	MVO@ R0,R4
6880   0260                     	MVO@ R0,R4
6881   0260                     	MVO@ R0,R4
6882   0260                     	MVO@ R0,R4
6883   0034                     	NOP
6884   0260                     	MVO@ R0,R4
6885   0260                     	MVO@ R0,R4
6886   0260                     	MVO@ R0,R4
6887   0260                     	MVO@ R0,R4
6888   0034                     	NOP
6889   0260                     	MVO@ R0,R4
688A   0260                     	MVO@ R0,R4
688B   0260                     	MVO@ R0,R4
688C   0260                     	MVO@ R0,R4
688D   0034                     	NOP
688E   0244 033E                	MVO R4,_screen
                                	;[1112]     PRINT AT 120 COLOR COL_STATUS, "                    "
                                	SRCFILE "texas.bas",1112
6890   02B8 0278                	MVII #632,R0
6892   0240 033E                	MVO R0,_screen
6894   02B8 0007                	MVII #7,R0
6896   0240 033F                	MVO R0,_color
6898   0284 033E                	MVI _screen,R4
689A   0260                     	MVO@ R0,R4
689B   0260                     	MVO@ R0,R4
689C   0260                     	MVO@ R0,R4
689D   0260                     	MVO@ R0,R4
689E   0034                     	NOP
689F   0260                     	MVO@ R0,R4
68A0   0260                     	MVO@ R0,R4
68A1   0260                     	MVO@ R0,R4
68A2   0260                     	MVO@ R0,R4
68A3   0034                     	NOP
68A4   0260                     	MVO@ R0,R4
68A5   0260                     	MVO@ R0,R4
68A6   0260                     	MVO@ R0,R4
68A7   0260                     	MVO@ R0,R4
68A8   0034                     	NOP
68A9   0260                     	MVO@ R0,R4
68AA   0260                     	MVO@ R0,R4
68AB   0260                     	MVO@ R0,R4
68AC   0260                     	MVO@ R0,R4
68AD   0034                     	NOP
68AE   0260                     	MVO@ R0,R4
68AF   0260                     	MVO@ R0,R4
68B0   0260                     	MVO@ R0,R4
68B1   0260                     	MVO@ R0,R4
68B2   0034                     	NOP
68B3   0244 033E                	MVO R4,_screen
                                	;[1113]     PRINT AT 86 COLOR COL_STATUS, "TABLE MENU"
                                	SRCFILE "texas.bas",1113
68B5   02B8 0256                	MVII #598,R0
68B7   0240 033E                	MVO R0,_screen
68B9   02B8 0007                	MVII #7,R0
68BB   0240 033F                	MVO R0,_color
68BD   0284 033E                	MVI _screen,R4
68BF   02B8 01A0                	MVII #416,R0
68C1   03C0 033F                	XOR _color,R0
68C3   0260                     	MVO@ R0,R4
68C4   03F8 00A8                	XORI #168,R0
68C6   0260                     	MVO@ R0,R4
68C7   03F8 0018                	XORI #24,R0
68C9   0260                     	MVO@ R0,R4
68CA   03F8 0070                	XORI #112,R0
68CC   0260                     	MVO@ R0,R4
68CD   03F8 0048                	XORI #72,R0
68CF   0260                     	MVO@ R0,R4
68D0   03F8 0128                	XORI #296,R0
68D2   0260                     	MVO@ R0,R4
68D3   03F8 0168                	XORI #360,R0
68D5   0260                     	MVO@ R0,R4
68D6   03F8 0040                	XORI #64,R0
68D8   0260                     	MVO@ R0,R4
68D9   03F8 0058                	XORI #88,R0
68DB   0260                     	MVO@ R0,R4
68DC   03F8 00D8                	XORI #216,R0
68DE   0260                     	MVO@ R0,R4
68DF   0244 033E                	MVO R4,_screen
                                	;[1114]     #gs_c = COL_STATUS
                                	SRCFILE "texas.bas",1114
68E1   02B8 0007                	MVII #7,R0
68E3   0240 030F                	MVO R0,var_&GS_C
                                	;[1115]     IF im_sel = 0 THEN #gs_c = COL_HILITE
                                	SRCFILE "texas.bas",1115
68E5   0280 012C                	MVI var_IM_SEL,R0
68E7   0080                     	TSTR R0
68E8   020C 0004                	BNE T281
68EA   02B8 2006                	MVII #8198,R0
68EC   0240 030F                	MVO R0,var_&GS_C
0x68EE                          T281:
                                	;[1116]     PRINT AT 106 COLOR #gs_c, "RESUME"
                                	SRCFILE "texas.bas",1116
68EE   02B8 026A                	MVII #618,R0
68F0   0240 033E                	MVO R0,_screen
68F2   0280 030F                	MVI var_&GS_C,R0
68F4   0240 033F                	MVO R0,_color
68F6   0284 033E                	MVI _screen,R4
68F8   02B8 0190                	MVII #400,R0
68FA   03C0 033F                	XOR _color,R0
68FC   0260                     	MVO@ R0,R4
68FD   03F8 00B8                	XORI #184,R0
68FF   0260                     	MVO@ R0,R4
6900   03F8 00B0                	XORI #176,R0
6902   0260                     	MVO@ R0,R4
6903   03F8 0030                	XORI #48,R0
6905   0260                     	MVO@ R0,R4
6906   03F8 00C0                	XORI #192,R0
6908   0260                     	MVO@ R0,R4
6909   03F8 0040                	XORI #64,R0
690B   0260                     	MVO@ R0,R4
690C   0244 033E                	MVO R4,_screen
                                	;[1117]     #gs_c = COL_STATUS
                                	SRCFILE "texas.bas",1117
690E   02B8 0007                	MVII #7,R0
6910   0240 030F                	MVO R0,var_&GS_C
                                	;[1118]     IF im_sel = 1 THEN #gs_c = COL_HILITE
                                	SRCFILE "texas.bas",1118
6912   0280 012C                	MVI var_IM_SEL,R0
6914   0378 0001                	CMPI #1,R0
6916   020C 0004                	BNE T282
6918   02B8 2006                	MVII #8198,R0
691A   0240 030F                	MVO R0,var_&GS_C
0x691C                          T282:
                                	;[1119]     PRINT AT 126 COLOR #gs_c, "QUIT TABLE"
                                	SRCFILE "texas.bas",1119
691C   02B8 027E                	MVII #638,R0
691E   0240 033E                	MVO R0,_screen
6920   0280 030F                	MVI var_&GS_C,R0
6922   0240 033F                	MVO R0,_color
6924   0284 033E                	MVI _screen,R4
6926   02B8 0188                	MVII #392,R0
6928   03C0 033F                	XOR _color,R0
692A   0260                     	MVO@ R0,R4
692B   03F8 0020                	XORI #32,R0
692D   0260                     	MVO@ R0,R4
692E   03F8 00E0                	XORI #224,R0
6930   0260                     	MVO@ R0,R4
6931   03F8 00E8                	XORI #232,R0
6933   0260                     	MVO@ R0,R4
6934   03F8 01A0                	XORI #416,R0
6936   0260                     	MVO@ R0,R4
6937   03F8 01A0                	XORI #416,R0
6939   0260                     	MVO@ R0,R4
693A   03F8 00A8                	XORI #168,R0
693C   0260                     	MVO@ R0,R4
693D   03F8 0018                	XORI #24,R0
693F   0260                     	MVO@ R0,R4
6940   03F8 0070                	XORI #112,R0
6942   0260                     	MVO@ R0,R4
6943   03F8 0048                	XORI #72,R0
6945   0260                     	MVO@ R0,R4
6946   0244 033E                	MVO R4,_screen
                                	;[1120] 
                                	SRCFILE "texas.bas",1120
                                	;[1121]     WAIT
                                	SRCFILE "texas.bas",1121
6948   0004 016C 001E           	CALL _wait
                                	;[1122]     GOSUB read_input
                                	SRCFILE "texas.bas",1122
694B   0004 0150 00C7           	CALL label_READ_INPUT
                                	;[1123]     IF inp_lock > 0 THEN inp_lock = inp_lock - 1 : GOTO im_loop
                                	SRCFILE "texas.bas",1123
694E   0280 0135                	MVI var_INP_LOCK,R0
6950   0378 0000                	CMPI #0,R0
6952   0206 0005                	BLE T283
6954   0010                     	DECR R0
6955   0240 0135                	MVO R0,var_INP_LOCK
6957   0220 0112                	B label_IM_LOOP
0x6959                          T283:
                                	;[1124] 
                                	SRCFILE "texas.bas",1124
                                	;[1125]     IF inp_dir AND (DISC_UP OR DISC_DOWN) THEN
                                	SRCFILE "texas.bas",1125
6959   0280 0130                	MVI var_INP_DIR,R0
695B   03B8 0005                	ANDI #5,R0
695D   0204 000F                	BEQ T284
                                	;[1126]         im_sel = 1 - im_sel
                                	SRCFILE "texas.bas",1126
695F   02B8 0001                	MVII #1,R0
6961   0300 012C                	SUB var_IM_SEL,R0
6963   0240 012C                	MVO R0,var_IM_SEL
                                	;[1127]         inp_lock = 10
                                	SRCFILE "texas.bas",1127
6965   02B8 000A                	MVII #10,R0
6967   0240 0135                	MVO R0,var_INP_LOCK
                                	;[1128]         GOSUB sound_cursor
                                	SRCFILE "texas.bas",1128
6969   0004 0154 0272           	CALL label_SOUND_CURSOR
                                	;[1129]         GOTO im_loop
                                	SRCFILE "texas.bas",1129
696C   0220 0127                	B label_IM_LOOP
                                	;[1130]     END IF
                                	SRCFILE "texas.bas",1130
0x696E                          T284:
                                	;[1131]     ' Clear again cancels straight back to RESUME. Safe to test on the frame
                                	SRCFILE "texas.bas",1131
                                	;[1132]     ' the menu opens: inp_key_hit is an edge, so the still-held press that
                                	SRCFILE "texas.bas",1132
                                	;[1133]     ' got us here reads as "no key" until it's released and pressed again.
                                	SRCFILE "texas.bas",1133
                                	;[1134]     IF inp_key_hit = 10 THEN GOTO im_done
                                	SRCFILE "texas.bas",1134
696E   0280 0133                	MVI var_INP_KEY_HIT,R0
6970   0378 000A                	CMPI #10,R0
6972   0204 0023                	BEQ label_IM_DONE
                                	;[1135]     IF inp_btn_hit = 0 THEN GOTO im_loop
                                	SRCFILE "texas.bas",1135
6974   0280 012E                	MVI var_INP_BTN_HIT,R0
6976   0080                     	TSTR R0
6977   0224 0132                	BEQ label_IM_LOOP
                                	;[1136]     GOSUB sound_select
                                	SRCFILE "texas.bas",1136
6979   0004 0154 0253           	CALL label_SOUND_SELECT
                                	;[1137] 
                                	SRCFILE "texas.bas",1137
                                	;[1138]     IF im_sel = 1 THEN
                                	SRCFILE "texas.bas",1138
697C   0280 012C                	MVI var_IM_SEL,R0
697E   0378 0001                	CMPI #1,R0
6980   020C 0015                	BNE T287
                                	;[1139]         gs_path = 3 : GOSUB compose_url
                                	SRCFILE "texas.bas",1139
6982   02B8 0003                	MVII #3,R0
6984   0240 012A                	MVO R0,var_GS_PATH
6986   0004 0154 03D9           	CALL label_COMPOSE_URL
                                	;[1140]         #net_readlen = 8
                                	SRCFILE "texas.bas",1140
6989   02B8 0008                	MVII #8,R0
698B   0240 0312                	MVO R0,var_&NET_READLEN
                                	;[1141]         GOSUB api_call
                                	SRCFILE "texas.bas",1141
698D   0004 0150 0332           	CALL label_API_CALL
                                	;[1142]         GOSUB clear_room_appkey
                                	SRCFILE "texas.bas",1142
6990   0004 0158 024B           	CALL label_CLEAR_ROOM_APPKEY
                                	;[1143]         want_leave = 1
                                	SRCFILE "texas.bas",1143
6993   02B8 0001                	MVII #1,R0
6995   0240 0168                	MVO R0,var_WANT_LEAVE
                                	;[1144]     END IF
                                	SRCFILE "texas.bas",1144
0x6997                          T287:
                                	;[1145] im_done:
                                	SRCFILE "texas.bas",1145
                                	; IM_DONE
0x6997                          label_IM_DONE:	;[1146]     force_redraw = 1
                                	SRCFILE "texas.bas",1146
6997   02B8 0001                	MVII #1,R0
6999   0240 0126                	MVO R0,var_FORCE_REDRAW
                                	;[1147] END
                                	SRCFILE "texas.bas",1147
699B   02B7                     	RETURN
                                	ENDP
                                	;[1148] 
                                	SRCFILE "texas.bas",1148
                                	;[1149] ' ===========================================================================
                                	SRCFILE "texas.bas",1149
                                	;[1150] ' name_entry_screen: disc letter picker, max 8 chars. Disc up/down cycles
                                	SRCFILE "texas.bas",1150
                                	;[1151] ' the character under the cursor through A-Z, 0-9, space; left/right moves
                                	SRCFILE "texas.bas",1151
                                	;[1152] ' the cursor; the action button accepts (at least 1 non-space char).
                                	SRCFILE "texas.bas",1152
                                	;[1153] ' ===========================================================================
                                	SRCFILE "texas.bas",1153
                                	;[1154] name_entry_screen: PROCEDURE
                                	SRCFILE "texas.bas",1154
                                	; NAME_ENTRY_SCREEN
0x699C                          label_NAME_ENTRY_SCREEN:	PROC
699C   0275                     	BEGIN
                                	;[1155]     CLS
                                	SRCFILE "texas.bas",1155
699D   0004 0150 0014           	CALL CLRSCR
                                	;[1156]     GOSUB fill_bg
                                	SRCFILE "texas.bas",1156
69A0   0004 0154 034F           	CALL label_FILL_BG
                                	;[1157]     PRINT AT 0 COLOR COL_STATUS, "ENTER YOUR NAME"
                                	SRCFILE "texas.bas",1157
69A3   02B8 0200                	MVII #512,R0
69A5   0240 033E                	MVO R0,_screen
69A7   02B8 0007                	MVII #7,R0
69A9   0240 033F                	MVO R0,_color
69AB   0284 033E                	MVI _screen,R4
69AD   02B8 0128                	MVII #296,R0
69AF   03C0 033F                	XOR _color,R0
69B1   0260                     	MVO@ R0,R4
69B2   03F8 0058                	XORI #88,R0
69B4   0260                     	MVO@ R0,R4
69B5   03F8 00D0                	XORI #208,R0
69B7   0260                     	MVO@ R0,R4
69B8   03F8 0088                	XORI #136,R0
69BA   0260                     	MVO@ R0,R4
69BB   03F8 00B8                	XORI #184,R0
69BD   0260                     	MVO@ R0,R4
69BE   03F8 0190                	XORI #400,R0
69C0   0260                     	MVO@ R0,R4
69C1   03F8 01C8                	XORI #456,R0
69C3   0260                     	MVO@ R0,R4
69C4   03F8 00B0                	XORI #176,R0
69C6   0260                     	MVO@ R0,R4
69C7   03F8 00D0                	XORI #208,R0
69C9   0260                     	MVO@ R0,R4
69CA   03F8 0038                	XORI #56,R0
69CC   0260                     	MVO@ R0,R4
69CD   03F8 0190                	XORI #400,R0
69CF   0260                     	MVO@ R0,R4
69D0   03F8 0170                	XORI #368,R0
69D2   0260                     	MVO@ R0,R4
69D3   03F8 0078                	XORI #120,R0
69D5   0260                     	MVO@ R0,R4
69D6   03F8 0060                	XORI #96,R0
69D8   0260                     	MVO@ R0,R4
69D9   03F8 0040                	XORI #64,R0
69DB   0260                     	MVO@ R0,R4
69DC   0244 033E                	MVO R4,_screen
                                	;[1158]     FOR ne_i = 0 TO 7
                                	SRCFILE "texas.bas",1158
69DE   01C0                     	CLRR R0
69DF   0240 014B                	MVO R0,var_NE_I
0x69E1                          T288:
                                	;[1159]         ne_buf(ne_i) = 36 ' space
                                	SRCFILE "texas.bas",1159
69E1   02B8 0024                	MVII #36,R0
69E3   02BB 016E                	MVII #array_NE_BUF,R3
69E5   02C3 014B                	ADD var_NE_I,R3
69E7   0258                     	MVO@ R0,R3
                                	;[1160]     NEXT ne_i
                                	SRCFILE "texas.bas",1160
69E8   0280 014B                	MVI var_NE_I,R0
69EA   0008                     	INCR R0
69EB   0240 014B                	MVO R0,var_NE_I
69ED   0378 0007                	CMPI #7,R0
69EF   0226 000F                	BLE T288
                                	;[1161]     ne_cur = 0
                                	SRCFILE "texas.bas",1161
69F1   01C0                     	CLRR R0
69F2   0240 014A                	MVO R0,var_NE_CUR
                                	;[1162]     inp_lock = 0
                                	SRCFILE "texas.bas",1162
69F4   0240 0135                	MVO R0,var_INP_LOCK
                                	;[1163] 
                                	SRCFILE "texas.bas",1163
                                	;[1164] ne_loop:
                                	SRCFILE "texas.bas",1164
                                	; NE_LOOP
0x69F6                          label_NE_LOOP:	;[1165]     FOR ne_i = 0 TO 7
                                	SRCFILE "texas.bas",1165
69F6   01C0                     	CLRR R0
69F7   0240 014B                	MVO R0,var_NE_I
0x69F9                          T289:
                                	;[1166]         #gs_c = COL_NAME
                                	SRCFILE "texas.bas",1166
69F9   02B8 2007                	MVII #8199,R0
69FB   0240 030F                	MVO R0,var_&GS_C
                                	;[1167]         IF ne_i = ne_cur THEN #gs_c = COL_HILITE
                                	SRCFILE "texas.bas",1167
69FD   0280 014B                	MVI var_NE_I,R0
69FF   0340 014A                	CMP var_NE_CUR,R0
6A01   020C 0004                	BNE T290
6A03   02B8 2006                	MVII #8198,R0
6A05   0240 030F                	MVO R0,var_&GS_C
0x6A07                          T290:
                                	;[1168]         ne_j = ne_buf(ne_i)
                                	SRCFILE "texas.bas",1168
6A07   02BB 016E                	MVII #array_NE_BUF,R3
6A09   02C3 014B                	ADD var_NE_I,R3
6A0B   0298                     	MVI@ R3,R0
6A0C   0240 014C                	MVO R0,var_NE_J
                                	;[1169]         IF ne_j < 26 THEN
                                	SRCFILE "texas.bas",1169
6A0E   0280 014C                	MVI var_NE_J,R0
6A10   0378 001A                	CMPI #26,R0
6A12   020D 0006                	BGE T291
                                	;[1170]             gs_j = 65 + ne_j
                                	SRCFILE "texas.bas",1170
6A14   02F8 0041                	ADDI #65,R0
6A16   0240 0129                	MVO R0,var_GS_J
                                	;[1171]         ELSEIF ne_j < 36 THEN
                                	SRCFILE "texas.bas",1171
6A18   0200 0010                	B T292
0x6A1A                          T291:
6A1A   0280 014C                	MVI var_NE_J,R0
6A1C   0378 0024                	CMPI #36,R0
6A1E   020D 0006                	BGE T293
                                	;[1172]             gs_j = 48 + ne_j - 26
                                	SRCFILE "texas.bas",1172
6A20   02F8 0016                	ADDI #22,R0
6A22   0240 0129                	MVO R0,var_GS_J
                                	;[1173]         ELSE
                                	SRCFILE "texas.bas",1173
6A24   0200 0004                	B T292
0x6A26                          T293:
                                	;[1174]             gs_j = 95 ' underscore stands in for a visible blank
                                	SRCFILE "texas.bas",1174
6A26   02B8 005F                	MVII #95,R0
6A28   0240 0129                	MVO R0,var_GS_J
                                	;[1175]         END IF
                                	SRCFILE "texas.bas",1175
0x6A2A                          T292:
                                	;[1176]         #BACKTAB(60 + 6 + ne_i) = (gs_j - 32) * 8 + #gs_c
                                	SRCFILE "texas.bas",1176
6A2A   0280 0129                	MVI var_GS_J,R0
6A2C   0338 0020                	SUBI #32,R0
6A2E   004C                     	SLL R0,2
6A2F   00C0                     	ADDR R0,R0
6A30   02C0 030F                	ADD var_&GS_C,R0
6A32   02BB 0242                	MVII #Q2+66,R3
6A34   02C3 014B                	ADD var_NE_I,R3
6A36   0258                     	MVO@ R0,R3
                                	;[1177]     NEXT ne_i
                                	SRCFILE "texas.bas",1177
6A37   0280 014B                	MVI var_NE_I,R0
6A39   0008                     	INCR R0
6A3A   0240 014B                	MVO R0,var_NE_I
6A3C   0378 0007                	CMPI #7,R0
6A3E   0226 0046                	BLE T289
                                	;[1178] 
                                	SRCFILE "texas.bas",1178
                                	;[1179]     WAIT
                                	SRCFILE "texas.bas",1179
6A40   0004 016C 001E           	CALL _wait
                                	;[1180]     GOSUB read_input
                                	SRCFILE "texas.bas",1180
6A43   0004 0150 00C7           	CALL label_READ_INPUT
                                	;[1181]     IF inp_lock > 0 THEN inp_lock = inp_lock - 1 : GOTO ne_loop
                                	SRCFILE "texas.bas",1181
6A46   0280 0135                	MVI var_INP_LOCK,R0
6A48   0378 0000                	CMPI #0,R0
6A4A   0206 0005                	BLE T294
6A4C   0010                     	DECR R0
6A4D   0240 0135                	MVO R0,var_INP_LOCK
6A4F   0220 005A                	B label_NE_LOOP
0x6A51                          T294:
                                	;[1182] 
                                	SRCFILE "texas.bas",1182
                                	;[1183]     IF inp_dir AND DISC_RIGHT THEN
                                	SRCFILE "texas.bas",1183
6A51   0280 0130                	MVI var_INP_DIR,R0
6A53   03B8 0002                	ANDI #2,R0
6A55   0204 0017                	BEQ T295
                                	;[1184]         ne_cur = ne_cur + 1
                                	SRCFILE "texas.bas",1184
6A57   0280 014A                	MVI var_NE_CUR,R0
6A59   0008                     	INCR R0
6A5A   0240 014A                	MVO R0,var_NE_CUR
                                	;[1185]         IF ne_cur > 7 THEN ne_cur = 0
                                	SRCFILE "texas.bas",1185
6A5C   0280 014A                	MVI var_NE_CUR,R0
6A5E   0378 0007                	CMPI #7,R0
6A60   0206 0003                	BLE T296
6A62   01C0                     	CLRR R0
6A63   0240 014A                	MVO R0,var_NE_CUR
0x6A65                          T296:
                                	;[1186]         inp_lock = 8
                                	SRCFILE "texas.bas",1186
6A65   02B8 0008                	MVII #8,R0
6A67   0240 0135                	MVO R0,var_INP_LOCK
                                	;[1187]         GOSUB sound_cursor
                                	SRCFILE "texas.bas",1187
6A69   0004 0154 0272           	CALL label_SOUND_CURSOR
                                	;[1188]         GOTO ne_loop
                                	SRCFILE "texas.bas",1188
6A6C   0220 0077                	B label_NE_LOOP
                                	;[1189]     END IF
                                	SRCFILE "texas.bas",1189
0x6A6E                          T295:
                                	;[1190]     IF inp_dir AND DISC_LEFT THEN
                                	SRCFILE "texas.bas",1190
6A6E   0280 0130                	MVI var_INP_DIR,R0
6A70   03B8 0008                	ANDI #8,R0
6A72   0204 0017                	BEQ T297
                                	;[1191]         IF ne_cur = 0 THEN ne_cur = 8
                                	SRCFILE "texas.bas",1191
6A74   0280 014A                	MVI var_NE_CUR,R0
6A76   0080                     	TSTR R0
6A77   020C 0004                	BNE T298
6A79   02B8 0008                	MVII #8,R0
6A7B   0240 014A                	MVO R0,var_NE_CUR
0x6A7D                          T298:
                                	;[1192]         ne_cur = ne_cur - 1
                                	SRCFILE "texas.bas",1192
6A7D   0280 014A                	MVI var_NE_CUR,R0
6A7F   0010                     	DECR R0
6A80   0240 014A                	MVO R0,var_NE_CUR
                                	;[1193]         inp_lock = 8
                                	SRCFILE "texas.bas",1193
6A82   02B8 0008                	MVII #8,R0
6A84   0240 0135                	MVO R0,var_INP_LOCK
                                	;[1194]         GOSUB sound_cursor
                                	SRCFILE "texas.bas",1194
6A86   0004 0154 0272           	CALL label_SOUND_CURSOR
                                	;[1195]         GOTO ne_loop
                                	SRCFILE "texas.bas",1195
6A89   0220 0094                	B label_NE_LOOP
                                	;[1196]     END IF
                                	SRCFILE "texas.bas",1196
0x6A8B                          T297:
                                	;[1197]     IF inp_dir AND DISC_UP THEN
                                	SRCFILE "texas.bas",1197
6A8B   0280 0130                	MVI var_INP_DIR,R0
6A8D   03B8 0004                	ANDI #4,R0
6A8F   0204 0017                	BEQ T299
                                	;[1198]         ne_buf(ne_cur) = ne_buf(ne_cur) + 1
                                	SRCFILE "texas.bas",1198
6A91   02BB 016E                	MVII #array_NE_BUF,R3
6A93   02C3 014A                	ADD var_NE_CUR,R3
6A95   0298                     	MVI@ R3,R0
6A96   0008                     	INCR R0
6A97   0258                     	MVO@ R0,R3
                                	;[1199]         IF ne_buf(ne_cur) > 36 THEN ne_buf(ne_cur) = 0
                                	SRCFILE "texas.bas",1199
6A98   0298                     	MVI@ R3,R0
6A99   0378 0024                	CMPI #36,R0
6A9B   0206 0002                	BLE T300
6A9D   01C0                     	CLRR R0
6A9E   0258                     	MVO@ R0,R3
0x6A9F                          T300:
                                	;[1200]         inp_lock = 6
                                	SRCFILE "texas.bas",1200
6A9F   02B8 0006                	MVII #6,R0
6AA1   0240 0135                	MVO R0,var_INP_LOCK
                                	;[1201]         GOSUB sound_cursor
                                	SRCFILE "texas.bas",1201
6AA3   0004 0154 0272           	CALL label_SOUND_CURSOR
                                	;[1202]         GOTO ne_loop
                                	SRCFILE "texas.bas",1202
6AA6   0220 00B1                	B label_NE_LOOP
                                	;[1203]     END IF
                                	SRCFILE "texas.bas",1203
0x6AA8                          T299:
                                	;[1204]     IF inp_dir AND DISC_DOWN THEN
                                	SRCFILE "texas.bas",1204
6AA8   0280 0130                	MVI var_INP_DIR,R0
6AAA   03B8 0001                	ANDI #1,R0
6AAC   0204 001B                	BEQ T301
                                	;[1205]         IF ne_buf(ne_cur) = 0 THEN ne_buf(ne_cur) = 37
                                	SRCFILE "texas.bas",1205
6AAE   02BB 016E                	MVII #array_NE_BUF,R3
6AB0   02C3 014A                	ADD var_NE_CUR,R3
6AB2   0298                     	MVI@ R3,R0
6AB3   0080                     	TSTR R0
6AB4   020C 0003                	BNE T302
6AB6   02B8 0025                	MVII #37,R0
6AB8   0258                     	MVO@ R0,R3
0x6AB9                          T302:
                                	;[1206]         ne_buf(ne_cur) = ne_buf(ne_cur) - 1
                                	SRCFILE "texas.bas",1206
6AB9   02BB 016E                	MVII #array_NE_BUF,R3
6ABB   02C3 014A                	ADD var_NE_CUR,R3
6ABD   0298                     	MVI@ R3,R0
6ABE   0010                     	DECR R0
6ABF   0258                     	MVO@ R0,R3
                                	;[1207]         inp_lock = 6
                                	SRCFILE "texas.bas",1207
6AC0   02B8 0006                	MVII #6,R0
6AC2   0240 0135                	MVO R0,var_INP_LOCK
                                	;[1208]         GOSUB sound_cursor
                                	SRCFILE "texas.bas",1208
6AC4   0004 0154 0272           	CALL label_SOUND_CURSOR
                                	;[1209]         GOTO ne_loop
                                	SRCFILE "texas.bas",1209
6AC7   0220 00D2                	B label_NE_LOOP
                                	;[1210]     END IF
                                	SRCFILE "texas.bas",1210
0x6AC9                          T301:
                                	;[1211]     IF inp_btn_hit = 0 THEN GOTO ne_loop
                                	SRCFILE "texas.bas",1211
6AC9   0280 012E                	MVI var_INP_BTN_HIT,R0
6ACB   0080                     	TSTR R0
6ACC   0224 00D7                	BEQ label_NE_LOOP
                                	;[1212]     GOSUB sound_select
                                	SRCFILE "texas.bas",1212
6ACE   0004 0154 0253           	CALL label_SOUND_SELECT
                                	;[1213] 
                                	SRCFILE "texas.bas",1213
                                	;[1214]     ne_len = 8
                                	SRCFILE "texas.bas",1214
6AD1   02B8 0008                	MVII #8,R0
6AD3   0240 014D                	MVO R0,var_NE_LEN
                                	;[1215]     WHILE ne_len > 0 AND ne_buf(ne_len - 1) = 36
                                	SRCFILE "texas.bas",1215
0x6AD5                          T304:
6AD5   0280 014D                	MVI var_NE_LEN,R0
6AD7   0378 0000                	CMPI #0,R0
6AD9   02B8 FFFF                	MVII #65535,R0
6ADB   020E 0001                	BGT T306
6ADD   0008                     	INCR R0
0x6ADE                          T306:
6ADE   02BB 016D                	MVII #array_NE_BUF-1,R3
6AE0   02C3 014D                	ADD var_NE_LEN,R3
6AE2   0299                     	MVI@ R3,R1
6AE3   0379 0024                	CMPI #36,R1
6AE5   02B9 FFFF                	MVII #65535,R1
6AE7   0204 0001                	BEQ T307
6AE9   0009                     	INCR R1
0x6AEA                          T307:
6AEA   0188                     	ANDR R1,R0
6AEB   0204 0007                	BEQ T305
                                	;[1216]         ne_len = ne_len - 1
                                	SRCFILE "texas.bas",1216
6AED   0280 014D                	MVI var_NE_LEN,R0
6AEF   0010                     	DECR R0
6AF0   0240 014D                	MVO R0,var_NE_LEN
                                	;[1217]     WEND
                                	SRCFILE "texas.bas",1217
6AF2   0220 001E                	B T304
0x6AF4                          T305:
                                	;[1218]     IF ne_len = 0 THEN GOTO ne_loop
                                	SRCFILE "texas.bas",1218
6AF4   0280 014D                	MVI var_NE_LEN,R0
6AF6   0080                     	TSTR R0
6AF7   0224 0102                	BEQ label_NE_LOOP
                                	;[1219] 
                                	SRCFILE "texas.bas",1219
                                	;[1220]     FOR ne_i = 0 TO ne_len - 1
                                	SRCFILE "texas.bas",1220
6AF9   01C0                     	CLRR R0
6AFA   0240 014B                	MVO R0,var_NE_I
0x6AFC                          T309:
                                	;[1221]         ne_j = ne_buf(ne_i)
                                	SRCFILE "texas.bas",1221
6AFC   02BB 016E                	MVII #array_NE_BUF,R3
6AFE   02C3 014B                	ADD var_NE_I,R3
6B00   0298                     	MVI@ R3,R0
6B01   0240 014C                	MVO R0,var_NE_J
                                	;[1222]         IF ne_j < 26 THEN
                                	SRCFILE "texas.bas",1222
6B03   0280 014C                	MVI var_NE_J,R0
6B05   0378 001A                	CMPI #26,R0
6B07   020D 0006                	BGE T310
                                	;[1223]             gs_j = 65 + ne_j
                                	SRCFILE "texas.bas",1223
6B09   02F8 0041                	ADDI #65,R0
6B0B   0240 0129                	MVO R0,var_GS_J
                                	;[1224]         ELSE
                                	SRCFILE "texas.bas",1224
6B0D   0200 0006                	B T311
0x6B0F                          T310:
                                	;[1225]             gs_j = 48 + ne_j - 26
                                	SRCFILE "texas.bas",1225
6B0F   0280 014C                	MVI var_NE_J,R0
6B11   02F8 0016                	ADDI #22,R0
6B13   0240 0129                	MVO R0,var_GS_J
                                	;[1226]         END IF
                                	SRCFILE "texas.bas",1226
0x6B15                          T311:
                                	;[1227]         POKE (SC_NAME + ne_i), gs_j
                                	SRCFILE "texas.bas",1227
6B15   0280 0129                	MVI var_GS_J,R0
6B17   0281 014B                	MVI var_NE_I,R1
6B19   02F9 9100                	ADDI #37120,R1
6B1B   0248                     	MVO@ R0,R1
                                	;[1228]     NEXT ne_i
                                	SRCFILE "texas.bas",1228
6B1C   0280 014B                	MVI var_NE_I,R0
6B1E   0008                     	INCR R0
6B1F   0240 014B                	MVO R0,var_NE_I
6B21   0281 014D                	MVI var_NE_LEN,R1
6B23   0011                     	DECR R1
6B24   0148                     	CMPR R1,R0
6B25   0226 002A                	BLE T309
                                	;[1229]     POKE (SC_NAME + ne_len), 0
                                	SRCFILE "texas.bas",1229
6B27   01C0                     	CLRR R0
6B28   0281 014D                	MVI var_NE_LEN,R1
6B2A   02F9 9100                	ADDI #37120,R1
6B2C   0248                     	MVO@ R0,R1
                                	;[1230] 
                                	SRCFILE "texas.bas",1230
                                	;[1231]     ak_creator_lo = 1 : ak_creator_hi = 0 : ak_app = 1 : ak_key = 0 : ak_mode = 1
                                	SRCFILE "texas.bas",1231
6B2D   02B8 0001                	MVII #1,R0
6B2F   0240 0115                	MVO R0,var_AK_CREATOR_LO
6B31   01C0                     	CLRR R0
6B32   0240 0114                	MVO R0,var_AK_CREATOR_HI
6B34   02B8 0001                	MVII #1,R0
6B36   0240 0113                	MVO R0,var_AK_APP
6B38   01C0                     	CLRR R0
6B39   0240 0116                	MVO R0,var_AK_KEY
6B3B   02B8 0001                	MVII #1,R0
6B3D   0240 0117                	MVO R0,var_AK_MODE
                                	;[1232]     GOSUB appkey_open
                                	SRCFILE "texas.bas",1232
6B3F   0004 0150 037E           	CALL label_APPKEY_OPEN
                                	;[1233]     IF fn_ok THEN
                                	SRCFILE "texas.bas",1233
6B42   0280 0125                	MVI var_FN_OK,R0
6B44   0080                     	TSTR R0
6B45   0204 00A5                	BEQ T312
                                	;[1234]         #fn_src = SC_NAME : fn_len = ne_len
                                	SRCFILE "texas.bas",1234
6B47   02B8 9100                	MVII #37120,R0
6B49   0240 030C                	MVO R0,var_&FN_SRC
6B4B   0280 014D                	MVI var_NE_LEN,R0
6B4D   0240 0124                	MVO R0,var_FN_LEN
                                	;[1235]         GOSUB appkey_write
                                	SRCFILE "texas.bas",1235
6B4F   0004 0154 0000           	CALL label_APPKEY_WRITE
                                	;[1236]         ' A failed write used to be silent -- looked identical to success
                                	SRCFILE "texas.bas",1236
                                	;[1237]         ' from here, even though the name would never come back on the
                                	SRCFILE "texas.bas",1237
                                	;[1238]         ' next boot (e.g. if the backend has no SD/appkey storage mounted).
                                	SRCFILE "texas.bas",1238
                                	;[1239]         IF fn_ok = 0 THEN
                                	SRCFILE "texas.bas",1239
6B52   0280 0125                	MVI var_FN_OK,R0
6B54   0080                     	TSTR R0
6B55   020C 0092                	BNE T313
                                	;[1240]             PRINT AT 100 COLOR COL_STATUS, "NAME NOT SAVED FOR "
                                	SRCFILE "texas.bas",1240
6B57   02B8 0264                	MVII #612,R0
6B59   0240 033E                	MVO R0,_screen
6B5B   02B8 0007                	MVII #7,R0
6B5D   0240 033F                	MVO R0,_color
6B5F   0284 033E                	MVI _screen,R4
6B61   02B8 0170                	MVII #368,R0
6B63   03C0 033F                	XOR _color,R0
6B65   0260                     	MVO@ R0,R4
6B66   03F8 0078                	XORI #120,R0
6B68   0260                     	MVO@ R0,R4
6B69   03F8 0060                	XORI #96,R0
6B6B   0260                     	MVO@ R0,R4
6B6C   03F8 0040                	XORI #64,R0
6B6E   0260                     	MVO@ R0,R4
6B6F   03F8 0128                	XORI #296,R0
6B71   0260                     	MVO@ R0,R4
6B72   03F8 0170                	XORI #368,R0
6B74   0260                     	MVO@ R0,R4
6B75   03F8 0008                	XORI #8,R0
6B77   0260                     	MVO@ R0,R4
6B78   03F8 00D8                	XORI #216,R0
6B7A   0260                     	MVO@ R0,R4
6B7B   03F8 01A0                	XORI #416,R0
6B7D   0260                     	MVO@ R0,R4
6B7E   03F8 0198                	XORI #408,R0
6B80   0260                     	MVO@ R0,R4
6B81   03F8 0090                	XORI #144,R0
6B83   0260                     	MVO@ R0,R4
6B84   03F8 00B8                	XORI #184,R0
6B86   0260                     	MVO@ R0,R4
6B87   03F8 0098                	XORI #152,R0
6B89   0260                     	MVO@ R0,R4
6B8A   03F8 0008                	XORI #8,R0
6B8C   0260                     	MVO@ R0,R4
6B8D   03F8 0120                	XORI #288,R0
6B8F   0260                     	MVO@ R0,R4
6B90   03F8 0130                	XORI #304,R0
6B92   0260                     	MVO@ R0,R4
6B93   03F8 0048                	XORI #72,R0
6B95   0260                     	MVO@ R0,R4
6B96   03F8 00E8                	XORI #232,R0
6B98   0260                     	MVO@ R0,R4
6B99   03F8 0190                	XORI #400,R0
6B9B   0260                     	MVO@ R0,R4
6B9C   0244 033E                	MVO R4,_screen
                                	;[1241]             PRINT AT 120 COLOR COL_STATUS, "NEXT TIME           "
                                	SRCFILE "texas.bas",1241
6B9E   02B8 0278                	MVII #632,R0
6BA0   0240 033E                	MVO R0,_screen
6BA2   02B8 0007                	MVII #7,R0
6BA4   0240 033F                	MVO R0,_color
6BA6   0284 033E                	MVI _screen,R4
6BA8   02B8 0170                	MVII #368,R0
6BAA   03C0 033F                	XOR _color,R0
6BAC   0260                     	MVO@ R0,R4
6BAD   03F8 0058                	XORI #88,R0
6BAF   0260                     	MVO@ R0,R4
6BB0   03F8 00E8                	XORI #232,R0
6BB2   0260                     	MVO@ R0,R4
6BB3   03F8 0060                	XORI #96,R0
6BB5   0260                     	MVO@ R0,R4
6BB6   03F8 01A0                	XORI #416,R0
6BB8   0260                     	MVO@ R0,R4
6BB9   03F8 01A0                	XORI #416,R0
6BBB   0260                     	MVO@ R0,R4
6BBC   03F8 00E8                	XORI #232,R0
6BBE   0260                     	MVO@ R0,R4
6BBF   03F8 0020                	XORI #32,R0
6BC1   0260                     	MVO@ R0,R4
6BC2   03F8 0040                	XORI #64,R0
6BC4   0260                     	MVO@ R0,R4
6BC5   03F8 0128                	XORI #296,R0
6BC7   0260                     	MVO@ R0,R4
6BC8   0260                     	MVO@ R0,R4
6BC9   0260                     	MVO@ R0,R4
6BCA   0260                     	MVO@ R0,R4
6BCB   0034                     	NOP
6BCC   0260                     	MVO@ R0,R4
6BCD   0260                     	MVO@ R0,R4
6BCE   0260                     	MVO@ R0,R4
6BCF   0260                     	MVO@ R0,R4
6BD0   0034                     	NOP
6BD1   0260                     	MVO@ R0,R4
6BD2   0260                     	MVO@ R0,R4
6BD3   0260                     	MVO@ R0,R4
6BD4   0034                     	NOP
6BD5   0244 033E                	MVO R4,_screen
                                	;[1242]             poll_wait = 90
                                	SRCFILE "texas.bas",1242
6BD7   02B8 005A                	MVII #90,R0
6BD9   0240 0151                	MVO R0,var_POLL_WAIT
                                	;[1243]             WHILE poll_wait > 0
                                	SRCFILE "texas.bas",1243
0x6BDB                          T314:
6BDB   0280 0151                	MVI var_POLL_WAIT,R0
6BDD   0378 0000                	CMPI #0,R0
6BDF   0206 0008                	BLE T315
                                	;[1244]                 poll_wait = poll_wait - 1
                                	SRCFILE "texas.bas",1244
6BE1   0010                     	DECR R0
6BE2   0240 0151                	MVO R0,var_POLL_WAIT
                                	;[1245]                 WAIT
                                	SRCFILE "texas.bas",1245
6BE4   0004 016C 001E           	CALL _wait
                                	;[1246]             WEND
                                	SRCFILE "texas.bas",1246
6BE7   0220 000D                	B T314
0x6BE9                          T315:
                                	;[1247]         END IF
                                	SRCFILE "texas.bas",1247
0x6BE9                          T313:
                                	;[1248]         GOSUB appkey_close
                                	SRCFILE "texas.bas",1248
6BE9   0004 0154 002D           	CALL label_APPKEY_CLOSE
                                	;[1249]     END IF
                                	SRCFILE "texas.bas",1249
0x6BEC                          T312:
                                	;[1250] END
                                	SRCFILE "texas.bas",1250
6BEC   02B7                     	RETURN
                                	ENDP
                                	;[1251] 
                                	SRCFILE "texas.bas",1251
                                	;[1252] halt:
                                	SRCFILE "texas.bas",1252
                                	; HALT
0x6BED                          label_HALT:	;[1253]     WAIT
                                	SRCFILE "texas.bas",1253
6BED   0004 016C 001E           	CALL _wait
                                	;[1254]     GOTO halt
                                	SRCFILE "texas.bas",1254
6BF0   0220 0004                	B label_HALT
                                	;ENDFILE
                                	SRCFILE "",0
0x1                             intybasic_keypad:	equ 1	; Forces to include keypad library
0x1                             intybasic_numbers:	equ 1	; Forces to include numbers library
                                	;
                                	; Epilogue for IntyBASIC programs
                                	; by Oscar Toledo G.  http://nanochess.org/
                                	;
                                	; Revision: Jan/30/2014. Moved GRAM code below MOB updates.
                                	;                        Added comments.
                                	; Revision: Feb/26/2014. Optimized access to collision registers
                                	;                        per DZ-Jay suggestion. Added scrolling
                                	;                        routines with optimization per intvnut
                                	;                        suggestion. Added border/mask support.
                                	; Revision: Apr/02/2014. Added support to set MODE (color stack
                                	;                        or foreground/background), added support
                                	;                        for SCREEN statement.
                                	; Revision: Aug/19/2014. Solved bug in bottom scroll, moved an
                                	;                        extra unneeded line.
                                	; Revision: Aug/26/2014. Integrated music player and NTSC/PAL
                                	;                        detection.
                                	; Revision: Oct/24/2014. Adjust in some comments.
                                	; Revision: Nov/13/2014. Integrated Joseph Zbiciak's routines
                                	;                        for printing numbers.
                                	; Revision: Nov/17/2014. Redesigned MODE support to use a single
                                	;                        variable.
                                	; Revision: Nov/21/2014. Added Intellivoice support routines made
                                	;                        by Joseph Zbiciak.
                                	; Revision: Dec/11/2014. Optimized keypad decode routines.
                                	; Revision: Jan/25/2015. Added marker for insertion of ON FRAME GOSUB
                                	; Revision: Feb/17/2015. Allows to deactivate music player (PLAY NONE)
                                	; Revision: Apr/21/2015. Accelerates common case of keypad not pressed.
                                	;                        Added ECS ROM disable code.
                                	; Revision: Apr/22/2015. Added Joseph Zbiciak accelerated multiplication
                                	;                        routines.
                                	; Revision: Jun/04/2015. Optimized play_music (per GroovyBee suggestion)
                                	; Revision: Jul/25/2015. Added infinite loop at start to avoid crashing
                                	;                        with empty programs. Solved bug where _color
                                	;                        didn't started with white.
                                	; Revision: Aug/20/2015. Moved ECS mapper disable code so nothing gets
                                	;                        after it (GroovyBee 42K sample code)
                                	; Revision: Aug/21/2015. Added Joseph Zbiciak routines for JLP Flash
                                	;                        handling.
                                	; Revision: Aug/31/2015. Added CPYBLK2 for SCREEN fifth argument.
                                	; Revision: Sep/01/2015. Defined labels Q1 and Q2 as alias.
                                	; Revision: Jan/22/2016. Music player allows not to use noise channel
                                	;                        for drums. Allows setting music volume.
                                	; Revision: Jan/23/2016. Added jump inside of music (for MUSIC JUMP)
                                	; Revision: May/03/2016. Preserves current mode in bit 0 of _mode_select
                                	; Revision: Oct/21/2016. Added C7 in notes table, it was missing. (thanks
                                	;                        mmarrero)
                                	; Revision: Jan/09/2018. Initializes scroll offset registers (useful when
                                	;                        starting from $4800). Uses slightly less space.
                                	; Revision: Feb/05/2018. Added IV_HUSH.
                                	; Revision: Mar/01/2018. Added support for music tracker over ECS.
                                	; Revision: Sep/25/2018. Solved bug in mixer for ECS drums.
                                	; Revision: Oct/30/2018. Small optimization in music player.
                                	; Revision: Jan/09/2019. Solved bug where it would play always like
                                	;                        PLAY SIMPLE NO DRUMS.
                                	; Revision: May/18/2019. Solved bug where drums failed in ECS side.
                                	;

                                	;
                                	; Avoids empty programs to crash
                                	; 
6BF2   0220 0001                stuck:	B stuck

                                	;
                                	; Copy screen helper for SCREEN wide statement
                                	;

0x6BF4                          CPYBLK2:	PROC
6BF4   0083                     	MOVR R0,R3		; Offset
6BF5   00AA                     	MOVR R5,R2
6BF6   02B0                     	PULR R0
6BF7   02B1                     	PULR R1
6BF8   02B5                     	PULR R5
6BF9   02B4                     	PULR R4
6BFA   0272                     	PSHR R2
6BFB   010B                     	SUBR R1,R3

6BFC   0273                     @@1:	PSHR R3
6BFD   008B                     	MOVR R1,R3		; Init line copy
6BFE   02A2                     @@2:	MVI@ R4,R2		; Copy line
6BFF   026A                     	MVO@ R2,R5
6C00   0013                     	DECR R3
6C01   022C 0004                	BNE @@2
6C03   02B3                     	PULR R3		 ; Add offset to start in next line
6C04   00DC                     	ADDR R3,R4
6C05   010D                     	SUBR R1,R5
6C06   02FD 0014                	ADDI #20,R5
6C08   0010                     	DECR R0		 ; Count lines
6C09   022C 000E                	BNE @@1

6C0B   02B7                     	RETURN
                                	ENDP

                                	;
                                	; Copy screen helper for SCREEN statement
                                	;
0x6C0C                          CPYBLK:	PROC
6C0C   0275                     	BEGIN
6C0D   009C                     	MOVR R3,R4
6C0E   0095                     	MOVR R2,R5

6C0F   008B                     @@1:	MOVR R1,R3	      ; Init line copy
6C10   02A2                     @@2:	MVI@ R4,R2	      ; Copy line
6C11   026A                     	MVO@ R2,R5
6C12   0013                     	DECR R3
6C13   022C 0004                	BNE @@2
6C15   02BB 0014                	MVII #20,R3	     ; Add offset to start in next line
6C17   010B                     	SUBR R1,R3
6C18   00DC                     	ADDR R3,R4
6C19   00DD                     	ADDR R3,R5
6C1A   0010                     	DECR R0		 ; Count lines
6C1B   022C 000D                	BNE @@1
6C1D   02B7                     	RETURN
                                	ENDP

                                	;
                                	; Wait for interruption
                                	;
0x6C1E                          _wait:  PROC

                                    IF DEFINED intybasic_keypad
6C1E   0280 01FF                	MVI $01FF,R0
6C20   0018                     	COMR R0
6C21   03B8 00FF                	ANDI #$FF,R0
6C23   0340 010C                	CMP _cnt1_p0,R0
6C25   020C 0034                	BNE @@2
6C27   0340 010D                	CMP _cnt1_p1,R0
6C29   020C 0030                	BNE @@2
6C2B   0080                     	TSTR R0		; Accelerates common case of key not pressed
6C2C   02BC 6CB9                	MVII #_keypad_table+13,R4
6C2E   0204 0027                	BEQ @@4
6C30   02BC 6CAC                	MVII #_keypad_table,R4
                                    REPEAT 6
6C32   0360                     	CMP@ R4,R0
6C33   0204 0022                	BEQ @@4
6C35   0360                     	CMP@ R4,R0
6C36   0204 001F                	BEQ @@4
  ;== 1                             ENDR
6C38   0360                     	CMP@ R4,R0
6C39   0204 001C                	BEQ @@4
6C3B   0360                     	CMP@ R4,R0
6C3C   0204 0019                	BEQ @@4
  ;== 2                             ENDR
6C3E   0360                     	CMP@ R4,R0
6C3F   0204 0016                	BEQ @@4
6C41   0360                     	CMP@ R4,R0
6C42   0204 0013                	BEQ @@4
  ;== 3                             ENDR
6C44   0360                     	CMP@ R4,R0
6C45   0204 0010                	BEQ @@4
6C47   0360                     	CMP@ R4,R0
6C48   0204 000D                	BEQ @@4
  ;== 4                             ENDR
6C4A   0360                     	CMP@ R4,R0
6C4B   0204 000A                	BEQ @@4
6C4D   0360                     	CMP@ R4,R0
6C4E   0204 0007                	BEQ @@4
  ;== 5                             ENDR
6C50   0360                     	CMP@ R4,R0
6C51   0204 0004                	BEQ @@4
6C53   0360                     	CMP@ R4,R0
6C54   0204 0001                	BEQ @@4
  ;== 6                             ENDR
6C56   000C                     	INCR R4
6C57   033C 6CAD                @@4:    SUBI #_keypad_table+1,R4
6C59   0244 010E                	MVO R4,_cnt1_key

6C5B   0281 010D                @@2:    MVI _cnt1_p1,R1
6C5D   0241 010C                	MVO R1,_cnt1_p0
6C5F   0240 010D                	MVO R0,_cnt1_p1

6C61   0280 01FE                	MVI $01FE,R0
6C63   0018                     	COMR R0
6C64   03B8 00FF                	ANDI #$FF,R0
6C66   0340 010F                	CMP _cnt2_p0,R0
6C68   020C 0034                	BNE @@5
6C6A   0340 0110                	CMP _cnt2_p1,R0
6C6C   020C 0030                	BNE @@5
6C6E   0080                     	TSTR R0		; Accelerates common case of key not pressed
6C6F   02BC 6CB9                	MVII #_keypad_table+13,R4
6C71   0204 0027                	BEQ @@7
6C73   02BC 6CAC                	MVII #_keypad_table,R4
                                    REPEAT 6
6C75   0360                     	CMP@ R4,R0
6C76   0204 0022                	BEQ @@7
6C78   0360                     	CMP@ R4,R0
6C79   0204 001F                	BEQ @@7
  ;== 1                             ENDR
6C7B   0360                     	CMP@ R4,R0
6C7C   0204 001C                	BEQ @@7
6C7E   0360                     	CMP@ R4,R0
6C7F   0204 0019                	BEQ @@7
  ;== 2                             ENDR
6C81   0360                     	CMP@ R4,R0
6C82   0204 0016                	BEQ @@7
6C84   0360                     	CMP@ R4,R0
6C85   0204 0013                	BEQ @@7
  ;== 3                             ENDR
6C87   0360                     	CMP@ R4,R0
6C88   0204 0010                	BEQ @@7
6C8A   0360                     	CMP@ R4,R0
6C8B   0204 000D                	BEQ @@7
  ;== 4                             ENDR
6C8D   0360                     	CMP@ R4,R0
6C8E   0204 000A                	BEQ @@7
6C90   0360                     	CMP@ R4,R0
6C91   0204 0007                	BEQ @@7
  ;== 5                             ENDR
6C93   0360                     	CMP@ R4,R0
6C94   0204 0004                	BEQ @@7
6C96   0360                     	CMP@ R4,R0
6C97   0204 0001                	BEQ @@7
  ;== 6                             ENDR

6C99   000C                     	INCR R4
6C9A   033C 6CAD                @@7:    SUBI #_keypad_table+1,R4
6C9C   0244 0111                	MVO R4,_cnt2_key

6C9E   0281 0110                @@5:    MVI _cnt2_p1,R1
6CA0   0241 010F                	MVO R1,_cnt2_p0
6CA2   0240 0110                	MVO R0,_cnt2_p1
                                    ENDI

6CA4   01C0                     	CLRR    R0
6CA5   0240 0102                	MVO     R0,_int	 ; Clears waiting flag
6CA7   0340 0102                @@1:	CMP     _int,  R0       ; Waits for change
6CA9   0224 0003                	BEQ     @@1
6CAB   00AF                     	JR      R5	      ; Returns
                                	ENDP

                                	;
                                	; Keypad table
                                	;
0x6CAC                          _keypad_table:	  PROC
6CAC   0048 0081 0041 0021      	DECLE $48,$81,$41,$21,$82,$42,$22,$84,$44,$24,$88,$28
6CB0   0082 0042 0022 0084 0044 0024 0088 0028 
                                	ENDP

0x6CB8                          _set_isr:	PROC
6CB8   02A8                     	MVI@ R5,R0
6CB9   0240 0100                	MVO R0,ISRVEC
6CBB   0040                     	SWAP R0
6CBC   0240 0101                	MVO R0,ISRVEC+1
6CBE   00AF                     	JR R5
                                	ENDP

                                	;
                                	; Interruption routine
                                	;
0x6CBF                          _int_vector:     PROC

                                    IF DEFINED intybasic_stack
                                	CMPI #$308,R6
                                	BNC @@vs
                                	MVO R0,$20	; Enables display
                                	MVI $21,R0	; Activates Color Stack mode
                                	CLRR R0
                                	MVO R0,$28
                                	MVO R0,$29
                                	MVO R0,$2A
                                	MVO R0,$2B
                                	MVII #@@vs1,R4
                                	MVII #$200,R5
                                	MVII #20,R1
                                @@vs2:	MVI@ R4,R0
                                	MVO@ R0,R5
                                	DECR R1
                                	BNE @@vs2
                                	RETURN

                                	; Stack Overflow message
                                @@vs1:	DECLE 0,0,0,$33*8+7,$54*8+7,$41*8+7,$43*8+7,$4B*8+7,$00*8+7
                                	DECLE $4F*8+7,$56*8+7,$45*8+7,$52*8+7,$46*8+7,$4C*8+7
                                	DECLE $4F*8+7,$57*8+7,0,0,0

                                @@vs:
                                    ENDI

6CBF   02B9 0001                	MVII #1,R1
6CC1   0241 0102                	MVO R1,_int	; Indicates interrupt happened.

6CC3   0280 0109                	MVI _mode_select,R0
6CC5   007C                     	SARC R0,2
6CC6   020C 0002                	BNE @@ds
6CC8   0240 0020                	MVO R0,$20	; Enables display
6CCA   0209 0006                @@ds:	BNC @@vi14
6CCC   0240 0021                	MVO R0,$21	; Foreground/background mode
6CCE   020A 001B                	BNOV @@vi0
6CD0   0200 0013                	B @@vi15

6CD2   0280 0021                @@vi14:	MVI $21,R0	; Color stack mode
6CD4   020A 0015                	BNOV @@vi0
6CD6   01C9                     	CLRR R1
6CD7   0280 033F                	MVI _color,R0
6CD9   0240 0028                	MVO R0,$28
6CDB   0040                     	SWAP R0
6CDC   0240 0029                	MVO R0,$29
6CDE   0064                     	SLR R0,2
6CDF   0064                     	SLR R0,2
6CE0   0240 002A                	MVO R0,$2A
6CE2   0040                     	SWAP R0
6CE3   0240 002B                	MVO R0,$2B
0x6CE5                          @@vi15:
6CE5   0241 0109                	MVO R1,_mode_select
6CE7   02B8 0007                	MVII #7,R0
6CE9   0240 033F                	MVO R0,_color	   ; Default color for PRINT "string"
0x6CEB                          @@vi0:

6CEB   0275                     	BEGIN

6CEC   0280 010A                	MVI _border_color,R0
6CEE   0240 002C                	MVO     R0,     $2C     ; Border color
6CF0   0280 010B                	MVI _border_mask,R0
6CF2   0240 0032                	MVO     R0,     $32     ; Border mask
                                	;
                                	; Save collision registers for further use and clear them
                                	;
6CF4   02BC 0018                	MVII #$18,R4
6CF6   02BD 0340                	MVII #_col0,R5
6CF8   02A0                     	MVI@ R4,R0
6CF9   0268                     	MVO@ R0,R5  ; _col0
6CFA   02A0                     	MVI@ R4,R0
6CFB   0268                     	MVO@ R0,R5  ; _col1
6CFC   02A0                     	MVI@ R4,R0
6CFD   0268                     	MVO@ R0,R5  ; _col2
6CFE   02A0                     	MVI@ R4,R0
6CFF   0268                     	MVO@ R0,R5  ; _col3
6D00   02A0                     	MVI@ R4,R0
6D01   0268                     	MVO@ R0,R5  ; _col4
6D02   02A0                     	MVI@ R4,R0
6D03   0268                     	MVO@ R0,R5  ; _col5
6D04   02A0                     	MVI@ R4,R0
6D05   0268                     	MVO@ R0,R5  ; _col6
6D06   02A0                     	MVI@ R4,R0
6D07   0268                     	MVO@ R0,R5  ; _col7
                                	
                                    IF DEFINED intybasic_scroll

                                	;
                                	; Scrolling things
                                	;
                                	MVI _scroll_x,R0
                                	MVO R0,$30
                                	MVI _scroll_y,R0
                                	MVO R0,$31
                                    ENDI

                                	;
                                	; Updates sprites (MOBs)
                                	;
6D08   00AC                     	MOVR R5,R4	; MVII #_mobs,R4
6D09   01ED                     	CLRR R5		; X-coordinates
                                    REPEAT 8
6D0A   02A0                     	MVI@ R4,R0
6D0B   0268                     	MVO@ R0,R5
6D0C   02A0                     	MVI@ R4,R0
6D0D   0268                     	MVO@ R0,R5
6D0E   02A0                     	MVI@ R4,R0
6D0F   0268                     	MVO@ R0,R5
  ;== 1                             ENDR
6D10   02A0                     	MVI@ R4,R0
6D11   0268                     	MVO@ R0,R5
6D12   02A0                     	MVI@ R4,R0
6D13   0268                     	MVO@ R0,R5
6D14   02A0                     	MVI@ R4,R0
6D15   0268                     	MVO@ R0,R5
  ;== 2                             ENDR
6D16   02A0                     	MVI@ R4,R0
6D17   0268                     	MVO@ R0,R5
6D18   02A0                     	MVI@ R4,R0
6D19   0268                     	MVO@ R0,R5
6D1A   02A0                     	MVI@ R4,R0
6D1B   0268                     	MVO@ R0,R5
  ;== 3                             ENDR
6D1C   02A0                     	MVI@ R4,R0
6D1D   0268                     	MVO@ R0,R5
6D1E   02A0                     	MVI@ R4,R0
6D1F   0268                     	MVO@ R0,R5
6D20   02A0                     	MVI@ R4,R0
6D21   0268                     	MVO@ R0,R5
  ;== 4                             ENDR
6D22   02A0                     	MVI@ R4,R0
6D23   0268                     	MVO@ R0,R5
6D24   02A0                     	MVI@ R4,R0
6D25   0268                     	MVO@ R0,R5
6D26   02A0                     	MVI@ R4,R0
6D27   0268                     	MVO@ R0,R5
  ;== 5                             ENDR
6D28   02A0                     	MVI@ R4,R0
6D29   0268                     	MVO@ R0,R5
6D2A   02A0                     	MVI@ R4,R0
6D2B   0268                     	MVO@ R0,R5
6D2C   02A0                     	MVI@ R4,R0
6D2D   0268                     	MVO@ R0,R5
  ;== 6                             ENDR
6D2E   02A0                     	MVI@ R4,R0
6D2F   0268                     	MVO@ R0,R5
6D30   02A0                     	MVI@ R4,R0
6D31   0268                     	MVO@ R0,R5
6D32   02A0                     	MVI@ R4,R0
6D33   0268                     	MVO@ R0,R5
  ;== 7                             ENDR
6D34   02A0                     	MVI@ R4,R0
6D35   0268                     	MVO@ R0,R5
6D36   02A0                     	MVI@ R4,R0
6D37   0268                     	MVO@ R0,R5
6D38   02A0                     	MVI@ R4,R0
6D39   0268                     	MVO@ R0,R5
  ;== 8                             ENDR
6D3A   01C0                     	CLRR R0		; Erase collision bits (R5 = $18)
6D3B   0268                     	MVO@ R0,R5
6D3C   0268                     	MVO@ R0,R5
6D3D   0268                     	MVO@ R0,R5
6D3E   0268                     	MVO@ R0,R5
6D3F   0268                     	MVO@ R0,R5
6D40   0268                     	MVO@ R0,R5
6D41   0268                     	MVO@ R0,R5
6D42   0268                     	MVO@ R0,R5

                                    IF DEFINED intybasic_music
                                     	MVI _ntsc,R0
                                	RRC R0,1	 ; PAL?
                                	BNC @@vo97      ; Yes, always emit sound
                                	MVI _music_frame,R0
                                	INCR R0
                                	CMPI #6,R0
                                	BNE @@vo14
                                	CLRR R0
                                @@vo14:	MVO R0,_music_frame
                                	BEQ @@vo15
                                @@vo97:	CALL _emit_sound
                                    IF DEFINED intybasic_music_ecs
                                	CALL _emit_sound_ecs
                                    ENDI
                                @@vo15:
                                    ENDI

                                	;
                                	; Detect GRAM definition
                                	;
6D43   0284 033C                	MVI _gram_bitmap,R4
6D45   00A4                     	TSTR R4
6D46   0204 001E                	BEQ @@vi1
6D48   0281 0105                	MVI _gram_target,R1
6D4A   004D                     	SLL R1,2
6D4B   0049                     	SLL R1,1
6D4C   02F9 3800                	ADDI #$3800,R1
6D4E   008D                     	MOVR R1,R5
6D4F   0280 0106                	MVI _gram_total,R0
0x6D51                          @@vi3:
6D51   02A1                     	MVI@    R4,     R1
6D52   0269                     	MVO@    R1,     R5
6D53   0041                     	SWAP    R1
6D54   0269                     	MVO@    R1,     R5
6D55   02A1                     	MVI@    R4,     R1
6D56   0269                     	MVO@    R1,     R5
6D57   0041                     	SWAP    R1
6D58   0269                     	MVO@    R1,     R5
6D59   02A1                     	MVI@    R4,     R1
6D5A   0269                     	MVO@    R1,     R5
6D5B   0041                     	SWAP    R1
6D5C   0269                     	MVO@    R1,     R5
6D5D   02A1                     	MVI@    R4,     R1
6D5E   0269                     	MVO@    R1,     R5
6D5F   0041                     	SWAP    R1
6D60   0269                     	MVO@    R1,     R5
6D61   0010                     	DECR R0
6D62   022C 0012                	BNE @@vi3
6D64   0240 033C                	MVO R0,_gram_bitmap
0x6D66                          @@vi1:
6D66   0284 033D                	MVI _gram2_bitmap,R4
6D68   00A4                     	TSTR R4
6D69   0204 001E                	BEQ @@vii1
6D6B   0281 0107                	MVI _gram2_target,R1
6D6D   004D                     	SLL R1,2
6D6E   0049                     	SLL R1,1
6D6F   02F9 3800                	ADDI #$3800,R1
6D71   008D                     	MOVR R1,R5
6D72   0280 0108                	MVI _gram2_total,R0
0x6D74                          @@vii3:
6D74   02A1                     	MVI@    R4,     R1
6D75   0269                     	MVO@    R1,     R5
6D76   0041                     	SWAP    R1
6D77   0269                     	MVO@    R1,     R5
6D78   02A1                     	MVI@    R4,     R1
6D79   0269                     	MVO@    R1,     R5
6D7A   0041                     	SWAP    R1
6D7B   0269                     	MVO@    R1,     R5
6D7C   02A1                     	MVI@    R4,     R1
6D7D   0269                     	MVO@    R1,     R5
6D7E   0041                     	SWAP    R1
6D7F   0269                     	MVO@    R1,     R5
6D80   02A1                     	MVI@    R4,     R1
6D81   0269                     	MVO@    R1,     R5
6D82   0041                     	SWAP    R1
6D83   0269                     	MVO@    R1,     R5
6D84   0010                     	DECR R0
6D85   022C 0012                	BNE @@vii3
6D87   0240 033D                	MVO R0,_gram2_bitmap
0x6D89                          @@vii1:

                                    IF DEFINED intybasic_scroll
                                	;
                                	; Frame scroll support
                                	;
                                	MVI _scroll_d,R0
                                	TSTR R0
                                	BEQ @@vi4
                                	CLRR R1
                                	MVO R1,_scroll_d
                                	DECR R0     ; Left
                                	BEQ @@vi5
                                	DECR R0     ; Right
                                	BEQ @@vi6
                                	DECR R0     ; Top
                                	BEQ @@vi7
                                	DECR R0     ; Bottom
                                	BEQ @@vi8
                                	B @@vi4

                                @@vi5:  MVII #$0200,R4
                                	MOVR R4,R5
                                	INCR R5
                                	MVII #12,R1
                                @@vi12: MVI@ R4,R2
                                	MVI@ R4,R3
                                	REPEAT 8
                                	MVO@ R2,R5
                                	MVI@ R4,R2
                                	MVO@ R3,R5
                                	MVI@ R4,R3
                                	ENDR
                                	MVO@ R2,R5
                                	MVI@ R4,R2
                                	MVO@ R3,R5
                                	MVO@ R2,R5
                                	INCR R4
                                	INCR R5
                                	DECR R1
                                	BNE @@vi12
                                	B @@vi4

                                @@vi6:  MVII #$0201,R4
                                	MVII #$0200,R5
                                	MVII #12,R1
                                @@vi11:
                                	REPEAT 19
                                	MVI@ R4,R0
                                	MVO@ R0,R5
                                	ENDR
                                	INCR R4
                                	INCR R5
                                	DECR R1
                                	BNE @@vi11
                                	B @@vi4
                                    
                                	;
                                	; Complex routine to be ahead of STIC display
                                	; Moves first the top 6 lines, saves intermediate line
                                	; Then moves the bottom 6 lines and restores intermediate line
                                	;
                                @@vi7:  MVII #$0264,R4
                                	MVII #5,R1
                                	MVII #_scroll_buffer,R5
                                	REPEAT 20
                                	MVI@ R4,R0
                                	MVO@ R0,R5
                                	ENDR
                                	SUBI #40,R4
                                	MOVR R4,R5
                                	ADDI #20,R5
                                @@vi10:
                                	REPEAT 20
                                	MVI@ R4,R0
                                	MVO@ R0,R5
                                	ENDR
                                	SUBI #40,R4
                                	SUBI #40,R5
                                	DECR R1
                                	BNE @@vi10
                                	MVII #$02C8,R4
                                	MVII #$02DC,R5
                                	MVII #5,R1
                                @@vi13:
                                	REPEAT 20
                                	MVI@ R4,R0
                                	MVO@ R0,R5
                                	ENDR
                                	SUBI #40,R4
                                	SUBI #40,R5
                                	DECR R1
                                	BNE @@vi13
                                	MVII #_scroll_buffer,R4
                                	REPEAT 20
                                	MVI@ R4,R0
                                	MVO@ R0,R5
                                	ENDR
                                	B @@vi4

                                @@vi8:  MVII #$0214,R4
                                	MVII #$0200,R5
                                	MVII #$DC/4,R1
                                @@vi9:  
                                	REPEAT 4
                                	MVI@ R4,R0
                                	MVO@ R0,R5
                                	ENDR
                                	DECR R1
                                	BNE @@vi9
                                	B @@vi4

                                @@vi4:
                                    ENDI

                                    IF DEFINED intybasic_voice
                                	;
                                	; Intellivoice support
                                	;
                                	CALL IV_ISR
                                    ENDI

                                	;
                                	; Random number generator
                                	;
6D89   0004 016C 0192           	CALL _next_random

                                    IF DEFINED intybasic_music
                                	; Generate sound for next frame
                                       	MVI _ntsc,R0
                                	RRC R0,1	 ; PAL?
                                	BNC @@vo98      ; Yes, always generate sound
                                	MVI _music_frame,R0
                                	TSTR R0
                                	BEQ @@vo16
                                @@vo98: CALL _generate_music
                                @@vo16:
                                    ENDI

                                	; Increase frame number
6D8C   0280 033A                	MVI _frame,R0
6D8E   0008                     	INCR R0
6D8F   0240 033A                	MVO R0,_frame

                                	; This mark is for ON FRAME GOSUB support

6D91   02B7                     	RETURN
                                	ENDP

                                	;
                                	; Generates the next random number
                                	;
0x6D92                          _next_random:	PROC

                                MACRO _ROR
                                	RRC R0,1
                                	MOVR R0,R2
                                	SLR R2,2
                                	SLR R2,2
                                	ANDI #$0800,R2
                                	SLR R2,2
                                	SLR R2,2
                                	ANDI #$007F,R0
                                	XORR R2,R0
                                ENDM
6D92   0280 0104                	MVI _rand,R0
6D94   0007                     	SETC
                                ;	_ROR
6D95   0070                     	RRC R0,1
6D96   0082                     	MOVR R0,R2
6D97   0066                     	SLR R2,2
6D98   0066                     	SLR R2,2
6D99   03BA 0800                	ANDI #$0800,R2
6D9B   0066                     	SLR R2,2
6D9C   0066                     	SLR R2,2
6D9D   03B8 007F                	ANDI #$007F,R0
6D9F   01D0                     	XORR R2,R0
6DA0   03C0 033A                	XOR _frame,R0
                                ;	_ROR
6DA2   0070                     	RRC R0,1
6DA3   0082                     	MOVR R0,R2
6DA4   0066                     	SLR R2,2
6DA5   0066                     	SLR R2,2
6DA6   03BA 0800                	ANDI #$0800,R2
6DA8   0066                     	SLR R2,2
6DA9   0066                     	SLR R2,2
6DAA   03B8 007F                	ANDI #$007F,R0
6DAC   01D0                     	XORR R2,R0
6DAD   03C0 0104                	XOR _rand,R0
                                ;	_ROR
6DAF   0070                     	RRC R0,1
6DB0   0082                     	MOVR R0,R2
6DB1   0066                     	SLR R2,2
6DB2   0066                     	SLR R2,2
6DB3   03BA 0800                	ANDI #$0800,R2
6DB5   0066                     	SLR R2,2
6DB6   0066                     	SLR R2,2
6DB7   03B8 007F                	ANDI #$007F,R0
6DB9   01D0                     	XORR R2,R0
6DBA   03F8 0009                	XORI #9,R0
6DBC   0240 0104                	MVO R0,_rand
6DBE   00AF                     	JR R5
                                	ENDP

                                    IF DEFINED intybasic_music

                                	;
                                	; Music player, comes from my game Princess Quest for Intellivision
                                	; so it's a practical tracker used in a real game ;) and with enough
                                	; features.
                                	;

                                	; NTSC frequency for notes (based on 3.579545 mhz)
                                ntsc_note_table:    PROC
                                	; Silence - 0
                                	DECLE 0
                                	; Octave 2 - 1
                                	DECLE 1721,1621,1532,1434,1364,1286,1216,1141,1076,1017,956,909
                                	; Octave 3 - 13
                                	DECLE 854,805,761,717,678,639,605,571,538,508,480,453
                                	; Octave 4 - 25
                                	DECLE 427,404,380,360,339,321,302,285,270,254,240,226
                                	; Octave 5 - 37
                                	DECLE 214,202,191,180,170,160,151,143,135,127,120,113
                                	; Octave 6 - 49
                                	DECLE 107,101,95,90,85,80,76,71,67,64,60,57
                                	; Octave 7 - 61
                                	DECLE 54
                                	; Space for two notes more
                                	ENDP

                                	; PAL frequency for notes (based on 4 mhz)
                                pal_note_table:    PROC
                                	; Silence - 0
                                	DECLE 0
                                	; Octava 2 - 1
                                	DECLE 1923,1812,1712,1603,1524,1437,1359,1276,1202,1136,1068,1016
                                	; Octava 3 - 13
                                	DECLE 954,899,850,801,758,714,676,638,601,568,536,506
                                	; Octava 4 - 25
                                	DECLE 477,451,425,402,379,358,338,319,301,284,268,253
                                	; Octava 5 - 37
                                	DECLE 239,226,213,201,190,179,169,159,150,142,134,127
                                	; Octava 6 - 49
                                	DECLE 120,113,106,100,95,89,84,80,75,71,67,63
                                	; Octava 7 - 61
                                	DECLE 60
                                	; Space for two notes more
                                	ENDP
                                    ENDI

                                	;
                                	; Music tracker init
                                	;
0x6DBF                          _init_music:	PROC
                                    IF DEFINED intybasic_music
                                	MVI _ntsc,R0
                                	RRC R0,1
                                	MVII #ntsc_note_table,R0
                                	BC @@0
                                	MVII #pal_note_table,R0
                                @@0:	MVO R0,_music_table
                                	MVII #$38,R0	; $B8 blocks controllers o.O!
                                	MVO R0,_music_mix
                                    IF DEFINED intybasic_music_ecs
                                	MVO R0,_music2_mix
                                    ENDI
                                	CLRR R0
                                    ELSE
6DBF   00AF                     	JR R5		; Tracker disabled (no PLAY statement used)
                                    ENDI
                                	ENDP

                                    IF DEFINED intybasic_music
                                	;
                                	; Start music
                                	; R0 = Pointer to music
                                	;
                                _play_music:	PROC
                                	MVII #1,R1
                                	MOVR R1,R3
                                	MOVR R0,R2
                                	BEQ @@1
                                	MVI@ R2,R3
                                	INCR R2
                                @@1:	MVO R2,_music_p
                                	MVO R2,_music_start
                                	SWAP R2
                                	MVO R2,_music_start+1
                                	MVO R3,_music_t
                                	MVO R1,_music_tc
                                	JR R5

                                	ENDP

                                	;
                                	; Generate music
                                	;
                                _generate_music:	PROC
                                	BEGIN
                                	MVI _music_mix,R0
                                	ANDI #$C0,R0
                                	XORI #$38,R0
                                	MVO R0,_music_mix
                                    IF DEFINED intybasic_music_ecs
                                	MVI _music2_mix,R0
                                	ANDI #$C0,R0
                                	XORI #$38,R0
                                	MVO R0,_music2_mix
                                    ENDI
                                	CLRR R1			; Turn off volume for the three sound channels
                                	MVO R1,_music_vol1
                                	MVO R1,_music_vol2
                                	MVI _music_tc,R3
                                	MVO R1,_music_vol3
                                    IF DEFINED intybasic_music_ecs
                                	MVO R1,_music2_vol1
                                	NOP
                                	MVO R1,_music2_vol2
                                	MVO R1,_music2_vol3
                                    ENDI
                                	DECR R3
                                	MVO R3,_music_tc
                                	BNE @@6
                                	; R3 is zero from here up to @@6
                                	MVI _music_p,R4
                                @@15:	TSTR R4		; Silence?
                                	BEQ @@43	; Keep quiet
                                @@41:	MVI@ R4,R0
                                	MVI@ R4,R1
                                	MVI _music_t,R2
                                	CMPI #$FA00,R1	; Volume?
                                	BNC @@42
                                    IF DEFINED intybasic_music_volume
                                	BEQ @@40
                                    ENDI
                                	CMPI #$FF00,R1	; Speed?
                                	BEQ @@39
                                	CMPI #$FB00,R1	; Return?
                                	BEQ @@38
                                	CMPI #$FC00,R1	; Gosub?
                                	BEQ @@37
                                	CMPI #$FE00,R1	; The end?
                                	BEQ @@36       ; Keep quiet
                                ;	CMPI #$FD00,R1	; Repeat?
                                ;	BNE @@42
                                	MVI _music_start+1,R0
                                	SWAP R0
                                	ADD _music_start,R0
                                	MOVR R0,R4
                                	B @@15

                                    IF DEFINED intybasic_music_volume
                                @@40:	
                                	MVO R0,_music_vol
                                	B @@41
                                    ENDI

                                @@39:	MVO R0,_music_t
                                	MOVR R0,R2
                                	B @@41

                                @@38:	MVI _music_gosub,R4
                                	B @@15

                                @@37:	MVO R4,_music_gosub
                                @@36:	MOVR R0,R4	; Jump, zero will make it quiet
                                	B @@15

                                @@43:	MVII #1,R0
                                	MVO R0,_music_tc
                                	B @@0
                                	
                                @@42: 	MVO R2,_music_tc    ; Restart note time
                                     	MVO R4,_music_p
                                     	
                                	MOVR R0,R2
                                	ANDI #$FF,R2
                                	CMPI #$3F,R2	; Sustain note?
                                	BEQ @@1
                                	MOVR R2,R4
                                	ANDI #$3F,R4
                                	MVO R4,_music_n1	; Note
                                	MVO R3,_music_s1	; Waveform
                                	ANDI #$C0,R2
                                	MVO R2,_music_i1	; Instrument
                                	
                                @@1:	SWAP R0
                                	ANDI #$FF,R0
                                	CMPI #$3F,R0	; Sustain note?
                                	BEQ @@2
                                	MOVR R0,R4
                                	ANDI #$3F,R4
                                	MVO R4,_music_n2	; Note
                                	MVO R3,_music_s2	; Waveform
                                	ANDI #$C0,R0
                                	MVO R0,_music_i2	; Instrument
                                	
                                @@2:	MOVR R1,R2
                                	ANDI #$FF,R2
                                	CMPI #$3F,R2	; Sustain note?
                                	BEQ @@3
                                	MOVR R2,R4
                                	ANDI #$3F,R4
                                	MVO R4,_music_n3	; Note
                                	MVO R3,_music_s3	; Waveform
                                	ANDI #$C0,R2
                                	MVO R2,_music_i3	; Instrument
                                	
                                @@3:	SWAP R1
                                	MVO R1,_music_n4
                                	MVO R3,_music_s4
                                	
                                    IF DEFINED intybasic_music_ecs
                                	MVI _music_p,R4
                                	MVI@ R4,R0
                                	MVI@ R4,R1
                                	MVO R4,_music_p

                                	MOVR R0,R2
                                	ANDI #$FF,R2
                                	CMPI #$3F,R2	; Sustain note?
                                	BEQ @@33
                                	MOVR R2,R4
                                	ANDI #$3F,R4
                                	MVO R4,_music_n5	; Note
                                	MVO R3,_music_s5	; Waveform
                                	ANDI #$C0,R2
                                	MVO R2,_music_i5	; Instrument
                                	
                                @@33:	SWAP R0
                                	ANDI #$FF,R0
                                	CMPI #$3F,R0	; Sustain note?
                                	BEQ @@34
                                	MOVR R0,R4
                                	ANDI #$3F,R4
                                	MVO R4,_music_n6	; Note
                                	MVO R3,_music_s6	; Waveform
                                	ANDI #$C0,R0
                                	MVO R0,_music_i6	; Instrument
                                	
                                @@34:	MOVR R1,R2
                                	ANDI #$FF,R2
                                	CMPI #$3F,R2	; Sustain note?
                                	BEQ @@35
                                	MOVR R2,R4
                                	ANDI #$3F,R4
                                	MVO R4,_music_n7	; Note
                                	MVO R3,_music_s7	; Waveform
                                	ANDI #$C0,R2
                                	MVO R2,_music_i7	; Instrument
                                	
                                @@35:	MOVR R1,R2
                                	SWAP R2
                                	MVO R2,_music_n8
                                	MVO R3,_music_s8
                                	
                                    ENDI

                                	;
                                	; Construct main voice
                                	;
                                @@6:	MVI _music_n1,R3	; Read note
                                	TSTR R3		; There is note?
                                	BEQ @@7		; No, jump
                                	MVI _music_s1,R1
                                	MVI _music_i1,R2
                                	MOVR R1,R0
                                	CALL _note2freq
                                	MVO R3,_music_freq10	; Note in voice A
                                	SWAP R3
                                	MVO R3,_music_freq11
                                	MVO R1,_music_vol1
                                	; Increase time for instrument waveform
                                	INCR R0
                                	CMPI #$18,R0
                                	BNE @@20
                                	SUBI #$08,R0
                                @@20:	MVO R0,_music_s1

                                @@7:	MVI _music_n2,R3	; Read note
                                	TSTR R3		; There is note?
                                	BEQ @@8		; No, jump
                                	MVI _music_s2,R1
                                	MVI _music_i2,R2
                                	MOVR R1,R0
                                	CALL _note2freq
                                	MVO R3,_music_freq20	; Note in voice B
                                	SWAP R3
                                	MVO R3,_music_freq21
                                	MVO R1,_music_vol2
                                	; Increase time for instrument waveform
                                	INCR R0
                                	CMPI #$18,R0
                                	BNE @@21
                                	SUBI #$08,R0
                                @@21:	MVO R0,_music_s2

                                @@8:	MVI _music_n3,R3	; Read note
                                	TSTR R3		; There is note?
                                	BEQ @@9		; No, jump
                                	MVI _music_s3,R1
                                	MVI _music_i3,R2
                                	MOVR R1,R0
                                	CALL _note2freq
                                	MVO R3,_music_freq30	; Note in voice C
                                	SWAP R3
                                	MVO R3,_music_freq31
                                	MVO R1,_music_vol3
                                	; Increase time for instrument waveform
                                	INCR R0
                                	CMPI #$18,R0
                                	BNE @@22
                                	SUBI #$08,R0
                                @@22:	MVO R0,_music_s3

                                @@9:	MVI _music_n4,R0	; Read drum
                                	DECR R0		; There is drum?
                                	BMI @@4		; No, jump
                                	MVI _music_s4,R1
                                	       		; 1 - Strong
                                	BNE @@5
                                	CMPI #3,R1
                                	BGE @@12
                                @@10:	MVII #5,R0
                                	MVO R0,_music_noise
                                	CALL _activate_drum
                                	B @@12

                                @@5:	DECR R0		;2 - Short
                                	BNE @@11
                                	TSTR R1
                                	BNE @@12
                                	MVII #8,R0
                                	MVO R0,_music_noise
                                	CALL _activate_drum
                                	B @@12

                                @@11:	;DECR R0	; 3 - Rolling
                                	;BNE @@12
                                	CMPI #2,R1
                                	BLT @@10
                                	MVI _music_t,R0
                                	SLR R0,1
                                	CMPR R0,R1
                                	BLT @@12
                                	ADDI #2,R0
                                	CMPR R0,R1
                                	BLT @@10
                                	; Increase time for drum waveform
                                @@12:   INCR R1
                                	MVO R1,_music_s4

                                @@4:
                                    IF DEFINED intybasic_music_ecs
                                	;
                                	; Construct main voice
                                	;
                                	MVI _music_n5,R3	; Read note
                                	TSTR R3		; There is note?
                                	BEQ @@23	; No, jump
                                	MVI _music_s5,R1
                                	MVI _music_i5,R2
                                	MOVR R1,R0
                                	CALL _note2freq
                                	MVO R3,_music2_freq10	; Note in voice A
                                	SWAP R3
                                	MVO R3,_music2_freq11
                                	MVO R1,_music2_vol1
                                	; Increase time for instrument waveform
                                	INCR R0
                                	CMPI #$18,R0
                                	BNE @@24
                                	SUBI #$08,R0
                                @@24:	MVO R0,_music_s5

                                @@23:	MVI _music_n6,R3	; Read note
                                	TSTR R3		; There is note?
                                	BEQ @@25		; No, jump
                                	MVI _music_s6,R1
                                	MVI _music_i6,R2
                                	MOVR R1,R0
                                	CALL _note2freq
                                	MVO R3,_music2_freq20	; Note in voice B
                                	SWAP R3
                                	MVO R3,_music2_freq21
                                	MVO R1,_music2_vol2
                                	; Increase time for instrument waveform
                                	INCR R0
                                	CMPI #$18,R0
                                	BNE @@26
                                	SUBI #$08,R0
                                @@26:	MVO R0,_music_s6

                                @@25:	MVI _music_n7,R3	; Read note
                                	TSTR R3		; There is note?
                                	BEQ @@27		; No, jump
                                	MVI _music_s7,R1
                                	MVI _music_i7,R2
                                	MOVR R1,R0
                                	CALL _note2freq
                                	MVO R3,_music2_freq30	; Note in voice C
                                	SWAP R3
                                	MVO R3,_music2_freq31
                                	MVO R1,_music2_vol3
                                	; Increase time for instrument waveform
                                	INCR R0
                                	CMPI #$18,R0
                                	BNE @@28
                                	SUBI #$08,R0
                                @@28:	MVO R0,_music_s7

                                @@27:	MVI _music_n8,R0	; Read drum
                                	DECR R0		; There is drum?
                                	BMI @@0		; No, jump
                                	MVI _music_s8,R1
                                	       		; 1 - Strong
                                	BNE @@29
                                	CMPI #3,R1
                                	BGE @@31
                                @@32:	MVII #5,R0
                                	MVO R0,_music2_noise
                                	CALL _activate_drum_ecs
                                	B @@31

                                @@29:	DECR R0		;2 - Short
                                	BNE @@30
                                	TSTR R1
                                	BNE @@31
                                	MVII #8,R0
                                	MVO R0,_music2_noise
                                	CALL _activate_drum_ecs
                                	B @@31

                                @@30:	;DECR R0	; 3 - Rolling
                                	;BNE @@31
                                	CMPI #2,R1
                                	BLT @@32
                                	MVI _music_t,R0
                                	SLR R0,1
                                	CMPR R0,R1
                                	BLT @@31
                                	ADDI #2,R0
                                	CMPR R0,R1
                                	BLT @@32
                                	; Increase time for drum waveform
                                @@31:	INCR R1
                                	MVO R1,_music_s8

                                    ENDI
                                @@0:	RETURN
                                	ENDP

                                	;
                                	; Translates note number to frequency
                                	; R3 = Note
                                	; R1 = Position in waveform for instrument
                                	; R2 = Instrument
                                	;
                                _note2freq:	PROC
                                	ADD _music_table,R3
                                	MVI@ R3,R3
                                	SWAP R2
                                	BEQ _piano_instrument
                                	RLC R2,1
                                	BNC _clarinet_instrument
                                	BPL _flute_instrument
                                ;	BMI _bass_instrument
                                	ENDP

                                	;
                                	; Generates a bass
                                	;
                                _bass_instrument:	PROC
                                	SLL R3,2	; Lower 2 octaves
                                	ADDI #_bass_volume,R1
                                	MVI@ R1,R1	; Bass effect
                                    IF DEFINED intybasic_music_volume
                                	B _global_volume
                                    ELSE
                                	JR R5
                                    ENDI
                                	ENDP

                                _bass_volume:	PROC
                                	DECLE 12,13,14,14,13,12,12,12
                                	DECLE 11,11,12,12,11,11,12,12
                                	DECLE 11,11,12,12,11,11,12,12
                                	ENDP

                                	;
                                	; Generates a piano
                                	; R3 = Frequency
                                	; R1 = Waveform position
                                	;
                                	; Output:
                                	; R3 = Frequency.
                                	; R1 = Volume.
                                	;
                                _piano_instrument:	PROC
                                	ADDI #_piano_volume,R1
                                	MVI@ R1,R1
                                    IF DEFINED intybasic_music_volume
                                	B _global_volume
                                    ELSE
                                	JR R5
                                    ENDI
                                	ENDP

                                _piano_volume:	PROC
                                	DECLE 14,13,13,12,12,11,11,10
                                	DECLE 10,9,9,8,8,7,7,6
                                	DECLE 6,6,7,7,6,6,5,5
                                	ENDP

                                	;
                                	; Generate a clarinet
                                	; R3 = Frequency
                                	; R1 = Waveform position
                                	;
                                	; Output:
                                	; R3 = Frequency
                                	; R1 = Volume
                                	;
                                _clarinet_instrument:	PROC
                                	ADDI #_clarinet_vibrato,R1
                                	ADD@ R1,R3
                                	CLRC
                                	RRC R3,1	; Duplicates frequency
                                	ADCR R3
                                	ADDI #_clarinet_volume-_clarinet_vibrato,R1
                                	MVI@ R1,R1
                                    IF DEFINED intybasic_music_volume
                                	B _global_volume
                                    ELSE
                                	JR R5
                                    ENDI
                                	ENDP

                                _clarinet_vibrato:	PROC
                                	DECLE 0,0,0,0
                                	DECLE -2,-4,-2,0
                                	DECLE 2,4,2,0
                                	DECLE -2,-4,-2,0
                                	DECLE 2,4,2,0
                                	DECLE -2,-4,-2,0
                                	ENDP

                                _clarinet_volume:	PROC
                                	DECLE 13,14,14,13,13,12,12,12
                                	DECLE 11,11,11,11,12,12,12,12
                                	DECLE 11,11,11,11,12,12,12,12
                                	ENDP

                                	;
                                	; Generates a flute
                                	; R3 = Frequency
                                	; R1 = Waveform position
                                	;
                                	; Output:
                                	; R3 = Frequency
                                	; R1 = Volume
                                	;
                                _flute_instrument:	PROC
                                	ADDI #_flute_vibrato,R1
                                	ADD@ R1,R3
                                	ADDI #_flute_volume-_flute_vibrato,R1
                                	MVI@ R1,R1
                                    IF DEFINED intybasic_music_volume
                                	B _global_volume
                                    ELSE
                                	JR R5
                                    ENDI
                                	ENDP

                                _flute_vibrato:	PROC
                                	DECLE 0,0,0,0
                                	DECLE 0,1,2,1
                                	DECLE 0,1,2,1
                                	DECLE 0,1,2,1
                                	DECLE 0,1,2,1
                                	DECLE 0,1,2,1
                                	ENDP
                                		 
                                _flute_volume:	PROC
                                	DECLE 10,12,13,13,12,12,12,12
                                	DECLE 11,11,11,11,10,10,10,10
                                	DECLE 11,11,11,11,10,10,10,10
                                	ENDP

                                    IF DEFINED intybasic_music_volume

                                _global_volume:	PROC
                                	MVI _music_vol,R2
                                	ANDI #$0F,R2
                                	SLL R2,2
                                	SLL R2,2
                                	ADDR R1,R2
                                	ADDI #@@table,R2
                                	MVI@ R2,R1
                                	JR R5

                                @@table:
                                	DECLE 0,0,0,0,0,0,0,0,0,0,0,0,0,0,0,0
                                	DECLE 0,0,0,0,0,0,0,1,1,1,1,1,1,1,1,1
                                	DECLE 0,0,0,0,1,1,1,1,1,1,1,2,2,2,2,2
                                	DECLE 0,0,0,1,1,1,1,1,2,2,2,2,2,3,3,3
                                	DECLE 0,0,1,1,1,1,2,2,2,2,3,3,3,4,4,4
                                	DECLE 0,0,1,1,1,2,2,2,3,3,3,4,4,4,5,5
                                	DECLE 0,0,1,1,2,2,2,3,3,4,4,4,5,5,6,6
                                	DECLE 0,1,1,1,2,2,3,3,4,4,5,5,6,6,7,7
                                	DECLE 0,1,1,2,2,3,3,4,4,5,5,6,6,7,8,8
                                	DECLE 0,1,1,2,2,3,4,4,5,5,6,7,7,8,8,9
                                	DECLE 0,1,1,2,3,3,4,5,5,6,7,7,8,9,9,10
                                	DECLE 0,1,2,2,3,4,4,5,6,7,7,8,9,10,10,11
                                	DECLE 0,1,2,2,3,4,5,6,6,7,8,9,10,10,11,12
                                	DECLE 0,1,2,3,4,4,5,6,7,8,9,10,10,11,12,13
                                	DECLE 0,1,2,3,4,5,6,7,8,8,9,10,11,12,13,14
                                	DECLE 0,1,2,3,4,5,6,7,8,9,10,11,12,13,14,15

                                	ENDP

                                    ENDI

                                    IF DEFINED intybasic_music_ecs
                                	;
                                	; Emits sound for ECS
                                	;
                                _emit_sound_ecs:	PROC
                                	MOVR R5,R1
                                	MVI _music_mode,R2
                                	SARC R2,1
                                	BEQ @@6
                                	MVII #_music2_freq10,R4
                                	MVII #$00F0,R5
                                	B _emit_sound.0

                                @@6:	JR R1

                                	ENDP

                                    ENDI

                                	;
                                	; Emits sound
                                	;
                                _emit_sound:	PROC
                                	MOVR R5,R1
                                	MVI _music_mode,R2
                                	SARC R2,1
                                	BEQ @@6
                                	MVII #_music_freq10,R4
                                	MVII #$01F0,R5
                                @@0:
                                	MVI@ R4,R0
                                	MVO@ R0,R5	; $01F0 - Channel A Period (Low 8 bits of 12)
                                	MVI@ R4,R0
                                	MVO@ R0,R5	; $01F1 - Channel B Period (Low 8 bits of 12)
                                	DECR R2
                                	BEQ @@1
                                	MVI@ R4,R0	
                                	MVO@ R0,R5	; $01F2 - Channel C Period (Low 8 bits of 12)
                                	INCR R5		; Avoid $01F3 - Enveloped Period (Low 8 bits of 16)
                                	MVI@ R4,R0
                                	MVO@ R0,R5	; $01F4 - Channel A Period (High 4 bits of 12)
                                	MVI@ R4,R0
                                	MVO@ R0,R5	; $01F5 - Channel B Period (High 4 bits of 12)
                                	MVI@ R4,R0
                                	MVO@ R0,R5	; $01F6 - Channel C Period (High 4 bits of 12)
                                	INCR R5		; Avoid $01F7 - Envelope Period (High 8 bits of 16)
                                	BC @@2		; Jump if playing with drums
                                	ADDI #2,R4
                                	ADDI #3,R5
                                	B @@3

                                @@2:	MVI@ R4,R0
                                	MVO@ R0,R5	; $01F8 - Enable Noise/Tone (bits 3-5 Noise : 0-2 Tone)
                                	MVI@ R4,R0	
                                	MVO@ R0,R5	; $01F9 - Noise Period (5 bits)
                                	INCR R5		; Avoid $01FA - Envelope Type (4 bits)
                                @@3:	MVI@ R4,R0
                                	MVO@ R0,R5	; $01FB - Channel A Volume
                                	MVI@ R4,R0
                                	MVO@ R0,R5	; $01FC - Channel B Volume
                                	MVI@ R4,R0
                                	MVO@ R0,R5	; $01FD - Channel C Volume
                                	JR R1

                                @@1:	INCR R4		
                                	INCR R5		; Avoid $01F2 and $01F3
                                	INCR R5		; Cannot use ADDI
                                	MVI@ R4,R0
                                	MVO@ R0,R5	; $01F4 - Channel A Period (High 4 bits of 12)
                                	MVI@ R4,R0
                                	MVO@ R0,R5	; $01F5 - Channel B Period (High 4 bits of 12)
                                	INCR R4
                                	INCR R5		; Avoid $01F6 and $01F7
                                	INCR R5		; Cannot use ADDI
                                	BC @@4		; Jump if playing with drums
                                	ADDI #2,R4
                                	ADDI #3,R5
                                	B @@5

                                @@4:	MVI@ R4,R0
                                	MVO@ R0,R5	; $01F8 - Enable Noise/Tone (bits 3-5 Noise : 0-2 Tone)
                                	MVI@ R4,R0
                                	MVO@ R0,R5	; $01F9 - Noise Period (5 bits)
                                	INCR R5		; Avoid $01FA - Envelope Type (4 bits)
                                @@5:	MVI@ R4,R0
                                	MVO@ R0,R5	; $01FB - Channel A Volume
                                	MVI@ R4,R0
                                	MVO@ R0,R5	; $01FC - Channel B Volume
                                @@6:	JR R1
                                	ENDP

                                	;
                                	; Activates drum
                                	;
                                _activate_drum:	PROC
                                    IF DEFINED intybasic_music_volume
                                	BEGIN
                                    ENDI
                                	MVI _music_mode,R2
                                	SARC R2,1	; PLAY NO DRUMS?
                                	BNC @@0		; Yes, jump
                                	MVI _music_vol1,R0
                                	TSTR R0
                                	BNE @@1
                                	MVII #11,R1
                                    IF DEFINED intybasic_music_volume
                                	CALL _global_volume
                                    ENDI
                                	MVO R1,_music_vol1
                                	MVI _music_mix,R0
                                	ANDI #$F6,R0
                                	XORI #$01,R0
                                	MVO R0,_music_mix
                                    IF DEFINED intybasic_music_volume
                                	RETURN
                                    ELSE
                                	JR R5
                                    ENDI

                                @@1:    MVI _music_vol2,R0
                                	TSTR R0
                                	BNE @@2
                                	MVII #11,R1
                                    IF DEFINED intybasic_music_volume
                                	CALL _global_volume
                                    ENDI
                                	MVO R1,_music_vol2
                                	MVI _music_mix,R0
                                	ANDI #$ED,R0
                                	XORI #$02,R0
                                	MVO R0,_music_mix
                                    IF DEFINED intybasic_music_volume
                                	RETURN
                                    ELSE
                                	JR R5
                                    ENDI

                                @@2:    DECR R2		; PLAY SIMPLE?
                                	BEQ @@3		; Yes, jump
                                	MVI _music_vol3,R0
                                	TSTR R0
                                	BNE @@3
                                	MVII #11,R1
                                    IF DEFINED intybasic_music_volume
                                	CALL _global_volume
                                    ENDI
                                	MVO R1,_music_vol3
                                	MVI _music_mix,R0
                                	ANDI #$DB,R0
                                	XORI #$04,R0
                                	MVO R0,_music_mix
                                    IF DEFINED intybasic_music_volume
                                	RETURN
                                    ELSE
                                	JR R5
                                    ENDI

                                @@3:    MVI _music_mix,R0
                                	ANDI #$EF,R0
                                	MVO R0,_music_mix
                                @@0:	
                                    IF DEFINED intybasic_music_volume
                                	RETURN
                                    ELSE
                                	JR R5
                                    ENDI

                                	ENDP

                                    IF DEFINED intybasic_music_ecs
                                	;
                                	; Activates drum
                                	;
                                _activate_drum_ecs:	PROC
                                    IF DEFINED intybasic_music_volume
                                	BEGIN
                                    ENDI
                                	MVI _music_mode,R2
                                	SARC R2,1	; PLAY NO DRUMS?
                                	BNC @@0		; Yes, jump
                                	MVI _music2_vol1,R0
                                	TSTR R0
                                	BNE @@1
                                	MVII #11,R1
                                    IF DEFINED intybasic_music_volume
                                	CALL _global_volume
                                    ENDI
                                	MVO R1,_music2_vol1
                                	MVI _music2_mix,R0
                                	ANDI #$F6,R0
                                	XORI #$01,R0
                                	MVO R0,_music2_mix
                                    IF DEFINED intybasic_music_volume
                                	RETURN
                                    ELSE
                                	JR R5
                                    ENDI

                                @@1:    MVI _music2_vol2,R0
                                	TSTR R0
                                	BNE @@2
                                	MVII #11,R1
                                    IF DEFINED intybasic_music_volume
                                	CALL _global_volume
                                    ENDI
                                	MVO R1,_music2_vol2
                                	MVI _music2_mix,R0
                                	ANDI #$ED,R0
                                	XORI #$02,R0
                                	MVO R0,_music2_mix
                                    IF DEFINED intybasic_music_volume
                                	RETURN
                                    ELSE
                                	JR R5
                                    ENDI

                                @@2:    DECR R2		; PLAY SIMPLE?
                                	BEQ @@3		; Yes, jump
                                	MVI _music2_vol3,R0
                                	TSTR R0
                                	BNE @@3
                                	MVII #11,R1
                                    IF DEFINED intybasic_music_volume
                                	CALL _global_volume
                                    ENDI
                                	MVO R1,_music2_vol3
                                	MVI _music2_mix,R0
                                	ANDI #$DB,R0
                                	XORI #$04,R0
                                	MVO R0,_music2_mix
                                    IF DEFINED intybasic_music_volume
                                	RETURN
                                    ELSE
                                	JR R5
                                    ENDI

                                @@3:    MVI _music2_mix,R0
                                	ANDI #$EF,R0
                                	MVO R0,_music2_mix
                                @@0:	
                                    IF DEFINED intybasic_music_volume
                                	RETURN
                                    ELSE
                                	JR R5
                                    ENDI

                                	ENDP

                                    ENDI

                                    ENDI
                                    
                                    IF DEFINED intybasic_numbers

                                	;
                                	; Following code from as1600 libraries, prnum16.asm
                                	; Public domain by Joseph Zbiciak
                                	;

                                ;* ======================================================================== *;
                                ;*  These routines are placed into the public domain by their author.  All  *;
                                ;*  copyright rights are hereby relinquished on the routines and data in    *;
                                ;*  this file.  -- Joseph Zbiciak, 2008				     *;
                                ;* ======================================================================== *;

                                ;; ======================================================================== ;;
                                ;;  _PW10								   ;;
                                ;;      Lookup table holding the first 5 powers of 10 (1 thru 10000) as     ;;
                                ;;      16-bit numbers.						     ;;
                                ;; ======================================================================== ;;
0x6DC0                          _PW10   PROC    ; 0 thru 10000
6DC0   2710 03E8 0064 000A      	DECLE   10000, 1000, 100, 10, 1, 0
6DC4   0001 0000 
                                	ENDP

                                ;; ======================================================================== ;;
                                ;;  PRNUM16.l     -- Print an unsigned 16-bit number left-justified.	;;
                                ;;  PRNUM16.b     -- Print an unsigned 16-bit number with leading blanks.   ;;
                                ;;  PRNUM16.z     -- Print an unsigned 16-bit number with leading zeros.    ;;
                                ;;									  ;;
                                ;;  AUTHOR								  ;;
                                ;;      Joseph Zbiciak  <im14u2c AT globalcrossing DOT net>		 ;;
                                ;;									  ;;
                                ;;  REVISION HISTORY							;;
                                ;;      30-Mar-2003 Initial complete revision			       ;;
                                ;;									  ;;
                                ;;  INPUTS for all variants						 ;;
                                ;;      R0  Number to print.						;;
                                ;;      R2  Width of field.  Ignored by PRNUM16.l.			  ;;
                                ;;      R3  Format word, added to digits to set the color.		  ;;
                                ;;	  Note:  Bit 15 MUST be cleared when building with PRNUM32.       ;;
                                ;;      R4  Pointer to location on screen to print number		   ;;
                                ;;									  ;;
                                ;;  OUTPUTS								 ;;
                                ;;      R0  Zeroed							  ;;
                                ;;      R1  Unmodified						      ;;
                                ;;      R2  Unmodified						      ;;
                                ;;      R3  Unmodified						      ;;
                                ;;      R4  Points to first character after field.			  ;;
                                ;;									  ;;
                                ;;  DESCRIPTION							     ;;
                                ;;      These routines print unsigned 16-bit numbers in a field up to 5     ;;
                                ;;      positions wide.  The number is printed either in left-justified     ;;
                                ;;      or right-justified format.  Right-justified numbers are padded      ;;
                                ;;      with leading blanks or leading zeros.  Left-justified numbers       ;;
                                ;;      are not padded on the right.					;;
                                ;;									  ;;
                                ;;      This code handles fields wider than 5 characters, padding with      ;;
                                ;;      zeros or blanks as necessary.				       ;;
                                ;;									  ;;
                                ;;	      Routine      Value(hex)     Field	Output	     ;;
                                ;;	      ----------   ----------   ----------   ----------	   ;;
                                ;;	      PRNUM16.l      $0045	 n/a	"69"		;;
                                ;;	      PRNUM16.b      $0045	  4	 "  69"	      ;;
                                ;;	      PRNUM16.b      $0045	  6	 "    69"	    ;;
                                ;;	      PRNUM16.z      $0045	  4	 "0069"	      ;;
                                ;;	      PRNUM16.z      $0045	  6	 "000069"	    ;;
                                ;;									  ;;
                                ;;  TECHNIQUES							      ;;
                                ;;      This routine uses repeated subtraction to divide the number	 ;;
                                ;;      to display by various powers of 10.  This is cheaper than a	 ;;
                                ;;      full divide, at least when the input number is large.  It's	 ;;
                                ;;      also easier to get right.  :-)				      ;;
                                ;;									  ;;
                                ;;      The printing routine first pads out fields wider than 5 spaces      ;;
                                ;;      with zeros or blanks as requested.  It then scans the power-of-10   ;;
                                ;;      table looking for the first power of 10 that is <= the number to    ;;
                                ;;      display.  While scanning for this power of 10, it outputs leading   ;;
                                ;;      blanks or zeros, if requested.  This eliminates "leading digit"     ;;
                                ;;      logic from the main digit loop.				     ;;
                                ;;									  ;;
                                ;;      Once in the main digit loop, we discover the value of each digit    ;;
                                ;;      by repeated subtraction.  We build up our digit value while	 ;;
                                ;;      subtracting the power-of-10 repeatedly.  We iterate until we go     ;;
                                ;;      a step too far, and then we add back on power-of-10 to restore      ;;
                                ;;      the remainder.						      ;;
                                ;;									  ;;
                                ;;  NOTES								   ;;
                                ;;      The left-justified variant ignores field width.		     ;;
                                ;;									  ;;
                                ;;      The code is fully reentrant.					;;
                                ;;									  ;;
                                ;;      This code does not handle numbers which are too large to be	 ;;
                                ;;      displayed in the provided field.  If the number is too large,       ;;
                                ;;      non-digit characters will be displayed in the initial digit	 ;;
                                ;;      position.  Also, the run time of this routine may get excessively   ;;
                                ;;      large, depending on the magnitude of the overflow.		  ;;
                                ;;									  ;;
                                ;;      When using with PRNUM32, one must either include PRNUM32 before     ;;
                                ;;      this function, or define the symbol _WITH_PRNUM32.  PRNUM32	 ;;
                                ;;      needs a tiny bit of support from PRNUM16 to handle numbers in       ;;
                                ;;      the range 65536...99999 correctly.				  ;;
                                ;;									  ;;
                                ;;  CODESIZE								;;
                                ;;      73 words, including power-of-10 table			       ;;
                                ;;      80 words, if compiled with PRNUM32.				 ;;
                                ;;									  ;;
                                ;;      To save code size, you can define the following symbols to omit     ;;
                                ;;      some variants:						      ;;
                                ;;									  ;;
                                ;;	  _NO_PRNUM16.l:   Disables PRNUM16.l.  Saves 10 words	    ;;
                                ;;	  _NO_PRNUM16.b:   Disables PRNUM16.b.  Saves 3 words.	    ;;
                                ;;									  ;;
                                ;;      Defining both symbols saves 17 words total, because it omits	;;
                                ;;      some code shared by both routines.				  ;;
                                ;;									  ;;
                                ;;  STACK USAGE							     ;;
                                ;;      This function uses up to 4 words of stack space.		    ;;
                                ;; ======================================================================== ;;

0x6DC6                          PRNUM16 PROC

                                    
                                	;; ---------------------------------------------------------------- ;;
                                	;;  PRNUM16.l:  Print unsigned, left-justified.		     ;;
                                	;; ---------------------------------------------------------------- ;;
6DC6   0275                     @@l:    PSHR    R5	      ; save return address
6DC7   02BD 0001                @@l1:   MVII    #$1,    R5      ; set R5 to 1 to counteract screen ptr update
                                				; in the 'find initial power of 10' loop
6DC9   0272                     	PSHR    R2
6DCA   02BA 0005                	MVII    #5,     R2      ; force effective field width to 5.
6DCC   0200 0005                	B       @@z2

                                	;; ---------------------------------------------------------------- ;;
                                	;;  PRNUM16.b:  Print unsigned with leading blanks.		 ;;
                                	;; ---------------------------------------------------------------- ;;
6DCE   0275                     @@b:    PSHR    R5
6DCF   01ED                     @@b1:   CLRR    R5	      ; let the blank loop do its thing
6DD0   000F                     	INCR    PC	      ; skip the PSHR R5

                                	;; ---------------------------------------------------------------- ;;
                                	;;  PRNUM16.z:  Print unsigned with leading zeros.		  ;;
                                	;; ---------------------------------------------------------------- ;;
6DD1   0275                     @@z:    PSHR    R5
6DD2   0272                     @@z1:   PSHR    R2
6DD3   0271                     @@z2:   PSHR    R1

                                	;; ---------------------------------------------------------------- ;;
                                	;;  Find the initial power of 10 to use for display.		;;
                                	;;  Note:  For fields wider than 5, fill the extra spots above 5    ;;
                                	;;  with blanks or zeros as needed.				 ;;
                                	;; ---------------------------------------------------------------- ;;
6DD4   02B9 6DC5                	MVII    #_PW10+5,R1     ; Point to end of power-of-10 table
6DD6   0111                     	SUBR    R2,     R1      ; Subtract the field width to get right power
6DD7   0273                     	PSHR    R3	      ; save format word

6DD8   037D 0002                	CMPI    #2,     R5      ; are we leading with zeros?
6DDA   0209 0008                	BNC     @@lblnk	 ; no:  then do the loop w/ blanks

6DDC   01ED                     	CLRR    R5	      ; force R5==0
6DDD   02FB 0080                	ADDI    #$80,   R3      ; yes: do the loop with zeros
6DDF   0200 0003                	B       @@lblnk
                                    

6DE1   0263                     @@llp   MVO@    R3,     R4      ; print a blank/zero

6DE2   012C                     	SUBR    R5,     R4      ; rewind pointer if needed.

6DE3   0009                     	INCR    R1	      ; get next power of 10
6DE4   0012                     @@lblnk DECR    R2	      ; decrement available digits
6DE5   0204 0007                	BEQ     @@ldone
6DE7   037A 0005                	CMPI    #5,     R2      ; field too wide?
6DE9   022D 0009                	BGE     @@llp	   ; just force blanks/zeros 'till we're narrower.
6DEB   0348                     	CMP@    R1,     R0      ; Is this power of 10 too big?
6DEC   0229 000C                	BNC     @@llp	   ; Yes:  Put a blank and go to next

6DEE   02B3                     @@ldone PULR    R3	      ; restore format word

                                	;; ---------------------------------------------------------------- ;;
                                	;;  The digit loop prints at least one digit.  It discovers digits  ;;
                                	;;  by repeated subtraction.					;;
                                	;; ---------------------------------------------------------------- ;;
6DEF   0080                     @@digit TSTR    R0	      ; If the number is zero, print zero and leave
6DF0   020C 0006                	BNEQ    @@dig1	  ; no: print the number

6DF2   009D                     	MOVR    R3,     R5      ;\    
6DF3   02FD 0080                	ADDI    #$80,   R5      ; |-- print a 0 there.
6DF5   0265                     	MVO@    R5,     R4      ;/    
6DF6   0200 000E                	B       @@done

0x6DF8                          @@dig1:
                                    
6DF8   009D                     @@nxdig MOVR    R3,     R5      ; save display format word
6DF9   02FD 0078                @@cont: ADDI    #$80-8, R5      ; start our digit as one just before '0'
0x6DFB                          @@spcl:
                                 
                                	;; ---------------------------------------------------------------- ;;
                                	;;  Divide by repeated subtraction.  This divide is constructed     ;;
                                	;;  to go "one step too far" and then back up.		      ;;
                                	;; ---------------------------------------------------------------- ;;
6DFB   02FD 0008                @@div:  ADDI    #8,     R5      ; increment our digit
6DFD   0308                     	SUB@    R1,     R0      ; subtract power of 10
6DFE   0221 0004                	BC      @@div	   ; loop until we go too far
6E00   02C8                     	ADD@    R1,     R0      ; add back the extra power of 10.

6E01   0265                     	MVO@    R5,     R4      ; display the digit.

6E02   0009                     	INCR    R1	      ; point to next power of 10
6E03   0012                     	DECR    R2	      ; any room left in field?
6E04   0223 000D                	BPL     @@nxdig	 ; keep going until R2 < 0.

6E06   02B1                     @@done: PULR    R1	      ; restore R1
6E07   02B2                     	PULR    R2	      ; restore R2
6E08   02B7                     	PULR    PC	      ; return

                                	ENDP
                                	
                                    ENDI

                                    IF DEFINED intybasic_voice
                                ;;==========================================================================;;
                                ;;  SP0256-AL2 Allophones						   ;;
                                ;;									  ;;
                                ;;  This file contains the allophone set that was obtained from an	  ;;
                                ;;  SP0256-AL2.  It is being provided for your convenience.		 ;;
                                ;;									  ;;
                                ;;  The directory "al2" contains a series of assembly files, each one       ;;
                                ;;  containing a single allophone.  This series of files may be useful in   ;;
                                ;;  situations where space is at a premium.				 ;;
                                ;;									  ;;
                                ;;  Consult the Archer SP0256-AL2 documentation (under doc/programming)     ;;
                                ;;  for more information about SP0256-AL2's allophone library.	      ;;
                                ;;									  ;;
                                ;; ------------------------------------------------------------------------ ;;
                                ;;									  ;;
                                ;;  Copyright information:						  ;;
                                ;;									  ;;
                                ;;  The allophone data below was extracted from the SP0256-AL2 ROM image.   ;;
                                ;;  The SP0256-AL2 allophones are NOT in the public domain, nor are they    ;;
                                ;;  placed under the GNU General Public License.  This program is	   ;;
                                ;;  distributed in the hope that it will be useful, but WITHOUT ANY	 ;;
                                ;;  WARRANTY; without even the implied warranty of MERCHANTABILITY or       ;;
                                ;;  FITNESS FOR A PARTICULAR PURPOSE.				       ;;
                                ;;									  ;;
                                ;;  Microchip, Inc. retains the copyright to the data and algorithms	;;
                                ;;  contained in the SP0256-AL2.  This speech data is distributed with      ;;
                                ;;  explicit permission from Microchip, Inc.  All such redistributions      ;;
                                ;;  must retain this notice of copyright.				   ;;
                                ;;									  ;;
                                ;;  No copyright claims are made on this data by the author(s) of SDK1600.  ;;
                                ;;  Please see http://spatula-city.org/~im14u2c/sp0256-al2/ for details.    ;;
                                ;;									  ;;
                                ;;==========================================================================;;

                                ;; ------------------------------------------------------------------------ ;;
                                _AA:
                                    DECLE   _AA.end - _AA - 1
                                    DECLE   $0318, $014C, $016F, $02CE, $03AF, $015F, $01B1, $008E
                                    DECLE   $0088, $0392, $01EA, $024B, $03AA, $039B, $000F, $0000
                                _AA.end:  ; 16 decles
                                ;; ------------------------------------------------------------------------ ;;
                                _AE1:
                                    DECLE   _AE1.end - _AE1 - 1
                                    DECLE   $0118, $038E, $016E, $01FC, $0149, $0043, $026F, $036E
                                    DECLE   $01CC, $0005, $0000
                                _AE1.end:  ; 11 decles
                                ;; ------------------------------------------------------------------------ ;;
                                _AO:
                                    DECLE   _AO.end - _AO - 1
                                    DECLE   $0018, $010E, $016F, $0225, $00C6, $02C4, $030F, $0160
                                    DECLE   $024B, $0005, $0000
                                _AO.end:  ; 11 decles
                                ;; ------------------------------------------------------------------------ ;;
                                _AR:
                                    DECLE   _AR.end - _AR - 1
                                    DECLE   $0218, $010C, $016E, $001E, $000B, $0091, $032F, $00DE
                                    DECLE   $018B, $0095, $0003, $0238, $0027, $01E0, $03E8, $0090
                                    DECLE   $0003, $01C7, $0020, $03DE, $0100, $0190, $01CA, $02AB
                                    DECLE   $00B7, $004A, $0386, $0100, $0144, $02B6, $0024, $0320
                                    DECLE   $0011, $0041, $01DF, $0316, $014C, $016E, $001E, $00C4
                                    DECLE   $02B2, $031E, $0264, $02AA, $019D, $01BE, $000B, $00F0
                                    DECLE   $006A, $01CE, $00D6, $015B, $03B5, $03E4, $0000, $0380
                                    DECLE   $0007, $0312, $03E8, $030C, $016D, $02EE, $0085, $03C2
                                    DECLE   $03EC, $0283, $024A, $0005, $0000
                                _AR.end:  ; 69 decles
                                ;; ------------------------------------------------------------------------ ;;
                                _AW:
                                    DECLE   _AW.end - _AW - 1
                                    DECLE   $0010, $01CE, $016E, $02BE, $0375, $034F, $0220, $0290
                                    DECLE   $008A, $026D, $013F, $01D5, $0316, $029F, $02E2, $018A
                                    DECLE   $0170, $0035, $00BD, $0000, $0000
                                _AW.end:  ; 21 decles
                                ;; ------------------------------------------------------------------------ ;;
                                _AX:
                                    DECLE   _AX.end - _AX - 1
                                    DECLE   $0218, $02CD, $016F, $02F5, $0386, $00C2, $00CD, $0094
                                    DECLE   $010C, $0005, $0000
                                _AX.end:  ; 11 decles
                                ;; ------------------------------------------------------------------------ ;;
                                _AY:
                                    DECLE   _AY.end - _AY - 1
                                    DECLE   $0110, $038C, $016E, $03B7, $03B3, $02AF, $0221, $009E
                                    DECLE   $01AA, $01B3, $00BF, $02E7, $025B, $0354, $00DA, $017F
                                    DECLE   $018A, $03F3, $00AF, $02D5, $0356, $027F, $017A, $01FB
                                    DECLE   $011E, $01B9, $03E5, $029F, $025A, $0076, $0148, $0124
                                    DECLE   $003D, $0000
                                _AY.end:  ; 34 decles
                                ;; ------------------------------------------------------------------------ ;;
                                _BB1:
                                    DECLE   _BB1.end - _BB1 - 1
                                    DECLE   $0318, $004C, $016C, $00FB, $00C7, $0144, $002E, $030C
                                    DECLE   $010E, $018C, $01DC, $00AB, $00C9, $0268, $01F7, $021D
                                    DECLE   $01B3, $0098, $0000
                                _BB1.end:  ; 19 decles
                                ;; ------------------------------------------------------------------------ ;;
                                _BB2:
                                    DECLE   _BB2.end - _BB2 - 1
                                    DECLE   $00F4, $0046, $0062, $0200, $0221, $03E4, $0087, $016F
                                    DECLE   $02A6, $02B7, $0212, $0326, $0368, $01BF, $0338, $0196
                                    DECLE   $0002
                                _BB2.end:  ; 17 decles
                                ;; ------------------------------------------------------------------------ ;;
                                _CH:
                                    DECLE   _CH.end - _CH - 1
                                    DECLE   $00F5, $0146, $0052, $0000, $032A, $0049, $0032, $02F2
                                    DECLE   $02A5, $0000, $026D, $0119, $0124, $00F6, $0000
                                _CH.end:  ; 15 decles
                                ;; ------------------------------------------------------------------------ ;;
                                _DD1:
                                    DECLE   _DD1.end - _DD1 - 1
                                    DECLE   $0318, $034C, $016E, $0397, $01B9, $0020, $02B1, $008E
                                    DECLE   $0349, $0291, $01D8, $0072, $0000
                                _DD1.end:  ; 13 decles
                                ;; ------------------------------------------------------------------------ ;;
                                _DD2:
                                    DECLE   _DD2.end - _DD2 - 1
                                    DECLE   $00F4, $00C6, $00F2, $0000, $0129, $00A6, $0246, $01F3
                                    DECLE   $02C6, $02B7, $028E, $0064, $0362, $01CF, $0379, $01D5
                                    DECLE   $0002
                                _DD2.end:  ; 17 decles
                                ;; ------------------------------------------------------------------------ ;;
                                _DH1:
                                    DECLE   _DH1.end - _DH1 - 1
                                    DECLE   $0018, $034F, $016D, $030B, $0306, $0363, $017E, $006A
                                    DECLE   $0164, $019E, $01DA, $00CB, $00E8, $027A, $03E8, $01D7
                                    DECLE   $0173, $00A1, $0000
                                _DH1.end:  ; 19 decles
                                ;; ------------------------------------------------------------------------ ;;
                                _DH2:
                                    DECLE   _DH2.end - _DH2 - 1
                                    DECLE   $0119, $034C, $016D, $030B, $0306, $0363, $017E, $006A
                                    DECLE   $0164, $019E, $01DA, $00CB, $00E8, $027A, $03E8, $01D7
                                    DECLE   $0173, $00A1, $0000
                                _DH2.end:  ; 19 decles
                                ;; ------------------------------------------------------------------------ ;;
                                _EH:
                                    DECLE   _EH.end - _EH - 1
                                    DECLE   $0218, $02CD, $016F, $0105, $014B, $0224, $02CF, $0274
                                    DECLE   $014C, $0005, $0000
                                _EH.end:  ; 11 decles
                                ;; ------------------------------------------------------------------------ ;;
                                _EL:
                                    DECLE   _EL.end - _EL - 1
                                    DECLE   $0118, $038D, $016E, $011C, $008B, $03D2, $030F, $0262
                                    DECLE   $006C, $019D, $01CC, $022B, $0170, $0078, $03FE, $0018
                                    DECLE   $0183, $03A3, $010D, $016E, $012E, $00C6, $00C3, $0300
                                    DECLE   $0060, $000D, $0005, $0000
                                _EL.end:  ; 28 decles
                                ;; ------------------------------------------------------------------------ ;;
                                _ER1:
                                    DECLE   _ER1.end - _ER1 - 1
                                    DECLE   $0118, $034C, $016E, $001C, $0089, $01C3, $034E, $03E6
                                    DECLE   $00AB, $0095, $0001, $0000, $03FC, $0381, $0000, $0188
                                    DECLE   $01DA, $00CB, $00E7, $0048, $03A6, $0244, $016C, $01A8
                                    DECLE   $03E4, $0000, $0002, $0001, $00FC, $01DA, $02E4, $0000
                                    DECLE   $0002, $0008, $0200, $0217, $0164, $0000, $000E, $0038
                                    DECLE   $0014, $01EA, $0264, $0000, $0002, $0048, $01EC, $02F1
                                    DECLE   $03CC, $016D, $021E, $0048, $00C2, $034E, $036A, $000D
                                    DECLE   $008D, $000B, $0200, $0047, $0022, $03A8, $0000, $0000
                                _ER1.end:  ; 64 decles
                                ;; ------------------------------------------------------------------------ ;;
                                _ER2:
                                    DECLE   _ER2.end - _ER2 - 1
                                    DECLE   $0218, $034C, $016E, $001C, $0089, $01C3, $034E, $03E6
                                    DECLE   $00AB, $0095, $0001, $0000, $03FC, $0381, $0000, $0190
                                    DECLE   $01D8, $00CB, $00E7, $0058, $01A6, $0244, $0164, $02A9
                                    DECLE   $0024, $0000, $0000, $0007, $0201, $02F8, $02E4, $0000
                                    DECLE   $0002, $0001, $00FC, $02DA, $0024, $0000, $0002, $0008
                                    DECLE   $0200, $0217, $0024, $0000, $000E, $0038, $0014, $03EA
                                    DECLE   $03A4, $0000, $0002, $0048, $01EC, $03F1, $038C, $016D
                                    DECLE   $021E, $0048, $00C2, $034E, $036A, $000D, $009D, $0003
                                    DECLE   $0200, $0047, $0022, $03A8, $0000, $0000
                                _ER2.end:  ; 70 decles
                                ;; ------------------------------------------------------------------------ ;;
                                _EY:
                                    DECLE   _EY.end - _EY - 1
                                    DECLE   $0310, $038C, $016E, $02A7, $00BB, $0160, $0290, $0094
                                    DECLE   $01CA, $03A9, $00C1, $02D7, $015B, $01D4, $03CE, $02FF
                                    DECLE   $00EA, $03E7, $0041, $0277, $025B, $0355, $03C9, $0103
                                    DECLE   $02EA, $03E4, $003F, $0000
                                _EY.end:  ; 28 decles
                                ;; ------------------------------------------------------------------------ ;;
                                _FF:
                                    DECLE   _FF.end - _FF - 1
                                    DECLE   $0119, $03C8, $0000, $00A7, $0094, $0138, $01C6, $0000
                                _FF.end:  ; 8 decles
                                ;; ------------------------------------------------------------------------ ;;
                                _GG1:
                                    DECLE   _GG1.end - _GG1 - 1
                                    DECLE   $00F4, $00C6, $00C2, $0200, $0015, $03FE, $0283, $01FD
                                    DECLE   $01E6, $00B7, $030A, $0364, $0331, $017F, $033D, $0215
                                    DECLE   $0002
                                _GG1.end:  ; 17 decles
                                ;; ------------------------------------------------------------------------ ;;
                                _GG2:
                                    DECLE   _GG2.end - _GG2 - 1
                                    DECLE   $00F4, $0106, $0072, $0300, $0021, $0308, $0039, $0173
                                    DECLE   $00C6, $00B7, $037E, $03A3, $0319, $0177, $0036, $0217
                                    DECLE   $0002
                                _GG2.end:  ; 17 decles
                                ;; ------------------------------------------------------------------------ ;;
                                _GG3:
                                    DECLE   _GG3.end - _GG3 - 1
                                    DECLE   $00F8, $0146, $00F2, $0100, $0132, $03A8, $0055, $01F5
                                    DECLE   $00A6, $02B7, $0291, $0326, $0368, $0167, $023A, $01C6
                                    DECLE   $0002
                                _GG3.end:  ; 17 decles
                                ;; ------------------------------------------------------------------------ ;;
                                _HH1:
                                    DECLE   _HH1.end - _HH1 - 1
                                    DECLE   $0218, $01C9, $0000, $0095, $0127, $0060, $01D6, $0213
                                    DECLE   $0002, $01AE, $033E, $01A0, $03C4, $0122, $0001, $0218
                                    DECLE   $01E4, $03FD, $0019, $0000
                                _HH1.end:  ; 20 decles
                                ;; ------------------------------------------------------------------------ ;;
                                _HH2:
                                    DECLE   _HH2.end - _HH2 - 1
                                    DECLE   $0218, $00CB, $0000, $0086, $000F, $0240, $0182, $031A
                                    DECLE   $02DB, $0008, $0293, $0067, $00BD, $01E0, $0092, $000C
                                    DECLE   $0000
                                _HH2.end:  ; 17 decles
                                ;; ------------------------------------------------------------------------ ;;
                                _IH:
                                    DECLE   _IH.end - _IH - 1
                                    DECLE   $0118, $02CD, $016F, $0205, $0144, $02C3, $00FE, $031A
                                    DECLE   $000D, $0005, $0000
                                _IH.end:  ; 11 decles
                                ;; ------------------------------------------------------------------------ ;;
                                _IY:
                                    DECLE   _IY.end - _IY - 1
                                    DECLE   $0318, $02CC, $016F, $0008, $030B, $01C3, $0330, $0178
                                    DECLE   $002B, $019D, $01F6, $018B, $01E1, $0010, $020D, $0358
                                    DECLE   $015F, $02A4, $02CC, $016F, $0109, $030B, $0193, $0320
                                    DECLE   $017A, $034C, $009C, $0017, $0001, $0200, $03C1, $0020
                                    DECLE   $00A7, $001D, $0001, $0104, $003D, $0040, $01A7, $01CA
                                    DECLE   $018B, $0160, $0078, $01F6, $0343, $01C7, $0090, $0000
                                _IY.end:  ; 48 decles
                                ;; ------------------------------------------------------------------------ ;;
                                _JH:
                                    DECLE   _JH.end - _JH - 1
                                    DECLE   $0018, $0149, $0001, $00A4, $0321, $0180, $01F4, $039A
                                    DECLE   $02DC, $023C, $011A, $0047, $0200, $0001, $018E, $034E
                                    DECLE   $0394, $0356, $02C1, $010C, $03FD, $0129, $00B7, $01BA
                                    DECLE   $0000
                                _JH.end:  ; 25 decles
                                ;; ------------------------------------------------------------------------ ;;
                                _KK1:
                                    DECLE   _KK1.end - _KK1 - 1
                                    DECLE   $00F4, $00C6, $00D2, $0000, $023A, $03E0, $02D1, $02E5
                                    DECLE   $0184, $0200, $0041, $0210, $0188, $00C5, $0000
                                _KK1.end:  ; 15 decles
                                ;; ------------------------------------------------------------------------ ;;
                                _KK2:
                                    DECLE   _KK2.end - _KK2 - 1
                                    DECLE   $021D, $023C, $0211, $003C, $0180, $024D, $0008, $032B
                                    DECLE   $025B, $002D, $01DC, $01E3, $007A, $0000
                                _KK2.end:  ; 14 decles
                                ;; ------------------------------------------------------------------------ ;;
                                _KK3:
                                    DECLE   _KK3.end - _KK3 - 1
                                    DECLE   $00F7, $0046, $01D2, $0300, $0131, $006C, $006E, $00F1
                                    DECLE   $00E4, $0000, $025A, $010D, $0110, $01F9, $014A, $0001
                                    DECLE   $00B5, $01A2, $00D8, $01CE, $0000
                                _KK3.end:  ; 21 decles
                                ;; ------------------------------------------------------------------------ ;;
                                _LL:
                                    DECLE   _LL.end - _LL - 1
                                    DECLE   $0318, $038C, $016D, $029E, $0333, $0260, $0221, $0294
                                    DECLE   $01C4, $0299, $025A, $00E6, $014C, $012C, $0031, $0000
                                _LL.end:  ; 16 decles
                                ;; ------------------------------------------------------------------------ ;;
                                _MM:
                                    DECLE   _MM.end - _MM - 1
                                    DECLE   $0210, $034D, $016D, $03F5, $00B0, $002E, $0220, $0290
                                    DECLE   $03CE, $02B6, $03AA, $00F3, $00CF, $015D, $016E, $0000
                                _MM.end:  ; 16 decles
                                ;; ------------------------------------------------------------------------ ;;
                                _NG1:
                                    DECLE   _NG1.end - _NG1 - 1
                                    DECLE   $0118, $03CD, $016E, $00DC, $032F, $01BF, $01E0, $0116
                                    DECLE   $02AB, $029A, $0358, $01DB, $015B, $01A7, $02FD, $02B1
                                    DECLE   $03D2, $0356, $0000
                                _NG1.end:  ; 19 decles
                                ;; ------------------------------------------------------------------------ ;;
                                _NN1:
                                    DECLE   _NN1.end - _NN1 - 1
                                    DECLE   $0318, $03CD, $016C, $0203, $0306, $03C3, $015F, $0270
                                    DECLE   $002A, $009D, $000D, $0248, $01B4, $0120, $01E1, $00C8
                                    DECLE   $0003, $0040, $0000, $0080, $015F, $0006, $0000
                                _NN1.end:  ; 23 decles
                                ;; ------------------------------------------------------------------------ ;;
                                _NN2:
                                    DECLE   _NN2.end - _NN2 - 1
                                    DECLE   $0018, $034D, $016D, $0203, $0306, $03C3, $015F, $0270
                                    DECLE   $002A, $0095, $0003, $0248, $01B4, $0120, $01E1, $0090
                                    DECLE   $000B, $0040, $0000, $0080, $015F, $019E, $01F6, $028B
                                    DECLE   $00E0, $0266, $03F6, $01D8, $0143, $01A8, $0024, $00C0
                                    DECLE   $0080, $0000, $01E6, $0321, $0024, $0260, $000A, $0008
                                    DECLE   $03FE, $0000, $0000
                                _NN2.end:  ; 43 decles
                                ;; ------------------------------------------------------------------------ ;;
                                _OR2:
                                    DECLE   _OR2.end - _OR2 - 1
                                    DECLE   $0218, $018C, $016D, $02A6, $03AB, $004F, $0301, $0390
                                    DECLE   $02EA, $0289, $0228, $0356, $01CF, $02D5, $0135, $007D
                                    DECLE   $02B5, $02AF, $024A, $02E2, $0153, $0167, $0333, $02A9
                                    DECLE   $02B3, $039A, $0351, $0147, $03CD, $0339, $02DA, $0000
                                _OR2.end:  ; 32 decles
                                ;; ------------------------------------------------------------------------ ;;
                                _OW:
                                    DECLE   _OW.end - _OW - 1
                                    DECLE   $0310, $034C, $016E, $02AE, $03B1, $00CF, $0304, $0192
                                    DECLE   $018A, $022B, $0041, $0277, $015B, $0395, $03D1, $0082
                                    DECLE   $03CE, $00B6, $03BB, $02DA, $0000
                                _OW.end:  ; 21 decles
                                ;; ------------------------------------------------------------------------ ;;
                                _OY:
                                    DECLE   _OY.end - _OY - 1
                                    DECLE   $0310, $014C, $016E, $02A6, $03AF, $00CF, $0304, $0192
                                    DECLE   $03CA, $01A8, $007F, $0155, $02B4, $027F, $00E2, $036A
                                    DECLE   $031F, $035D, $0116, $01D5, $02F4, $025F, $033A, $038A
                                    DECLE   $014F, $01B5, $03D5, $0297, $02DA, $03F2, $0167, $0124
                                    DECLE   $03FB, $0001
                                _OY.end:  ; 34 decles
                                ;; ------------------------------------------------------------------------ ;;
                                _PA1:
                                    DECLE   _PA1.end - _PA1 - 1
                                    DECLE   $00F1, $0000
                                _PA1.end:  ; 2 decles
                                ;; ------------------------------------------------------------------------ ;;
                                _PA2:
                                    DECLE   _PA2.end - _PA2 - 1
                                    DECLE   $00F4, $0000
                                _PA2.end:  ; 2 decles
                                ;; ------------------------------------------------------------------------ ;;
                                _PA3:
                                    DECLE   _PA3.end - _PA3 - 1
                                    DECLE   $00F7, $0000
                                _PA3.end:  ; 2 decles
                                ;; ------------------------------------------------------------------------ ;;
                                _PA4:
                                    DECLE   _PA4.end - _PA4 - 1
                                    DECLE   $00FF, $0000
                                _PA4.end:  ; 2 decles
                                ;; ------------------------------------------------------------------------ ;;
                                _PA5:
                                    DECLE   _PA5.end - _PA5 - 1
                                    DECLE   $031D, $003F, $0000
                                _PA5.end:  ; 3 decles
                                ;; ------------------------------------------------------------------------ ;;
                                _PP:
                                    DECLE   _PP.end - _PP - 1
                                    DECLE   $00FD, $0106, $0052, $0000, $022A, $03A5, $0277, $035F
                                    DECLE   $0184, $0000, $0055, $0391, $00EB, $00CF, $0000
                                _PP.end:  ; 15 decles
                                ;; ------------------------------------------------------------------------ ;;
                                _RR1:
                                    DECLE   _RR1.end - _RR1 - 1
                                    DECLE   $0118, $01CD, $016C, $029E, $0171, $038E, $01E0, $0190
                                    DECLE   $0245, $0299, $01AA, $02E2, $01C7, $02DE, $0125, $00B5
                                    DECLE   $02C5, $028F, $024E, $035E, $01CB, $02EC, $0005, $0000
                                _RR1.end:  ; 24 decles
                                ;; ------------------------------------------------------------------------ ;;
                                _RR2:
                                    DECLE   _RR2.end - _RR2 - 1
                                    DECLE   $0218, $03CC, $016C, $030C, $02C8, $0393, $02CD, $025E
                                    DECLE   $008A, $019D, $01AC, $02CB, $00BE, $0046, $017E, $01C2
                                    DECLE   $0174, $00A1, $01E5, $00E0, $010E, $0007, $0313, $0017
                                    DECLE   $0000
                                _RR2.end:  ; 25 decles
                                ;; ------------------------------------------------------------------------ ;;
                                _SH:
                                    DECLE   _SH.end - _SH - 1
                                    DECLE   $0218, $0109, $0000, $007A, $0187, $02E0, $03F6, $0311
                                    DECLE   $0002, $0126, $0242, $0161, $03E9, $0219, $016C, $0300
                                    DECLE   $0013, $0045, $0124, $0005, $024C, $005C, $0182, $03C2
                                    DECLE   $0001
                                _SH.end:  ; 25 decles
                                ;; ------------------------------------------------------------------------ ;;
                                _SS:
                                    DECLE   _SS.end - _SS - 1
                                    DECLE   $0218, $01CA, $0001, $0128, $001C, $0149, $01C6, $0000
                                _SS.end:  ; 8 decles
                                ;; ------------------------------------------------------------------------ ;;
                                _TH:
                                    DECLE   _TH.end - _TH - 1
                                    DECLE   $0019, $0349, $0000, $00C6, $0212, $01D8, $01CA, $0000
                                _TH.end:  ; 8 decles
                                ;; ------------------------------------------------------------------------ ;;
                                _TT1:
                                    DECLE   _TT1.end - _TT1 - 1
                                    DECLE   $00F6, $0046, $0142, $0100, $0042, $0088, $027E, $02EF
                                    DECLE   $01A4, $0200, $0049, $0290, $00FC, $00E8, $0000
                                _TT1.end:  ; 15 decles
                                ;; ------------------------------------------------------------------------ ;;
                                _TT2:
                                    DECLE   _TT2.end - _TT2 - 1
                                    DECLE   $00F5, $00C6, $01D2, $0100, $0335, $00E9, $0042, $027A
                                    DECLE   $02A4, $0000, $0062, $01D1, $014C, $03EA, $02EC, $01E0
                                    DECLE   $0007, $03A7, $0000
                                _TT2.end:  ; 19 decles
                                ;; ------------------------------------------------------------------------ ;;
                                _UH:
                                    DECLE   _UH.end - _UH - 1
                                    DECLE   $0018, $034E, $016E, $01FF, $0349, $00D2, $003C, $030C
                                    DECLE   $008B, $0005, $0000
                                _UH.end:  ; 11 decles
                                ;; ------------------------------------------------------------------------ ;;
                                _UW1:
                                    DECLE   _UW1.end - _UW1 - 1
                                    DECLE   $0318, $014C, $016F, $029E, $03BD, $03BD, $0271, $0212
                                    DECLE   $0325, $0291, $016A, $027B, $014A, $03B4, $0133, $0001
                                _UW1.end:  ; 16 decles
                                ;; ------------------------------------------------------------------------ ;;
                                _UW2:
                                    DECLE   _UW2.end - _UW2 - 1
                                    DECLE   $0018, $034E, $016E, $02F6, $0107, $02C2, $006D, $0090
                                    DECLE   $03AC, $01A4, $01DC, $03AB, $0128, $0076, $03E6, $0119
                                    DECLE   $014F, $03A6, $03A5, $0020, $0090, $0001, $02EE, $00BB
                                    DECLE   $0000
                                _UW2.end:  ; 25 decles
                                ;; ------------------------------------------------------------------------ ;;
                                _VV:
                                    DECLE   _VV.end - _VV - 1
                                    DECLE   $0218, $030D, $016C, $010B, $010B, $0095, $034F, $03E4
                                    DECLE   $0108, $01B5, $01BE, $028B, $0160, $00AA, $03E4, $0106
                                    DECLE   $00EB, $02DE, $014C, $016E, $00F6, $0107, $00D2, $00CD
                                    DECLE   $0296, $00E4, $0006, $0000
                                _VV.end:  ; 28 decles
                                ;; ------------------------------------------------------------------------ ;;
                                _WH:
                                    DECLE   _WH.end - _WH - 1
                                    DECLE   $0218, $00C9, $0000, $0084, $038E, $0147, $03A4, $0195
                                    DECLE   $0000, $012E, $0118, $0150, $02D1, $0232, $01B7, $03F1
                                    DECLE   $0237, $01C8, $03B1, $0227, $01AE, $0254, $0329, $032D
                                    DECLE   $01BF, $0169, $019A, $0307, $0181, $028D, $0000
                                _WH.end:  ; 31 decles
                                ;; ------------------------------------------------------------------------ ;;
                                _WW:
                                    DECLE   _WW.end - _WW - 1
                                    DECLE   $0118, $034D, $016C, $00FA, $02C7, $0072, $03CC, $0109
                                    DECLE   $000B, $01AD, $019E, $016B, $0130, $0278, $01F8, $0314
                                    DECLE   $017E, $029E, $014D, $016D, $0205, $0147, $02E2, $001A
                                    DECLE   $010A, $026E, $0004, $0000
                                _WW.end:  ; 28 decles
                                ;; ------------------------------------------------------------------------ ;;
                                _XR2:
                                    DECLE   _XR2.end - _XR2 - 1
                                    DECLE   $0318, $034C, $016E, $02A6, $03BB, $002F, $0290, $008E
                                    DECLE   $004B, $0392, $01DA, $024B, $013A, $01DA, $012F, $00B5
                                    DECLE   $02E5, $0297, $02DC, $0372, $014B, $016D, $0377, $00E7
                                    DECLE   $0376, $038A, $01CE, $026B, $02FA, $01AA, $011E, $0071
                                    DECLE   $00D5, $0297, $02BC, $02EA, $01C7, $02D7, $0135, $0155
                                    DECLE   $01DD, $0007, $0000
                                _XR2.end:  ; 43 decles
                                ;; ------------------------------------------------------------------------ ;;
                                _YR:
                                    DECLE   _YR.end - _YR - 1
                                    DECLE   $0318, $03CC, $016E, $0197, $00FD, $0130, $0270, $0094
                                    DECLE   $0328, $0291, $0168, $007E, $01CC, $02F5, $0125, $02B5
                                    DECLE   $00F4, $0298, $01DA, $03F6, $0153, $0126, $03B9, $00AB
                                    DECLE   $0293, $03DB, $0175, $01B9, $0001
                                _YR.end:  ; 29 decles
                                ;; ------------------------------------------------------------------------ ;;
                                _YY1:
                                    DECLE   _YY1.end - _YY1 - 1
                                    DECLE   $0318, $01CC, $016E, $0015, $00CB, $0263, $0320, $0078
                                    DECLE   $01CE, $0094, $001F, $0040, $0320, $03BF, $0230, $00A7
                                    DECLE   $000F, $01FE, $03FC, $01E2, $00D0, $0089, $000F, $0248
                                    DECLE   $032B, $03FD, $01CF, $0001, $0000
                                _YY1.end:  ; 29 decles
                                ;; ------------------------------------------------------------------------ ;;
                                _YY2:
                                    DECLE   _YY2.end - _YY2 - 1
                                    DECLE   $0318, $01CC, $016E, $0015, $00CB, $0263, $0320, $0078
                                    DECLE   $01CE, $0094, $001F, $0040, $0320, $03BF, $0230, $00A7
                                    DECLE   $000F, $01FE, $03FC, $01E2, $00D0, $0089, $000F, $0248
                                    DECLE   $032B, $03FD, $01CF, $0199, $01EE, $008B, $0161, $0232
                                    DECLE   $0004, $0318, $01A7, $0198, $0124, $03E0, $0001, $0001
                                    DECLE   $030F, $0027, $0000
                                _YY2.end:  ; 43 decles
                                ;; ------------------------------------------------------------------------ ;;
                                _ZH:
                                    DECLE   _ZH.end - _ZH - 1
                                    DECLE   $0310, $014D, $016E, $00C3, $03B9, $01BF, $0241, $0012
                                    DECLE   $0163, $00E1, $0000, $0080, $0084, $023F, $003F, $0000
                                _ZH.end:  ; 16 decles
                                ;; ------------------------------------------------------------------------ ;;
                                _ZZ:
                                    DECLE   _ZZ.end - _ZZ - 1
                                    DECLE   $0218, $010D, $016F, $0225, $0351, $00B5, $02A0, $02EE
                                    DECLE   $00E9, $014D, $002C, $0360, $0008, $00EC, $004C, $0342
                                    DECLE   $03D4, $0156, $0052, $0131, $0008, $03B0, $01BE, $0172
                                    DECLE   $0000
                                _ZZ.end:  ; 25 decles

                                ;;==========================================================================;;
                                ;;									  ;;
                                ;;  Copyright information:						  ;;
                                ;;									  ;;
                                ;;  The above allophone data was extracted from the SP0256-AL2 ROM image.   ;;
                                ;;  The SP0256-AL2 allophones are NOT in the public domain, nor are they    ;;
                                ;;  placed under the GNU General Public License.  This program is	   ;;
                                ;;  distributed in the hope that it will be useful, but WITHOUT ANY	 ;;
                                ;;  WARRANTY; without even the implied warranty of MERCHANTABILITY or       ;;
                                ;;  FITNESS FOR A PARTICULAR PURPOSE.				       ;;
                                ;;									  ;;
                                ;;  Microchip, Inc. retains the copyright to the data and algorithms	;;
                                ;;  contained in the SP0256-AL2.  This speech data is distributed with      ;;
                                ;;  explicit permission from Microchip, Inc.  All such redistributions      ;;
                                ;;  must retain this notice of copyright.				   ;;
                                ;;									  ;;
                                ;;  No copyright claims are made on this data by the author(s) of SDK1600.  ;;
                                ;;  Please see http://spatula-city.org/~im14u2c/sp0256-al2/ for details.    ;;
                                ;;									  ;;
                                ;;==========================================================================;;

                                ;* ======================================================================== *;
                                ;*  These routines are placed into the public domain by their author.  All  *;
                                ;*  copyright rights are hereby relinquished on the routines and data in    *;
                                ;*  this file.  -- Joseph Zbiciak, 2008				     *;
                                ;* ======================================================================== *;

                                ;; ======================================================================== ;;
                                ;;  INTELLIVOICE DRIVER ROUTINES					    ;;
                                ;;  Written in 2002 by Joe Zbiciak <intvnut AT gmail.com>		   ;;
                                ;;  http://spatula-city.org/~im14u2c/intv/				  ;;
                                ;; ======================================================================== ;;

                                ;; ======================================================================== ;;
                                ;;  GLOBAL VARIABLES USED BY THESE ROUTINES				 ;;
                                ;;									  ;;
                                ;;  Note that some of these routines may use one or more global variables.  ;;
                                ;;  If you use these routines, you will need to allocate the appropriate    ;;
                                ;;  space in either 16-bit or 8-bit memory as appropriate.  Each global     ;;
                                ;;  variable is listed with the routines which use it and the required      ;;
                                ;;  memory width.							   ;;
                                ;;									  ;;
                                ;;  Example declarations for these routines are shown below, commented out. ;;
                                ;;  You should uncomment these and add them to your program to make use of  ;;
                                ;;  the routine that needs them.  Make sure to assign these variables to    ;;
                                ;;  locations that aren't used for anything else.			   ;;
                                ;; ======================================================================== ;;

                                			; Used by       Req'd Width     Description
                                			;-----------------------------------------------------
                                ;IV.QH      EQU $110    ; IV_xxx	8-bit	   Voice queue head
                                ;IV.QT      EQU $111    ; IV_xxx	8-bit	   Voice queue tail
                                ;IV.Q       EQU $112    ; IV_xxx	8-bit	   Voice queue  (8 bytes)
                                ;IV.FLEN    EQU $11A    ; IV_xxx	8-bit	   Length of FIFO data
                                ;IV.FPTR    EQU $320    ; IV_xxx	16-bit	  Current FIFO ptr.
                                ;IV.PPTR    EQU $321    ; IV_xxx	16-bit	  Current Phrase ptr.

                                ;; ======================================================================== ;;
                                ;;  MEMORY USAGE							    ;;
                                ;;									  ;;
                                ;;  These routines implement a queue of "pending phrases" that will be      ;;
                                ;;  played by the Intellivoice.  The user calls IV_PLAY to enqueue a	;;
                                ;;  phrase number.  Phrase numbers indicate either a RESROM sample or       ;;
                                ;;  a compiled in phrase to be spoken.				      ;;
                                ;;									  ;;
                                ;;  The user must compose an "IV_PHRASE_TBL", which is composed of	  ;;
                                ;;  pointers to phrases to be spoken.  Phrases are strings of pointers      ;;
                                ;;  and RESROM triggers, terminated by a NUL.			       ;;
                                ;;									  ;;
                                ;;  Phrase numbers 1 through 42 are RESROM samples.  Phrase numbers	 ;;
                                ;;  43 through 255 index into the IV_PHRASE_TBL.			    ;;
                                ;;									  ;;
                                ;;  SPECIAL NOTES							   ;;
                                ;;									  ;;
                                ;;  Bit 7 of IV.QH and IV.QT is used to denote whether the Intellivoice     ;;
                                ;;  is present.  If Intellivoice is present, this bit is clear.	     ;;
                                ;;									  ;;
                                ;;  Bit 6 of IV.QT is used to denote that we still need to do an ALD $00    ;;
                                ;;  for FIFO'd voice data.						  ;;
                                ;; ======================================================================== ;;
                                	    

                                ;; ======================================================================== ;;
                                ;;  NAME								    ;;
                                ;;      IV_INIT     Initialize the Intellivoice			     ;;
                                ;;									  ;;
                                ;;  AUTHOR								  ;;
                                ;;      Joseph Zbiciak <intvnut AT gmail.com>			       ;;
                                ;;									  ;;
                                ;;  REVISION HISTORY							;;
                                ;;      15-Sep-2002 Initial revision . . . . . . . . . . .  J. Zbiciak      ;;
                                ;;									  ;;
                                ;;  INPUTS for IV_INIT						      ;;
                                ;;      R5      Return address					      ;;
                                ;;									  ;;
                                ;;  OUTPUTS								 ;;
                                ;;      R0      0 if Intellivoice found, -1 if not.			 ;;
                                ;;									  ;;
                                ;;  DESCRIPTION							     ;;
                                ;;      Resets Intellivoice, determines if it is actually there, and	;;
                                ;;      then initializes the IV structure.				  ;;
                                ;; ------------------------------------------------------------------------ ;;
                                ;;		   Copyright (c) 2002, Joseph Zbiciak		     ;;
                                ;; ======================================================================== ;;

                                IV_INIT     PROC
                                	    MVII    #$0400, R0	  ;
                                	    MVO     R0,     $0081       ; Reset the Intellivoice

                                	    MVI     $0081,  R0	  ; \
                                	    RLC     R0,     2	   ;  |-- See if we detect Intellivoice
                                	    BOV     @@no_ivoice	 ; /    once we've reset it.

                                	    CLRR    R0		  ; 
                                	    MVO     R0,     IV.FPTR     ; No data for FIFO
                                	    MVO     R0,     IV.PPTR     ; No phrase being spoken
                                	    MVO     R0,     IV.QH       ; Clear our queue
                                	    MVO     R0,     IV.QT       ; Clear our queue
                                	    JR      R5		  ; Done!

                                @@no_ivoice:
                                	    CLRR    R0
                                	    MVO     R0,     IV.FPTR     ; No data for FIFO
                                	    MVO     R0,     IV.PPTR     ; No phrase being spoken
                                	    DECR    R0
                                	    MVO     R0,     IV.QH       ; Set queue to -1 ("No Intellivoice")
                                	    MVO     R0,     IV.QT       ; Set queue to -1 ("No Intellivoice")
                                ;	    JR      R5		 ; Done!
                                	    B       _wait	       ; Special for IntyBASIC!
                                	    ENDP

                                ;; ======================================================================== ;;
                                ;;  NAME								    ;;
                                ;;      IV_ISR      Interrupt service routine to feed Intellivoice	  ;;
                                ;;									  ;;
                                ;;  AUTHOR								  ;;
                                ;;      Joseph Zbiciak <intvnut AT gmail.com>			       ;;
                                ;;									  ;;
                                ;;  REVISION HISTORY							;;
                                ;;      15-Sep-2002 Initial revision . . . . . . . . . . .  J. Zbiciak      ;;
                                ;;									  ;;
                                ;;  INPUTS for IV_ISR						       ;;
                                ;;      R5      Return address					      ;;
                                ;;									  ;;
                                ;;  OUTPUTS								 ;;
                                ;;      R0, R1, R4 trashed.						 ;;
                                ;;									  ;;
                                ;;  NOTES								   ;;
                                ;;      Call this from your main interrupt service routine.		 ;;
                                ;; ------------------------------------------------------------------------ ;;
                                ;;		   Copyright (c) 2002, Joseph Zbiciak		     ;;
                                ;; ======================================================================== ;;
                                IV_ISR      PROC
                                	    ;; ------------------------------------------------------------ ;;
                                	    ;;  Check for Intellivoice.  Leave if none present.	     ;;
                                	    ;; ------------------------------------------------------------ ;;
                                	    MVI     IV.QT,  R1	  ; Get queue tail
                                	    SWAP    R1,     2
                                	    BPL     @@ok		; Bit 7 set? If yes: No Intellivoice
                                @@ald_busy:
                                @@leave     JR      R5		  ; Exit if no Intellivoice.

                                     
                                	    ;; ------------------------------------------------------------ ;;
                                	    ;;  Check to see if we pump samples into the FIFO.
                                	    ;; ------------------------------------------------------------ ;;
                                @@ok:       MVI     IV.FPTR, R4	 ; Get FIFO data pointer
                                	    TSTR    R4		  ; is it zero?
                                	    BEQ     @@no_fifodata       ; Yes:  No data for FIFO.
                                @@fifo_fill:
                                	    MVI     $0081,  R0	  ; Read speech FIFO ready bit
                                	    SLLC    R0,     1	   ; 
                                	    BC      @@fifo_busy     

                                	    MVI@    R4,     R0	  ; Get next word
                                	    MVO     R0,     $0081       ; write it to the FIFO

                                	    MVI     IV.FLEN, R0	 ;\
                                	    DECR    R0		  ; |-- Decrement our FIFO'd data length
                                	    MVO     R0,     IV.FLEN     ;/
                                	    BEQ     @@last_fifo	 ; If zero, we're done w/ FIFO
                                	    MVO     R4,     IV.FPTR     ; Otherwise, save new pointer
                                	    B       @@fifo_fill	 ; ...and keep trying to load FIFO

                                @@last_fifo MVO     R0,     IV.FPTR     ; done with FIFO loading.
                                					; fall into ALD processing.


                                	    ;; ------------------------------------------------------------ ;;
                                	    ;;  Try to do an Address Load.  We do this in two settings:     ;;
                                	    ;;   -- We have no FIFO data to load.			   ;;
                                	    ;;   -- We've loaded as much FIFO data as we can, but we	;;
                                	    ;;      might have an address load command to send for it.      ;;
                                	    ;; ------------------------------------------------------------ ;;
                                @@fifo_busy:
                                @@no_fifodata:
                                	    MVI     $0080,  R0	  ; Read LRQ bit from ALD register
                                	    SLLC    R0,     1
                                	    BNC     @@ald_busy	  ; LRQ is low, meaning we can't ALD.
                                					; So, leave.

                                	    ;; ------------------------------------------------------------ ;;
                                	    ;;  We can do an address load (ALD) on the SP0256.  Give FIFO   ;;
                                	    ;;  driven ALDs priority, since we already started the FIFO     ;;
                                	    ;;  load.  The "need ALD" bit is stored in bit 6 of IV.QT.      ;;
                                	    ;; ------------------------------------------------------------ ;;
                                	    ANDI    #$40,   R1	  ; Is "Need FIFO ALD" bit set?
                                	    BEQ     @@no_fifo_ald
                                	    XOR     IV.QT,  R1	  ;\__ Clear the "Need FIFO ALD" bit.
                                	    MVO     R1,     IV.QT       ;/
                                	    CLRR    R1
                                	    MVO     R1,     $80	 ; Load a 0 into ALD (trigger FIFO rd.)
                                	    JR      R5		  ; done!

                                	    ;; ------------------------------------------------------------ ;;
                                	    ;;  We don't need to ALD on behalf of the FIFO.  So, we grab    ;;
                                	    ;;  the next thing off our phrase list.			 ;;
                                	    ;; ------------------------------------------------------------ ;;
                                @@no_fifo_ald:
                                	    MVI     IV.PPTR, R4	 ; Get phrase pointer.
                                	    TSTR    R4		  ; Is it zero?
                                	    BEQ     @@next_phrase       ; Yes:  Get next phrase from queue.

                                	    MVI@    R4,     R0
                                	    TSTR    R0		  ; Is it end of phrase?
                                	    BNEQ    @@process_phrase    ; !=0:  Go do it.

                                	    MVO     R0,     IV.PPTR     ; 
                                @@next_phrase:
                                	    MVI     IV.QT,  R1	  ; reload queue tail (was trashed above)
                                	    MOVR    R1,     R0	  ; copy QT to R0 so we can increment it
                                	    ANDI    #$7,    R1	  ; Mask away flags in queue head
                                	    CMP     IV.QH,  R1	  ; Is it same as queue tail?
                                	    BEQ     @@leave	     ; Yes:  No more speech for now.

                                	    INCR    R0
                                	    ANDI    #$F7,   R0	  ; mask away the possible 'carry'
                                	    MVO     R0,     IV.QT       ; save updated queue tail

                                	    ADDI    #IV.Q,  R1	  ; Index into queue
                                	    MVI@    R1,     R4	  ; get next value from queue
                                	    CMPI    #43,    R4	  ; Is it a RESROM or Phrase?
                                	    BNC     @@play_resrom_r4
                                @@new_phrase:
                                ;	    ADDI    #IV_PHRASE_TBL - 43, R4 ; Index into phrase table
                                ;	    MVI@    R4,     R4	  ; Read from phrase table
                                	    MVO     R4,     IV.PPTR
                                	    JR      R5		  ; we'll get to this phrase next time.

                                @@play_resrom_r4:
                                	    MVO     R4,     $0080       ; Just ALD it
                                	    JR      R5		  ; and leave.

                                	    ;; ------------------------------------------------------------ ;;
                                	    ;;  We're in the middle of a phrase, so continue interpreting.  ;;
                                	    ;; ------------------------------------------------------------ ;;
                                @@process_phrase:
                                	    
                                	    MVO     R4,     IV.PPTR     ; save new phrase pointer
                                	    CMPI    #43,    R0	  ; Is it a RESROM cue?
                                	    BC      @@play_fifo	 ; Just ALD it and leave.
                                @@play_resrom_r0
                                	    MVO     R0,     $0080       ; Just ALD it
                                	    JR      R5		  ; and leave.
                                @@play_fifo:
                                	    MVI     IV.FPTR,R1	  ; Make sure not to stomp existing FIFO
                                	    TSTR    R1		  ; data.
                                	    BEQ     @@new_fifo_ok
                                	    DECR    R4		  ; Oops, FIFO data still playing,
                                	    MVO     R4,     IV.PPTR     ; so rewind.
                                	    JR      R5		  ; and leave.

                                @@new_fifo_ok:
                                	    MOVR    R0,     R4	  ;
                                	    MVI@    R4,     R0	  ; Get chunk length
                                	    MVO     R0,     IV.FLEN     ; Init FIFO chunk length
                                	    MVO     R4,     IV.FPTR     ; Init FIFO pointer
                                	    MVI     IV.QT,  R0	  ;\
                                	    XORI    #$40,   R0	  ; |- Set "Need ALD" bit in QT
                                	    MVO     R0,     IV.QT       ;/

                                  IF 1      ; debug code		;\
                                	    ANDI    #$40,   R0	  ; |   Debug code:  We should only
                                	    BNEQ    @@qtok	      ; |-- be here if "Need FIFO ALD" 
                                	    HLT     ;BUG!!	      ; |   was already clear.	 
                                @@qtok				  ;/    
                                  ENDI
                                	    JR      R5		  ; leave.

                                	    ENDP


                                ;; ======================================================================== ;;
                                ;;  NAME								    ;;
                                ;;      IV_PLAY     Play a voice sample sequence.			   ;;
                                ;;									  ;;
                                ;;  AUTHOR								  ;;
                                ;;      Joseph Zbiciak <intvnut AT gmail.com>			       ;;
                                ;;									  ;;
                                ;;  REVISION HISTORY							;;
                                ;;      15-Sep-2002 Initial revision . . . . . . . . . . .  J. Zbiciak      ;;
                                ;;									  ;;
                                ;;  INPUTS for IV_PLAY						      ;;
                                ;;      R5      Invocation record, followed by return address.	      ;;
                                ;;		  1 DECLE    Phrase number to play.		       ;;
                                ;;									  ;;
                                ;;  INPUTS for IV_PLAY.1						    ;;
                                ;;      R0      Address of phrase to play.				  ;;
                                ;;      R5      Return address					      ;;
                                ;;									  ;;
                                ;;  OUTPUTS								 ;;
                                ;;      R0, R1  trashed						     ;;
                                ;;      Z==0    if item not successfully queued.			    ;;
                                ;;      Z==1    if successfully queued.				     ;;
                                ;;									  ;;
                                ;;  NOTES								   ;;
                                ;;      This code will drop phrases if the queue is full.		   ;;
                                ;;      Phrase numbers 1..42 are RESROM samples.  43..255 will index	;;
                                ;;      into the user-supplied IV_PHRASE_TBL.  43 will refer to the	 ;;
                                ;;      first entry, 44 to the second, and so on.  Phrase 0 is undefined.   ;;
                                ;;									  ;;
                                ;; ------------------------------------------------------------------------ ;;
                                ;;		   Copyright (c) 2002, Joseph Zbiciak		     ;;
                                ;; ======================================================================== ;;
                                IV_PLAY     PROC
                                	    MVI@    R5,     R0

                                @@1:	; alternate entry point
                                	    MVI     IV.QT,  R1	  ; Get queue tail
                                	    SWAP    R1,     2	   ;\___ Leave if "no Intellivoice"
                                	    BMI     @@leave	     ;/    bit it set.
                                @@ok:       
                                	    DECR    R1		  ;\
                                	    ANDI    #$7,    R1	  ; |-- See if we still have room
                                	    CMP     IV.QH,  R1	  ;/
                                	    BEQ     @@leave	     ; Leave if we're full

                                @@2:	MVI     IV.QH,  R1	  ; Get our queue head pointer
                                	    PSHR    R1		  ;\
                                	    INCR    R1		  ; |
                                	    ANDI    #$F7,   R1	  ; |-- Increment it, removing
                                	    MVO     R1,     IV.QH       ; |   carry but preserving flags.
                                	    PULR    R1		  ;/

                                	    ADDI    #IV.Q,  R1	  ;\__ Store phrase to queue
                                	    MVO@    R0,     R1	  ;/

                                @@leave:    JR      R5		  ; Leave.
                                	    ENDP

                                ;; ======================================================================== ;;
                                ;;  NAME								    ;;
                                ;;      IV_PLAYW    Play a voice sample sequence.  Wait for queue room.     ;;
                                ;;									  ;;
                                ;;  AUTHOR								  ;;
                                ;;      Joseph Zbiciak <intvnut AT gmail.com>			       ;;
                                ;;									  ;;
                                ;;  REVISION HISTORY							;;
                                ;;      15-Sep-2002 Initial revision . . . . . . . . . . .  J. Zbiciak      ;;
                                ;;									  ;;
                                ;;  INPUTS for IV_PLAY						      ;;
                                ;;      R5      Invocation record, followed by return address.	      ;;
                                ;;		  1 DECLE    Phrase number to play.		       ;;
                                ;;									  ;;
                                ;;  INPUTS for IV_PLAY.1						    ;;
                                ;;      R0      Address of phrase to play.				  ;;
                                ;;      R5      Return address					      ;;
                                ;;									  ;;
                                ;;  OUTPUTS								 ;;
                                ;;      R0, R1  trashed						     ;;
                                ;;									  ;;
                                ;;  NOTES								   ;;
                                ;;      This code will wait for a queue slot to open if queue is full.      ;;
                                ;;      Phrase numbers 1..42 are RESROM samples.  43..255 will index	;;
                                ;;      into the user-supplied IV_PHRASE_TBL.  43 will refer to the	 ;;
                                ;;      first entry, 44 to the second, and so on.  Phrase 0 is undefined.   ;;
                                ;;									  ;;
                                ;; ------------------------------------------------------------------------ ;;
                                ;;		   Copyright (c) 2002, Joseph Zbiciak		     ;;
                                ;; ======================================================================== ;;
                                IV_PLAYW    PROC
                                	    MVI@    R5,     R0

                                @@1:	; alternate entry point
                                	    MVI     IV.QT,  R1	  ; Get queue tail
                                	    SWAP    R1,     2	   ;\___ Leave if "no Intellivoice"
                                	    BMI     IV_PLAY.leave       ;/    bit it set.
                                @@ok:       
                                	    DECR    R1		  ;\
                                	    ANDI    #$7,    R1	  ; |-- See if we still have room
                                	    CMP     IV.QH,  R1	  ;/
                                	    BEQ     @@1		 ; wait for room
                                	    B       IV_PLAY.2

                                	    ENDP

                                ;; ======================================================================== ;;
                                ;;  NAME								    ;;
                                ;;      IV_HUSH     Flush the speech queue, and hush the Intellivoice.      ;;
                                ;;									  ;;
                                ;;  AUTHOR								  ;;
                                ;;      Joseph Zbiciak <intvnut AT gmail.com>			       ;;
                                ;;									  ;;
                                ;;  REVISION HISTORY							;;
                                ;;      02-Feb-2018 Initial revision . . . . . . . . . . .  J. Zbiciak      ;;
                                ;;									  ;;
                                ;;  INPUTS for IV_HUSH						      ;;
                                ;;      None.							       ;;
                                ;;									  ;;
                                ;;  OUTPUTS								 ;;
                                ;;      R0 trashed.							 ;;
                                ;;									  ;;
                                ;;  NOTES								   ;;
                                ;;      Returns via IV_WAIT.						;;
                                ;;									  ;;
                                ;; ======================================================================== ;;
                                IV_HUSH:    PROC
                                	    MVI     IV.QH,  R0
                                	    SWAP    R0,     2
                                	    BMI     IV_WAIT.leave

                                	    DIS
                                	    ;; We can't stop a phrase segment that's being FIFOed down.
                                	    ;; We need to remember if we've committed to pushing ALD.
                                	    ;; We _can_ stop new phrase segments from going down, and _can_
                                	    ;; stop new phrases from being started.

                                	    ;; Set head pointer to indicate we've inserted one item.
                                	    MVI     IV.QH,  R0  ; Re-read, as an interrupt may have occurred
                                	    ANDI    #$F0,   R0
                                	    INCR    R0
                                	    MVO     R0,     IV.QH

                                	    ;; Reset tail pointer, keeping "need ALD" bit and other flags.
                                	    MVI     IV.QT,  R0
                                	    ANDI    #$F0,   R0
                                	    MVO     R0,     IV.QT

                                	    ;; Reset the phrase pointer, to stop a long phrase.
                                	    CLRR    R0
                                	    MVO     R0,     IV.PPTR

                                	    ;; Queue a PA1 in the queue.  Since we're can't guarantee the user
                                	    ;; has included resrom.asm, let's just use the raw number (5).
                                	    MVII    #5,     R0
                                	    MVO     R0,     IV.Q

                                	    ;; Re-enable interrupts and wait for Intellivoice to shut up.
                                	    ;;
                                	    ;; We can't just jump to IV_WAIT.q_loop, as we need to reload
                                	    ;; IV.QH into R0, and I'm really committed to only using R0.
                                ;	   JE      IV_WAIT
                                	    EIS
                                	    ; fallthrough into IV_WAIT
                                	    ENDP

                                ;; ======================================================================== ;;
                                ;;  NAME								    ;;
                                ;;      IV_WAIT     Wait for voice queue to empty.			  ;;
                                ;;									  ;;
                                ;;  AUTHOR								  ;;
                                ;;      Joseph Zbiciak <intvnut AT gmail.com>			       ;;
                                ;;									  ;;
                                ;;  REVISION HISTORY							;;
                                ;;      15-Sep-2002 Initial revision . . . . . . . . . . .  J. Zbiciak      ;;
                                ;;									  ;;
                                ;;  INPUTS for IV_WAIT						      ;;
                                ;;      R5      Return address					      ;;
                                ;;									  ;;
                                ;;  OUTPUTS								 ;;
                                ;;      R0      trashed.						    ;;
                                ;;									  ;;
                                ;;  NOTES								   ;;
                                ;;      This waits until the Intellivoice is nearly completely quiescent.   ;;
                                ;;      Some voice data may still be spoken from the last triggered	 ;;
                                ;;      phrase.  To truly wait for *that* to be spoken, speak a 'pause'     ;;
                                ;;      (eg. RESROM.pa1) and then call IV_WAIT.			     ;;
                                ;; ------------------------------------------------------------------------ ;;
                                ;;		   Copyright (c) 2002, Joseph Zbiciak		     ;;
                                ;; ======================================================================== ;;
                                IV_WAIT     PROC
                                	    MVI     IV.QH,  R0
                                	    CMPI    #$80, R0	    ; test bit 7, leave if set.
                                	    BC      @@leave

                                	    ; Wait for queue to drain.
                                @@q_loop:   CMP     IV.QT,  R0
                                	    BNEQ    @@q_loop

                                	    ; Wait for FIFO and LRQ to say ready.
                                @@s_loop:   MVI     $81,    R0	  ; Read FIFO status.  0 == ready.
                                	    COMR    R0
                                	    AND     $80,    R0	  ; Merge w/ ALD status.  1 == ready
                                	    TSTR    R0
                                	    BPL     @@s_loop	    ; if bit 15 == 0, not ready.
                                	    
                                @@leave:    JR      R5
                                	    ENDP

                                ;; ======================================================================== ;;
                                ;;  End of File:  ivoice.asm						;;
                                ;; ======================================================================== ;;

                                ;* ======================================================================== *;
                                ;*  These routines are placed into the public domain by their author.  All  *;
                                ;*  copyright rights are hereby relinquished on the routines and data in    *;
                                ;*  this file.  -- Joseph Zbiciak, 2008				     *;
                                ;* ======================================================================== *;

                                ;; ======================================================================== ;;
                                ;;  NAME								    ;;
                                ;;      IV_SAYNUM16 Say a 16-bit unsigned number using RESROM digits	;;
                                ;;									  ;;
                                ;;  AUTHOR								  ;;
                                ;;      Joseph Zbiciak <intvnut AT gmail.com>			       ;;
                                ;;									  ;;
                                ;;  REVISION HISTORY							;;
                                ;;      16-Sep-2002 Initial revision . . . . . . . . . . .  J. Zbiciak      ;;
                                ;;									  ;;
                                ;;  INPUTS for IV_SAYNUM16						  ;;
                                ;;      R0      Number to "speak"					   ;;
                                ;;      R5      Return address					      ;;
                                ;;									  ;;
                                ;;  OUTPUTS								 ;;
                                ;;									  ;;
                                ;;  DESCRIPTION							     ;;
                                ;;      "Says" a 16-bit number using IV_PLAYW to queue up the phrase.       ;;
                                ;;      Because the number may be built from several segments, it could     ;;
                                ;;      easily eat up the queue.  I believe the longest number will take    ;;
                                ;;      7 queue entries -- that is, fill the queue.  Thus, this code	;;
                                ;;      could block, waiting for slots in the queue.			;;
                                ;; ======================================================================== ;;

                                IV_SAYNUM16 PROC
                                	    PSHR    R5

                                	    TSTR    R0
                                	    BEQ     @@zero	  ; Special case:  Just say "zero"

                                	    ;; ------------------------------------------------------------ ;;
                                	    ;;  First, try to pull off 'thousands'.  We call ourselves      ;;
                                	    ;;  recursively to play the the number of thousands.	    ;;
                                	    ;; ------------------------------------------------------------ ;;
                                	    CLRR    R1
                                @@thloop:   INCR    R1
                                	    SUBI    #1000,  R0
                                	    BC      @@thloop

                                	    ADDI    #1000,  R0
                                	    PSHR    R0
                                	    DECR    R1
                                	    BEQ     @@no_thousand

                                	    CALL    IV_SAYNUM16.recurse

                                	    CALL    IV_PLAYW
                                	    DECLE   36  ; THOUSAND
                                	    
                                @@no_thousand
                                	    PULR    R1

                                	    ;; ------------------------------------------------------------ ;;
                                	    ;;  Now try to play hundreds.				   ;;
                                	    ;; ------------------------------------------------------------ ;;
                                	    MVII    #7-1, R0    ; ZERO
                                	    CMPI    #100,   R1
                                	    BNC     @@no_hundred

                                @@hloop:    INCR    R0
                                	    SUBI    #100,   R1
                                	    BC      @@hloop
                                	    ADDI    #100,   R1

                                	    PSHR    R1

                                	    CALL    IV_PLAYW.1

                                	    CALL    IV_PLAYW
                                	    DECLE   35  ; HUNDRED

                                	    PULR    R1
                                	    B       @@notrecurse    ; skip "PSHR R5"
                                @@recurse:  PSHR    R5	      ; recursive entry point for 'thousand'

                                @@no_hundred:
                                @@notrecurse:
                                	    MOVR    R1,     R0
                                	    BEQ     @@leave

                                	    SUBI    #20,    R1
                                	    BNC     @@teens

                                	    MVII    #27-1, R0   ; TWENTY
                                @@tyloop    INCR    R0
                                	    SUBI    #10,    R1
                                	    BC      @@tyloop
                                	    ADDI    #10,    R1

                                	    PSHR    R1
                                	    CALL    IV_PLAYW.1

                                	    PULR    R0
                                	    TSTR    R0
                                	    BEQ     @@leave

                                @@teens:
                                @@zero:     ADDI    #7, R0  ; ZERO

                                	    CALL    IV_PLAYW.1

                                @@leave     PULR    PC
                                	    ENDP

                                ;; ======================================================================== ;;
                                ;;  End of File:  saynum16.asm					      ;;
                                ;; ======================================================================== ;;

                                IV_INIT_and_wait:     EQU IV_INIT

                                    ELSE

0x6C1E                          IV_INIT_and_wait:     EQU _wait	; No voice init; just WAIT.

                                    ENDI

                                	IF DEFINED intybasic_flash

                                ;; ======================================================================== ;;
                                ;;  JLP "Save Game" support						 ;;
                                ;; ======================================================================== ;;
                                JF.first    EQU     $8023
                                JF.last     EQU     $8024
                                JF.addr     EQU     $8025
                                JF.row      EQU     $8026
                                		   
                                JF.wrcmd    EQU     $802D
                                JF.rdcmd    EQU     $802E
                                JF.ercmd    EQU     $802F
                                JF.wrkey    EQU     $C0DE
                                JF.rdkey    EQU     $DEC0
                                JF.erkey    EQU     $BEEF

                                JF.write:   DECLE   JF.wrcmd,   JF.wrkey    ; Copy JLP RAM to flash row  
                                JF.read:    DECLE   JF.rdcmd,   JF.rdkey    ; Copy flash row to JLP RAM  
                                JF.erase:   DECLE   JF.ercmd,   JF.erkey    ; Erase flash sector 

                                ;; ======================================================================== ;;
                                ;;  JF.INIT	 Copy JLP save-game support routine to System RAM	;;
                                ;; ======================================================================== ;;
                                JF.INIT     PROC
                                	    PSHR    R5	    
                                	    MVII    #@@__code,  R5
                                	    MVII    #JF.SYSRAM, R4
                                	    REPEAT  5       
                                	    MVI@    R5,	 R0      ; \_ Copy code fragment to System RAM
                                	    MVO@    R0,	 R4      ; /
                                	    ENDR
                                	    PULR    PC

                                	    ;; === start of code that will run from RAM
                                @@__code:   MVO@    R0,	 R1      ; JF.SYSRAM + 0: initiate command
                                	    ADD@    R1,	 PC      ; JF.SYSRAM + 1: Wait for JLP to return
                                	    JR      R5		  ; JF.SYSRAM + 2:
                                	    MVO@    R2,	 R2      ; JF.SYSRAM + 3: \__ simple ISR
                                	    JR      R5		  ; JF.SYSRAM + 4: /
                                	    ;; === end of code that will run from RAM
                                	    ENDP

                                ;; ======================================================================== ;;
                                ;;  JF.CMD	  Issue a JLP Flash command			       ;;
                                ;;									  ;;
                                ;;  INPUT								   ;;
                                ;;      R0  Slot number to operate on				       ;;
                                ;;      R1  Address to copy to/from in JLP RAM			      ;;
                                ;;      @R5 Command to invoke:					      ;;
                                ;;									  ;;
                                ;;	      JF.write -- Copy JLP RAM to Flash			   ;;
                                ;;	      JF.read  -- Copy Flash to JLP RAM			   ;;
                                ;;	      JF.erase -- Erase flash sector			      ;;
                                ;;									  ;;
                                ;;  OUTPUT								  ;;
                                ;;      R0 - R4 not modified.  (Saved and restored across call)	     ;;
                                ;;      JLP command executed						;;
                                ;;									  ;;
                                ;;  NOTES								   ;;
                                ;;      This code requires two short routines in the console's System RAM.  ;;
                                ;;      It also requires that the system stack reside in System RAM.	;;
                                ;;      Because an interrupt may occur during the code's execution, there   ;;
                                ;;      must be sufficient stack space to service the interrupt (8 words).  ;;
                                ;;									  ;;
                                ;;      The code also relies on the fact that the EXEC ISR dispatch does    ;;
                                ;;      not modify R2.  This allows us to initialize R2 for the ISR ahead   ;;
                                ;;      of time, rather than in the ISR.				    ;;
                                ;; ======================================================================== ;;
                                JF.CMD      PROC

                                	    MVO     R4,	 JF.SV.R4    ; \
                                	    MVII    #JF.SV.R0,  R4	  ;  |
                                	    MVO@    R0,	 R4	  ;  |- Save registers, but not on
                                	    MVO@    R1,	 R4	  ;  |  the stack.  (limit stack use)
                                	    MVO@    R2,	 R4	  ; /

                                	    MVI@    R5,	 R4	  ; Get command to invoke

                                	    MVO     R5,	 JF.SV.R5    ; save return address

                                	    DIS
                                	    MVO     R1,	 JF.addr     ; \_ Save SG arguments in JLP
                                	    MVO     R0,	 JF.row      ; /
                                					  
                                	    MVI@    R4,	 R1	  ; Get command address
                                	    MVI@    R4,	 R0	  ; Get unlock word
                                					  
                                	    MVII    #$100,      R4	  ; \
                                	    SDBD			    ;  |_ Save old ISR in save area
                                	    MVI@    R4,	 R2	  ;  |
                                	    MVO     R2,	 JF.SV.ISR   ; /
                                					  
                                	    MVII    #JF.SYSRAM + 3, R2      ; \
                                	    MVO     R2,	 $100	;  |_ Set up new ISR in RAM
                                	    SWAP    R2		      ;  |
                                	    MVO     R2,	 $101	; / 
                                					  
                                	    MVII    #$20,       R2	  ; Address of STIC handshake
                                	    JSRE    R5,  JF.SYSRAM	  ; Invoke the command
                                					  
                                	    MVI     JF.SV.ISR,  R2	  ; \
                                	    MVO     R2,	 $100	;  |_ Restore old ISR 
                                	    SWAP    R2		      ;  |
                                	    MVO     R2,	 $101	; /
                                					  
                                	    MVII    #JF.SV.R0,  R5	  ; \
                                	    MVI@    R5,	 R0	  ;  |
                                	    MVI@    R5,	 R1	  ;  |- Restore registers
                                	    MVI@    R5,	 R2	  ;  |
                                	    MVI@    R5,	 R4	  ; /
                                	    MVI@    R5,	 PC	  ; Return

                                	    ENDP


                                	ENDI

                                	IF DEFINED intybasic_fastmult

                                ; Quarter Square Multiplication
                                ; Assembly code by Joe Zbiciak, 2015
                                ; Released to public domain.

                                QSQR8_TBL:  PROC
                                	    DECLE   $3F80, $3F01, $3E82, $3E04, $3D86, $3D09, $3C8C, $3C10
                                	    DECLE   $3B94, $3B19, $3A9E, $3A24, $39AA, $3931, $38B8, $3840
                                	    DECLE   $37C8, $3751, $36DA, $3664, $35EE, $3579, $3504, $3490
                                	    DECLE   $341C, $33A9, $3336, $32C4, $3252, $31E1, $3170, $3100
                                	    DECLE   $3090, $3021, $2FB2, $2F44, $2ED6, $2E69, $2DFC, $2D90
                                	    DECLE   $2D24, $2CB9, $2C4E, $2BE4, $2B7A, $2B11, $2AA8, $2A40
                                	    DECLE   $29D8, $2971, $290A, $28A4, $283E, $27D9, $2774, $2710
                                	    DECLE   $26AC, $2649, $25E6, $2584, $2522, $24C1, $2460, $2400
                                	    DECLE   $23A0, $2341, $22E2, $2284, $2226, $21C9, $216C, $2110
                                	    DECLE   $20B4, $2059, $1FFE, $1FA4, $1F4A, $1EF1, $1E98, $1E40
                                	    DECLE   $1DE8, $1D91, $1D3A, $1CE4, $1C8E, $1C39, $1BE4, $1B90
                                	    DECLE   $1B3C, $1AE9, $1A96, $1A44, $19F2, $19A1, $1950, $1900
                                	    DECLE   $18B0, $1861, $1812, $17C4, $1776, $1729, $16DC, $1690
                                	    DECLE   $1644, $15F9, $15AE, $1564, $151A, $14D1, $1488, $1440
                                	    DECLE   $13F8, $13B1, $136A, $1324, $12DE, $1299, $1254, $1210
                                	    DECLE   $11CC, $1189, $1146, $1104, $10C2, $1081, $1040, $1000
                                	    DECLE   $0FC0, $0F81, $0F42, $0F04, $0EC6, $0E89, $0E4C, $0E10
                                	    DECLE   $0DD4, $0D99, $0D5E, $0D24, $0CEA, $0CB1, $0C78, $0C40
                                	    DECLE   $0C08, $0BD1, $0B9A, $0B64, $0B2E, $0AF9, $0AC4, $0A90
                                	    DECLE   $0A5C, $0A29, $09F6, $09C4, $0992, $0961, $0930, $0900
                                	    DECLE   $08D0, $08A1, $0872, $0844, $0816, $07E9, $07BC, $0790
                                	    DECLE   $0764, $0739, $070E, $06E4, $06BA, $0691, $0668, $0640
                                	    DECLE   $0618, $05F1, $05CA, $05A4, $057E, $0559, $0534, $0510
                                	    DECLE   $04EC, $04C9, $04A6, $0484, $0462, $0441, $0420, $0400
                                	    DECLE   $03E0, $03C1, $03A2, $0384, $0366, $0349, $032C, $0310
                                	    DECLE   $02F4, $02D9, $02BE, $02A4, $028A, $0271, $0258, $0240
                                	    DECLE   $0228, $0211, $01FA, $01E4, $01CE, $01B9, $01A4, $0190
                                	    DECLE   $017C, $0169, $0156, $0144, $0132, $0121, $0110, $0100
                                	    DECLE   $00F0, $00E1, $00D2, $00C4, $00B6, $00A9, $009C, $0090
                                	    DECLE   $0084, $0079, $006E, $0064, $005A, $0051, $0048, $0040
                                	    DECLE   $0038, $0031, $002A, $0024, $001E, $0019, $0014, $0010
                                	    DECLE   $000C, $0009, $0006, $0004, $0002, $0001, $0000
                                @@mid:
                                	    DECLE   $0000, $0000, $0001, $0002, $0004, $0006, $0009, $000C
                                	    DECLE   $0010, $0014, $0019, $001E, $0024, $002A, $0031, $0038
                                	    DECLE   $0040, $0048, $0051, $005A, $0064, $006E, $0079, $0084
                                	    DECLE   $0090, $009C, $00A9, $00B6, $00C4, $00D2, $00E1, $00F0
                                	    DECLE   $0100, $0110, $0121, $0132, $0144, $0156, $0169, $017C
                                	    DECLE   $0190, $01A4, $01B9, $01CE, $01E4, $01FA, $0211, $0228
                                	    DECLE   $0240, $0258, $0271, $028A, $02A4, $02BE, $02D9, $02F4
                                	    DECLE   $0310, $032C, $0349, $0366, $0384, $03A2, $03C1, $03E0
                                	    DECLE   $0400, $0420, $0441, $0462, $0484, $04A6, $04C9, $04EC
                                	    DECLE   $0510, $0534, $0559, $057E, $05A4, $05CA, $05F1, $0618
                                	    DECLE   $0640, $0668, $0691, $06BA, $06E4, $070E, $0739, $0764
                                	    DECLE   $0790, $07BC, $07E9, $0816, $0844, $0872, $08A1, $08D0
                                	    DECLE   $0900, $0930, $0961, $0992, $09C4, $09F6, $0A29, $0A5C
                                	    DECLE   $0A90, $0AC4, $0AF9, $0B2E, $0B64, $0B9A, $0BD1, $0C08
                                	    DECLE   $0C40, $0C78, $0CB1, $0CEA, $0D24, $0D5E, $0D99, $0DD4
                                	    DECLE   $0E10, $0E4C, $0E89, $0EC6, $0F04, $0F42, $0F81, $0FC0
                                	    DECLE   $1000, $1040, $1081, $10C2, $1104, $1146, $1189, $11CC
                                	    DECLE   $1210, $1254, $1299, $12DE, $1324, $136A, $13B1, $13F8
                                	    DECLE   $1440, $1488, $14D1, $151A, $1564, $15AE, $15F9, $1644
                                	    DECLE   $1690, $16DC, $1729, $1776, $17C4, $1812, $1861, $18B0
                                	    DECLE   $1900, $1950, $19A1, $19F2, $1A44, $1A96, $1AE9, $1B3C
                                	    DECLE   $1B90, $1BE4, $1C39, $1C8E, $1CE4, $1D3A, $1D91, $1DE8
                                	    DECLE   $1E40, $1E98, $1EF1, $1F4A, $1FA4, $1FFE, $2059, $20B4
                                	    DECLE   $2110, $216C, $21C9, $2226, $2284, $22E2, $2341, $23A0
                                	    DECLE   $2400, $2460, $24C1, $2522, $2584, $25E6, $2649, $26AC
                                	    DECLE   $2710, $2774, $27D9, $283E, $28A4, $290A, $2971, $29D8
                                	    DECLE   $2A40, $2AA8, $2B11, $2B7A, $2BE4, $2C4E, $2CB9, $2D24
                                	    DECLE   $2D90, $2DFC, $2E69, $2ED6, $2F44, $2FB2, $3021, $3090
                                	    DECLE   $3100, $3170, $31E1, $3252, $32C4, $3336, $33A9, $341C
                                	    DECLE   $3490, $3504, $3579, $35EE, $3664, $36DA, $3751, $37C8
                                	    DECLE   $3840, $38B8, $3931, $39AA, $3A24, $3A9E, $3B19, $3B94
                                	    DECLE   $3C10, $3C8C, $3D09, $3D86, $3E04, $3E82, $3F01, $3F80
                                	    DECLE   $4000, $4080, $4101, $4182, $4204, $4286, $4309, $438C
                                	    DECLE   $4410, $4494, $4519, $459E, $4624, $46AA, $4731, $47B8
                                	    DECLE   $4840, $48C8, $4951, $49DA, $4A64, $4AEE, $4B79, $4C04
                                	    DECLE   $4C90, $4D1C, $4DA9, $4E36, $4EC4, $4F52, $4FE1, $5070
                                	    DECLE   $5100, $5190, $5221, $52B2, $5344, $53D6, $5469, $54FC
                                	    DECLE   $5590, $5624, $56B9, $574E, $57E4, $587A, $5911, $59A8
                                	    DECLE   $5A40, $5AD8, $5B71, $5C0A, $5CA4, $5D3E, $5DD9, $5E74
                                	    DECLE   $5F10, $5FAC, $6049, $60E6, $6184, $6222, $62C1, $6360
                                	    DECLE   $6400, $64A0, $6541, $65E2, $6684, $6726, $67C9, $686C
                                	    DECLE   $6910, $69B4, $6A59, $6AFE, $6BA4, $6C4A, $6CF1, $6D98
                                	    DECLE   $6E40, $6EE8, $6F91, $703A, $70E4, $718E, $7239, $72E4
                                	    DECLE   $7390, $743C, $74E9, $7596, $7644, $76F2, $77A1, $7850
                                	    DECLE   $7900, $79B0, $7A61, $7B12, $7BC4, $7C76, $7D29, $7DDC
                                	    DECLE   $7E90, $7F44, $7FF9, $80AE, $8164, $821A, $82D1, $8388
                                	    DECLE   $8440, $84F8, $85B1, $866A, $8724, $87DE, $8899, $8954
                                	    DECLE   $8A10, $8ACC, $8B89, $8C46, $8D04, $8DC2, $8E81, $8F40
                                	    DECLE   $9000, $90C0, $9181, $9242, $9304, $93C6, $9489, $954C
                                	    DECLE   $9610, $96D4, $9799, $985E, $9924, $99EA, $9AB1, $9B78
                                	    DECLE   $9C40, $9D08, $9DD1, $9E9A, $9F64, $A02E, $A0F9, $A1C4
                                	    DECLE   $A290, $A35C, $A429, $A4F6, $A5C4, $A692, $A761, $A830
                                	    DECLE   $A900, $A9D0, $AAA1, $AB72, $AC44, $AD16, $ADE9, $AEBC
                                	    DECLE   $AF90, $B064, $B139, $B20E, $B2E4, $B3BA, $B491, $B568
                                	    DECLE   $B640, $B718, $B7F1, $B8CA, $B9A4, $BA7E, $BB59, $BC34
                                	    DECLE   $BD10, $BDEC, $BEC9, $BFA6, $C084, $C162, $C241, $C320
                                	    DECLE   $C400, $C4E0, $C5C1, $C6A2, $C784, $C866, $C949, $CA2C
                                	    DECLE   $CB10, $CBF4, $CCD9, $CDBE, $CEA4, $CF8A, $D071, $D158
                                	    DECLE   $D240, $D328, $D411, $D4FA, $D5E4, $D6CE, $D7B9, $D8A4
                                	    DECLE   $D990, $DA7C, $DB69, $DC56, $DD44, $DE32, $DF21, $E010
                                	    DECLE   $E100, $E1F0, $E2E1, $E3D2, $E4C4, $E5B6, $E6A9, $E79C
                                	    DECLE   $E890, $E984, $EA79, $EB6E, $EC64, $ED5A, $EE51, $EF48
                                	    DECLE   $F040, $F138, $F231, $F32A, $F424, $F51E, $F619, $F714
                                	    DECLE   $F810, $F90C, $FA09, $FB06, $FC04, $FD02, $FE01
                                	    ENDP

                                ; R0 = R0 * R1, where R0 and R1 are unsigned 8-bit values
                                ; Destroys R1, R4
                                qs_mpy8:    PROC
                                	    MOVR    R0,	     R4      ;   6
                                	    ADDI    #QSQR8_TBL.mid, R1      ;   8
                                	    ADDR    R1,	     R4      ;   6   a + b
                                	    SUBR    R0,	     R1      ;   6   a - b
                                @@ok:       MVI@    R4,	     R0      ;   8
                                	    SUB@    R1,	     R0      ;   8
                                	    JR      R5		      ;   7
                                					    ;----
                                					    ;  49
                                	    ENDP
                                	    

                                ; R1 = R0 * R1, where R0 and R1 are 16-bit values
                                ; destroys R0, R2, R3, R4, R5
                                qs_mpy16:   PROC
                                	    PSHR    R5		  ;   9
                                				   
                                	    ; Unpack lo/hi
                                	    MOVR    R0,	 R2      ;   6   
                                	    ANDI    #$FF,       R0      ;   8   R0 is lo(a)
                                	    XORR    R0,	 R2      ;   6   
                                	    SWAP    R2		  ;   6   R2 is hi(a)

                                	    MOVR    R1,	 R3      ;   6   R3 is orig 16-bit b
                                	    ANDI    #$FF,       R1      ;   8   R1 is lo(b)
                                	    MOVR    R1,	 R5      ;   6   R5 is lo(b)
                                	    XORR    R1,	 R3      ;   6   
                                	    SWAP    R3		  ;   6   R3 is hi(b)
                                					;----
                                					;  67
                                					
                                	    ; lo * lo		   
                                	    MOVR    R0,	 R4      ;   6   R4 is lo(a)
                                	    ADDI    #QSQR8_TBL.mid, R1  ;   8
                                	    ADDR    R1,	 R4      ;   6   R4 = lo(a) + lo(b)
                                	    SUBR    R0,	 R1      ;   6   R1 = lo(a) - lo(b)
                                					
                                @@pos_ll:   MVI@    R4,	 R4      ;   8   R4 = qstbl[lo(a)+lo(b)]
                                	    SUB@    R1,	 R4      ;   8   R4 = lo(a)*lo(b)
                                					;----
                                					;  42
                                					;  67 (carried forward)
                                					;----
                                					; 109
                                				       
                                	    ; lo * hi		  
                                	    MOVR    R0,	 R1      ;   6   R0 = R1 = lo(a)
                                	    ADDI    #QSQR8_TBL.mid, R3  ;   8
                                	    ADDR    R3,	 R1      ;   6   R1 = hi(b) + lo(a)
                                	    SUBR    R0,	 R3      ;   6   R3 = hi(b) - lo(a)
                                				       
                                @@pos_lh:   MVI@    R1,	 R1      ;   8   R1 = qstbl[hi(b)-lo(a)]
                                	    SUB@    R3,	 R1      ;   8   R1 = lo(a)*hi(b)
                                					;----
                                					;  42
                                					; 109 (carried forward)
                                					;----
                                					; 151
                                				       
                                	    ; hi * lo		  
                                	    MOVR    R5,	 R0      ;   6   R5 = R0 = lo(b)
                                	    ADDI    #QSQR8_TBL.mid, R2  ;   8
                                	    ADDR    R2,	 R5      ;   6   R3 = hi(a) + lo(b)
                                	    SUBR    R0,	 R2      ;   6   R2 = hi(a) - lo(b)
                                				       
                                @@pos_hl:   ADD@    R5,	 R1      ;   8   \_ R1 = lo(a)*hi(b)+hi(a)*lo(b)
                                	    SUB@    R2,	 R1      ;   8   /
                                					;----
                                					;  42
                                					; 151 (carried forward)
                                					;----
                                					; 193
                                				       
                                	    SWAP    R1		  ;   6   \_ shift upper product left 8
                                	    ANDI    #$FF00,     R1      ;   8   /
                                	    ADDR    R4,	 R1      ;   6   final product
                                	    PULR    PC		  ;  12
                                					;----
                                					;  32
                                					; 193 (carried forward)
                                					;----
                                					; 225
                                	    ENDP

                                	ENDI

                                	IF DEFINED intybasic_fastdiv

                                ; Fast unsigned division/remainder
                                ; Assembly code by Oscar Toledo G. Jul/10/2015
                                ; Released to public domain.

                                	; Ultrafast unsigned division/remainder operation
                                	; Entry: R0 = Dividend
                                	;	R1 = Divisor
                                	; Output: R0 = Quotient
                                	;	 R2 = Remainder
                                	; Worst case: 6 + 6 + 9 + 496 = 517 cycles
                                	; Best case: 6 + (6 + 7) * 16 = 214 cycles

                                uf_udiv16:	PROC
                                	CLRR R2		; 6
                                	SLLC R0,1	; 6
                                	BC @@1		; 7/9
                                	SLLC R0,1	; 6
                                	BC @@2		; 7/9
                                	SLLC R0,1	; 6
                                	BC @@3		; 7/9
                                	SLLC R0,1	; 6
                                	BC @@4		; 7/9
                                	SLLC R0,1	; 6
                                	BC @@5		; 7/9
                                	SLLC R0,1	; 6
                                	BC @@6		; 7/9
                                	SLLC R0,1	; 6
                                	BC @@7		; 7/9
                                	SLLC R0,1	; 6
                                	BC @@8		; 7/9
                                	SLLC R0,1	; 6
                                	BC @@9		; 7/9
                                	SLLC R0,1	; 6
                                	BC @@10		; 7/9
                                	SLLC R0,1	; 6
                                	BC @@11		; 7/9
                                	SLLC R0,1	; 6
                                	BC @@12		; 7/9
                                	SLLC R0,1	; 6
                                	BC @@13		; 7/9
                                	SLLC R0,1	; 6
                                	BC @@14		; 7/9
                                	SLLC R0,1	; 6
                                	BC @@15		; 7/9
                                	SLLC R0,1	; 6
                                	BC @@16		; 7/9
                                	JR R5

                                @@1:	RLC R2,1	; 6
                                	CMPR R1,R2	; 6
                                	BNC $+3		; 7/9
                                	SUBR R1,R2	; 6
                                	RLC R0,1	; 6
                                @@2:	RLC R2,1	; 6
                                	CMPR R1,R2	; 6
                                	BNC $+3		; 7/9
                                	SUBR R1,R2	; 6
                                	RLC R0,1	; 6
                                @@3:	RLC R2,1	; 6
                                	CMPR R1,R2	; 6
                                	BNC $+3		; 7/9
                                	SUBR R1,R2	; 6
                                	RLC R0,1	; 6
                                @@4:	RLC R2,1	; 6
                                	CMPR R1,R2	; 6
                                	BNC $+3		; 7/9
                                	SUBR R1,R2	; 6
                                	RLC R0,1	; 6
                                @@5:	RLC R2,1	; 6
                                	CMPR R1,R2	; 6
                                	BNC $+3		; 7/9
                                	SUBR R1,R2	; 6
                                	RLC R0,1	; 6
                                @@6:	RLC R2,1	; 6
                                	CMPR R1,R2	; 6
                                	BNC $+3		; 7/9
                                	SUBR R1,R2	; 6
                                	RLC R0,1	; 6
                                @@7:	RLC R2,1	; 6
                                	CMPR R1,R2	; 6
                                	BNC $+3		; 7/9
                                	SUBR R1,R2	; 6
                                	RLC R0,1	; 6
                                @@8:	RLC R2,1	; 6
                                	CMPR R1,R2	; 6
                                	BNC $+3		; 7/9
                                	SUBR R1,R2	; 6
                                	RLC R0,1	; 6
                                @@9:	RLC R2,1	; 6
                                	CMPR R1,R2	; 6
                                	BNC $+3		; 7/9
                                	SUBR R1,R2	; 6
                                	RLC R0,1	; 6
                                @@10:	RLC R2,1	; 6
                                	CMPR R1,R2	; 6
                                	BNC $+3		; 7/9
                                	SUBR R1,R2	; 6
                                	RLC R0,1	; 6
                                @@11:	RLC R2,1	; 6
                                	CMPR R1,R2	; 6
                                	BNC $+3		; 7/9
                                	SUBR R1,R2	; 6
                                	RLC R0,1	; 6
                                @@12:	RLC R2,1	; 6
                                	CMPR R1,R2	; 6
                                	BNC $+3		; 7/9
                                	SUBR R1,R2	; 6
                                	RLC R0,1	; 6
                                @@13:	RLC R2,1	; 6
                                	CMPR R1,R2	; 6
                                	BNC $+3		; 7/9
                                	SUBR R1,R2	; 6
                                	RLC R0,1	; 6
                                @@14:	RLC R2,1	; 6
                                	CMPR R1,R2	; 6
                                	BNC $+3		; 7/9
                                	SUBR R1,R2	; 6
                                	RLC R0,1	; 6
                                @@15:	RLC R2,1	; 6
                                	CMPR R1,R2	; 6
                                	BNC $+3		; 7/9
                                	SUBR R1,R2	; 6
                                	RLC R0,1	; 6
                                @@16:	RLC R2,1	; 6
                                	CMPR R1,R2	; 6
                                	BNC $+3		; 7/9
                                	SUBR R1,R2	; 6
                                	RLC R0,1	; 6
                                	JR R5
                                	
                                	ENDP

                                	ENDI

                                	IF DEFINED intybasic_ecs
                                	ORG $4800	; Available up to $4FFF

                                	; Disable ECS ROMs so that they don't conflict with us
                                	MVII    #$2A5F, R0
                                	MVO     R0,     $2FFF
                                	MVII    #$7A5F, R0
                                	MVO     R0,     $7FFF
                                	MVII    #$EA5F, R0
                                	MVO     R0,     $EFFF

                                	B       $1041       ; resume boot

                                	ENDI

0x200                           	ORG $200,$200,"-RWB"

0x200                           Q2:	; Reserved label for #BACKTAB

0x319                           	ORG $319,$319,"-RWB"
                                	;
                                	; 16-bits variables
                                	; Note IntyBASIC variables grow up starting in $308.
                                	;
                                	IF DEFINED intybasic_voice
                                IV.Q:      RMB 8    ; IV_xxx	16-bit	  Voice queue  (8 words)
                                IV.FPTR:   RMB 1    ; IV_xxx	16-bit	  Current FIFO ptr.
                                IV.PPTR:   RMB 1    ; IV_xxx	16-bit	  Current Phrase ptr.
                                	ENDI

0x323                           	ORG $323,$323,"-RWB"

0x323                           _scroll_buffer: RMB 20  ; Sometimes this is unused
0x337                           _music_gosub:	RMB 1	; GOSUB pointer
0x338                           _music_table:	RMB 1	; Note table
0x339                           _music_p:	RMB 1	; Pointer to music
0x33A                           _frame:	 RMB 1   ; Current frame
0x33B                           _read:	  RMB 1   ; Pointer to DATA
0x33C                           _gram_bitmap:   RMB 1   ; Bitmap for definition
0x33D                           _gram2_bitmap:  RMB 1   ; Secondary bitmap for definition
0x33E                           _screen:    RMB 1       ; Pointer to current screen position
0x33F                           _color:     RMB 1       ; Current color

0x340                           _col0:      RMB 1       ; Collision status for MOB0
0x341                           _col1:      RMB 1       ; Collision status for MOB1
0x342                           _col2:      RMB 1       ; Collision status for MOB2
0x343                           _col3:      RMB 1       ; Collision status for MOB3
0x344                           _col4:      RMB 1       ; Collision status for MOB4
0x345                           _col5:      RMB 1       ; Collision status for MOB5
0x346                           _col6:      RMB 1       ; Collision status for MOB6
0x347                           _col7:      RMB 1       ; Collision status for MOB7

0x348                           Q1:			; Reserved label for #MOBSHADOW
0x348                           _mobs:      RMB 3*8     ; MOB buffer

0x100                           SCRATCH:    ORG $100,$100,"-RWBN"
                                	;
                                	; 8-bits variables
                                	;
0x100                           ISRVEC:     RMB 2       ; Pointer to ISR vector (required by Intellivision ROM)
0x102                           _int:       RMB 1       ; Signals interrupt received
0x103                           _ntsc:      RMB 1       ; bit 0 = 1=NTSC, 0=PAL. Bit 1 = 1=ECS detected.
0x104                           _rand:      RMB 1       ; Pseudo-random value
0x105                           _gram_target:   RMB 1   ; Contains GRAM card number
0x106                           _gram_total:    RMB 1   ; Contains total GRAM cards for definition
0x107                           _gram2_target:  RMB 1   ; Contains GRAM card number
0x108                           _gram2_total:   RMB 1   ; Contains total GRAM cards for definition
0x109                           _mode_select:   RMB 1   ; Graphics mode selection
0x10A                           _border_color:  RMB 1   ; Border color
0x10B                           _border_mask:   RMB 1   ; Border mask
                                    IF DEFINED intybasic_keypad
0x10C                           _cnt1_p0:   RMB 1       ; Debouncing 1
0x10D                           _cnt1_p1:   RMB 1       ; Debouncing 2
0x10E                           _cnt1_key:  RMB 1       ; Currently pressed key
0x10F                           _cnt2_p0:   RMB 1       ; Debouncing 1
0x110                           _cnt2_p1:   RMB 1       ; Debouncing 2
0x111                           _cnt2_key:  RMB 1       ; Currently pressed key
                                    ENDI
                                    IF DEFINED intybasic_scroll
                                _scroll_x:  RMB 1       ; Scroll X offset
                                _scroll_y:  RMB 1       ; Scroll Y offset
                                _scroll_d:  RMB 1       ; Scroll direction
                                    ENDI
                                    IF DEFINED intybasic_music
                                _music_start:	RMB 2	; Start of music

                                _music_mode: RMB 1      ; Music mode (0= Not using PSG, 2= Simple, 4= Full, add 1 if using noise channel for drums)
                                _music_frame: RMB 1     ; Music frame (for 50 hz fixed)
                                _music_tc:  RMB 1       ; Time counter
                                _music_t:   RMB 1       ; Time base
                                _music_i1:  RMB 1       ; Instrument 1 
                                _music_s1:  RMB 1       ; Sample pointer 1
                                _music_n1:  RMB 1       ; Note 1
                                _music_i2:  RMB 1       ; Instrument 2
                                _music_s2:  RMB 1       ; Sample pointer 2
                                _music_n2:  RMB 1       ; Note 2
                                _music_i3:  RMB 1       ; Instrument 3
                                _music_s3:  RMB 1       ; Sample pointer 3
                                _music_n3:  RMB 1       ; Note 3
                                _music_s4:  RMB 1       ; Sample pointer 4
                                _music_n4:  RMB 1       ; Note 4 (really it's drum)

                                _music_freq10:	RMB 1   ; Low byte frequency A
                                _music_freq20:	RMB 1   ; Low byte frequency B
                                _music_freq30:	RMB 1   ; Low byte frequency C
                                _music_freq11:	RMB 1   ; High byte frequency A
                                _music_freq21:	RMB 1   ; High byte frequency B
                                _music_freq31:	RMB 1   ; High byte frequency C
                                _music_mix:	RMB 1   ; Mixer
                                _music_noise:	RMB 1   ; Noise
                                _music_vol1:	RMB 1   ; Volume A
                                _music_vol2:	RMB 1   ; Volume B
                                _music_vol3:	RMB 1   ; Volume C
                                    ENDI
                                    IF DEFINED intybasic_music_ecs
                                _music_i5:  RMB 1       ; Instrument 5
                                _music_s5:  RMB 1       ; Sample pointer 5
                                _music_n5:  RMB 1       ; Note 5
                                _music_i6:  RMB 1       ; Instrument 6
                                _music_s6:  RMB 1       ; Sample pointer 6
                                _music_n6:  RMB 1       ; Note 6
                                _music_i7:  RMB 1       ; Instrument 7
                                _music_s7:  RMB 1       ; Sample pointer 7
                                _music_n7:  RMB 1       ; Note 7
                                _music_s8:  RMB 1       ; Sample pointer 8
                                _music_n8:  RMB 1       ; Note 8 (really it's drum)

                                _music2_freq10:	RMB 1   ; Low byte frequency A
                                _music2_freq20:	RMB 1   ; Low byte frequency B
                                _music2_freq30:	RMB 1   ; Low byte frequency C
                                _music2_freq11:	RMB 1   ; High byte frequency A
                                _music2_freq21:	RMB 1   ; High byte frequency B
                                _music2_freq31:	RMB 1   ; High byte frequency C
                                _music2_mix:	RMB 1   ; Mixer
                                _music2_noise:	RMB 1   ; Noise
                                _music2_vol1:	RMB 1   ; Volume A
                                _music2_vol2:	RMB 1   ; Volume B
                                _music2_vol3:	RMB 1   ; Volume C
                                    ENDI
                                    IF DEFINED intybasic_music_volume
                                _music_vol:	RMB 1	; Global music volume
                                    ENDI
                                    IF DEFINED intybasic_voice
                                IV.QH:     RMB 1    ; IV_xxx	8-bit	   Voice queue head
                                IV.QT:     RMB 1    ; IV_xxx	8-bit	   Voice queue tail
                                IV.FLEN:   RMB 1    ; IV_xxx	8-bit	   Length of FIFO data
                                    ENDI


0x112                           var_AC_I:	RMB 1	; AC_I
0x113                           var_AK_APP:	RMB 1	; AK_APP
0x114                           var_AK_CREATOR_HI:	RMB 1	; AK_CREATOR_HI
0x115                           var_AK_CREATOR_LO:	RMB 1	; AK_CREATOR_LO
0x116                           var_AK_KEY:	RMB 1	; AK_KEY
0x117                           var_AK_MODE:	RMB 1	; AK_MODE
0x118                           var_AK_TRY:	RMB 1	; AK_TRY
0x119                           var_CARD:	RMB 1	; CARD
0x11A                           var_CONV_IN:	RMB 1	; CONV_IN
0x11B                           var_CONV_OUT:	RMB 1	; CONV_OUT
0x11C                           var_DEAL_COUNT:	RMB 1	; DEAL_COUNT
0x11D                           var_DF_C:	RMB 1	; DF_C
0x11E                           var_DF_I:	RMB 1	; DF_I
0x11F                           var_DF_LEN:	RMB 1	; DF_LEN
0x120                           var_DF_POS:	RMB 1	; DF_POS
0x121                           var_DF_STOP:	RMB 1	; DF_STOP
0x122                           var_FIRST_POLL:	RMB 1	; FIRST_POLL
0x123                           var_FN_I:	RMB 1	; FN_I
0x124                           var_FN_LEN:	RMB 1	; FN_LEN
0x125                           var_FN_OK:	RMB 1	; FN_OK
0x126                           var_FORCE_REDRAW:	RMB 1	; FORCE_REDRAW
0x127                           var_GS_CHAR:	RMB 1	; GS_CHAR
0x128                           var_GS_I:	RMB 1	; GS_I
0x129                           var_GS_J:	RMB 1	; GS_J
0x12A                           var_GS_PATH:	RMB 1	; GS_PATH
0x12B                           var_HAS_MOVE:	RMB 1	; HAS_MOVE
0x12C                           var_IM_SEL:	RMB 1	; IM_SEL
0x12D                           var_INP_BTN:	RMB 1	; INP_BTN
0x12E                           var_INP_BTN_HIT:	RMB 1	; INP_BTN_HIT
0x12F                           var_INP_BTN_PREV:	RMB 1	; INP_BTN_PREV
0x130                           var_INP_DIR:	RMB 1	; INP_DIR
0x131                           var_INP_ISKEY:	RMB 1	; INP_ISKEY
0x132                           var_INP_KEY:	RMB 1	; INP_KEY
0x133                           var_INP_KEY_HIT:	RMB 1	; INP_KEY_HIT
0x134                           var_INP_KEY_PREV:	RMB 1	; INP_KEY_PREV
0x135                           var_INP_LOCK:	RMB 1	; INP_LOCK
0x136                           var_INP_NEW:	RMB 1	; INP_NEW
0x137                           var_INP_RAW:	RMB 1	; INP_RAW
0x138                           var_INP_ROW:	RMB 1	; INP_ROW
0x139                           var_INP_SEEN:	RMB 1	; INP_SEEN
0x13A                           var_INP_SETTLE:	RMB 1	; INP_SETTLE
0x13B                           var_LS_MAX:	RMB 1	; LS_MAX
0x13C                           var_MB_CMD:	RMB 1	; MB_CMD
0x13D                           var_MB_DEV:	RMB 1	; MB_DEV
0x13E                           var_MB_ERR:	RMB 1	; MB_ERR
0x13F                           var_MB_NPARAM:	RMB 1	; MB_NPARAM
0x140                           var_MB_SEQ:	RMB 1	; MB_SEQ
0x141                           var_MVCODE_A:	RMB 1	; MVCODE_A
0x142                           var_MVCODE_B:	RMB 1	; MVCODE_B
0x143                           var_MV_COUNT:	RMB 1	; MV_COUNT
0x144                           var_MV_FRAMECOUNT:	RMB 1	; MV_FRAMECOUNT
0x145                           var_MV_GAP:	RMB 1	; MV_GAP
0x146                           var_MV_LEN:	RMB 1	; MV_LEN
0x147                           var_MV_SEL:	RMB 1	; MV_SEL
0x148                           var_MV_TIMELEFT:	RMB 1	; MV_TIMELEFT
0x149                           var_NET_ERR:	RMB 1	; NET_ERR
0x14A                           var_NE_CUR:	RMB 1	; NE_CUR
0x14B                           var_NE_I:	RMB 1	; NE_I
0x14C                           var_NE_J:	RMB 1	; NE_J
0x14D                           var_NE_LEN:	RMB 1	; NE_LEN
0x14E                           var_P:	RMB 1	; P
0x14F                           var_PM_I:	RMB 1	; PM_I
0x150                           var_PM_SIZE:	RMB 1	; PM_SIZE
0x151                           var_POLL_WAIT:	RMB 1	; POLL_WAIT
0x152                           var_PREV_COMMUNITY:	RMB 1	; PREV_COMMUNITY
0x153                           var_PREV_PLAYERCOUNT:	RMB 1	; PREV_PLAYERCOUNT
0x154                           var_PREV_ROUND:	RMB 1	; PREV_ROUND
0x155                           var_ROUND:	RMB 1	; ROUND
0x156                           var_SEL_I:	RMB 1	; SEL_I
0x157                           var_SEL_SEAT:	RMB 1	; SEL_SEAT
0x158                           var_SND_GATE:	RMB 1	; SND_GATE
0x159                           var_SND_I:	RMB 1	; SND_I
0x15A                           var_SND_POST:	RMB 1	; SND_POST
0x15B                           var_SP_C:	RMB 1	; SP_C
0x15C                           var_SP_FOUND:	RMB 1	; SP_FOUND
0x15D                           var_SP_I:	RMB 1	; SP_I
0x15E                           var_SP_J:	RMB 1	; SP_J
0x15F                           var_SP_K:	RMB 1	; SP_K
0x160                           var_SP_M:	RMB 1	; SP_M
0x161                           var_SP_OK:	RMB 1	; SP_OK
0x162                           var_SP_VALID:	RMB 1	; SP_VALID
0x163                           var_STREET_REDRAW:	RMB 1	; STREET_REDRAW
0x164                           var_SUIT:	RMB 1	; SUIT
0x165                           var_TBL_COUNT:	RMB 1	; TBL_COUNT
0x166                           var_TBL_SEL:	RMB 1	; TBL_SEL
0x167                           var_TMP_PC:	RMB 1	; TMP_PC
0x168                           var_WANT_LEAVE:	RMB 1	; WANT_LEAVE
0x169                           array_MV_COL:	RMB 5	; MV_COL
0x16E                           array_NE_BUF:	RMB 8	; NE_BUF
0x176                           array_PREV_BET:	RMB 8	; PREV_BET
0x17E                           array_PREV_CARDS:	RMB 8	; PREV_CARDS
0x186                           _SCRATCH:	EQU $

0x2F0                           SYSTEM:	ORG $2F0, $2F0, "-RWBN"
0x2F0                           STACK:	RMB 24
0x308                           var_&AC_PREV:	RMB 1	; #AC_PREV
0x309                           var_&COL:	RMB 1	; #COL
0x30A                           var_&DF_COLOR:	RMB 1	; #DF_COLOR
0x30B                           var_&DF_SRC:	RMB 1	; #DF_SRC
0x30C                           var_&FN_SRC:	RMB 1	; #FN_SRC
0x30D                           var_&FN_T:	RMB 1	; #FN_T
0x30E                           var_&FN_TXLEN:	RMB 1	; #FN_TXLEN
0x30F                           var_&GS_C:	RMB 1	; #GS_C
0x310                           var_&NET_AVAIL:	RMB 1	; #NET_AVAIL
0x311                           var_&NET_GOTLEN:	RMB 1	; #NET_GOTLEN
0x312                           var_&NET_READLEN:	RMB 1	; #NET_READLEN
0x313                           var_&PM_VAL:	RMB 1	; #PM_VAL
0x314                           var_&PREV_POT:	RMB 1	; #PREV_POT
0x315                           var_&PREV_PURSE:	RMB 1	; #PREV_PURSE
0x316                           var_&PREV_RESULT_HASH:	RMB 1	; #PREV_RESULT_HASH
0x317                           var_&SND_VAL:	RMB 1	; #SND_VAL
0x318                           var_&TMP_ADDR:	RMB 1	; #TMP_ADDR
0x319                           var_&TMP_EXPECT:	RMB 1	; #TMP_EXPECT
0x31A                           var_&TMP_HASH:	RMB 1	; #TMP_HASH
0x31B                           var_&TMP_NUM:	RMB 1	; #TMP_NUM
0x31C                           _SYSTEM:	EQU $
 ERROR SUMMARY - ERRORS DETECTED 0
               -  WARNINGS       0
